Date Time,Open,High,Low,Close,Volume,Adj Close
2010-01-04 00:00:00,7.10,7.23,7.02,7.12,96585.12,7.12
2010-01-05 00:00:00,7.12,7.23,7.01,7.23,102288.04,7.23
2010-01-06 00:00:00,7.18,7.35,7.08,7.09,108285.38,7.09
2010-01-07 00:00:00,7.07,7.11,6.75,6.83,125704.18,6.83
2010-01-08 00:00:00,6.80,6.89,6.68,6.88,66120.50,6.88
2010-01-11 00:00:00,6.88,6.95,6.72,6.84,58574.21,6.84
2010-01-12 00:00:00,6.82,6.97,6.82,6.97,73625.67,6.97
2010-01-13 00:00:00,6.84,6.94,6.74,6.78,71548.34,6.78
2010-01-14 00:00:00,6.81,7.05,6.76,7.05,86524.09,7.05
2010-01-15 00:00:00,7.10,7.17,7.01,7.06,76450.84,7.06
2010-01-18 00:00:00,7.04,7.20,7.02,7.18,82429.04,7.18
2010-01-19 00:00:00,7.13,7.32,7.08,7.29,115406.16,7.29
2010-01-20 00:00:00,7.28,7.28,6.91,6.97,113071.93,6.97
2010-01-21 00:00:00,6.97,7.05,6.85,7.00,55068.52,7.00
2010-01-22 00:00:00,6.90,6.93,6.56,6.72,68800.76,6.72
2010-01-25 00:00:00,6.70,6.80,6.65,6.70,30287.76,6.70
2010-01-26 00:00:00,6.71,6.75,6.29,6.36,58217.47,6.36
2010-01-27 00:00:00,6.39,6.41,6.19,6.25,32704.63,6.25
2010-01-28 00:00:00,6.26,6.37,6.23,6.34,20512.39,6.34
2010-01-29 00:00:00,6.35,6.47,6.30,6.35,32170.73,6.35
2010-02-01 00:00:00,6.36,6.36,6.16,6.28,33752.91,6.28
2010-02-02 00:00:00,6.31,6.40,6.25,6.27,28949.16,6.27
2010-02-03 00:00:00,6.31,6.41,6.03,6.40,45368.63,6.40
2010-02-04 00:00:00,6.35,6.53,6.28,6.44,45415.65,6.44
2010-02-05 00:00:00,6.35,6.49,6.26,6.36,40007.20,6.36
2010-02-08 00:00:00,6.36,6.45,6.35,6.41,24191.82,6.41
2010-02-09 00:00:00,6.41,6.50,6.38,6.49,33421.52,6.49
2010-02-10 00:00:00,6.50,6.53,6.44,6.53,26937.39,6.53
2010-02-11 00:00:00,6.52,6.55,6.47,6.48,20184.74,6.48
2010-02-12 00:00:00,6.50,6.52,6.48,6.49,23878.18,6.49
2010-02-22 00:00:00,6.45,6.57,6.43,6.50,26124.43,6.50
2010-02-23 00:00:00,6.50,6.63,6.36,6.61,54154.90,6.61
2010-02-24 00:00:00,6.60,6.74,6.55,6.73,59321.68,6.73
2010-02-25 00:00:00,6.72,6.82,6.71,6.80,63950.07,6.80
2010-02-26 00:00:00,6.82,6.88,6.76,6.78,53003.99,6.78
2010-03-01 00:00:00,6.76,6.97,6.76,6.92,63546.81,6.92
2010-03-02 00:00:00,6.92,7.22,6.83,7.13,110261.83,7.13
2010-03-03 00:00:00,7.05,7.20,7.05,7.11,94197.24,7.11
2010-03-04 00:00:00,7.11,7.17,6.73,6.76,87198.16,6.76
2010-03-05 00:00:00,6.79,6.92,6.70,6.85,45960.08,6.85
2010-03-08 00:00:00,6.82,6.96,6.82,6.94,42909.00,6.94
2010-03-09 00:00:00,6.94,6.98,6.84,6.95,42956.83,6.95
2010-03-10 00:00:00,6.96,7.00,6.80,6.86,42042.50,6.86
2010-03-11 00:00:00,6.86,6.91,6.76,6.90,33137.88,6.90
2010-03-12 00:00:00,6.91,6.91,6.68,6.68,39744.11,6.68
2010-03-15 00:00:00,6.69,6.73,6.53,6.56,28897.49,6.56
2010-03-16 00:00:00,6.57,6.69,6.56,6.69,22297.52,6.69
2010-03-17 00:00:00,6.69,6.90,6.69,6.89,53766.15,6.89
2010-03-18 00:00:00,6.94,7.06,6.88,7.04,108257.34,7.04
2010-03-19 00:00:00,7.03,7.26,6.93,7.17,153351.01,7.17
2010-03-22 00:00:00,7.21,7.56,7.18,7.38,249347.50,7.38
2010-03-23 00:00:00,7.35,7.46,7.21,7.29,112431.42,7.29
2010-03-24 00:00:00,7.29,7.98,7.25,7.72,291840.30,7.72
2010-03-25 00:00:00,7.61,7.84,7.41,7.69,189277.99,7.69
2010-03-26 00:00:00,7.60,7.95,7.60,7.78,266557.95,7.78
2010-03-29 00:00:00,7.76,7.94,7.65,7.80,213617.85,7.80
2010-03-30 00:00:00,7.80,7.95,7.61,7.62,211599.53,7.62
2010-03-31 00:00:00,7.53,7.66,7.40,7.63,154674.64,7.63
2010-04-01 00:00:00,7.60,7.83,7.55,7.74,174169.21,7.74
2010-04-02 00:00:00,7.72,7.73,7.57,7.64,84113.86,7.64
2010-04-06 00:00:00,7.63,7.70,7.51,7.70,90686.69,7.70
2010-04-07 00:00:00,7.70,7.93,7.64,7.84,164312.20,7.84
2010-04-08 00:00:00,7.78,7.86,7.68,7.68,82873.28,7.68
2010-04-09 00:00:00,7.70,8.12,7.70,8.03,185878.35,8.03
2010-04-12 00:00:00,8.14,8.14,7.85,8.02,163818.31,8.02
2010-04-13 00:00:00,7.98,8.00,7.43,7.71,142918.11,7.71
2010-04-14 00:00:00,7.71,7.82,7.56,7.75,64682.07,7.75
2010-04-15 00:00:00,7.77,7.80,7.50,7.52,81461.07,7.52
2010-04-16 00:00:00,7.53,7.70,7.48,7.62,46253.99,7.62
2010-04-19 00:00:00,7.56,7.68,7.25,7.29,78309.27,7.29
2010-04-20 00:00:00,7.28,7.45,7.18,7.44,72677.08,7.44
2010-04-21 00:00:00,7.49,7.84,7.40,7.80,112520.84,7.80
2010-04-22 00:00:00,7.73,7.94,7.72,7.88,106778.29,7.88
2010-04-23 00:00:00,7.89,8.08,7.85,7.97,145006.59,7.97
2010-04-26 00:00:00,7.97,8.06,7.82,7.94,146526.02,7.94
2010-04-27 00:00:00,7.94,7.94,7.33,7.65,92500.24,7.65
2010-04-28 00:00:00,7.41,7.53,7.30,7.38,82606.61,7.38
2010-04-29 00:00:00,7.40,7.43,6.85,6.89,149326.72,6.89
2010-04-30 00:00:00,6.95,6.95,6.35,6.54,73284.78,6.54
2010-05-04 00:00:00,6.40,6.68,6.36,6.62,44037.55,6.62
2010-05-05 00:00:00,6.55,6.89,6.50,6.87,54680.66,6.87
2010-05-06 00:00:00,6.85,7.05,6.73,6.75,79658.89,6.75
2010-05-07 00:00:00,6.65,6.80,6.48,6.70,54266.12,6.70
2010-05-10 00:00:00,6.72,6.74,6.26,6.46,50251.72,6.46
2010-05-11 00:00:00,6.61,6.67,6.11,6.17,46879.00,6.17
2010-05-12 00:00:00,6.16,6.31,5.94,6.11,41378.36,6.11
2010-05-13 00:00:00,6.10,6.28,6.01,6.28,44755.62,6.28
2010-05-14 00:00:00,6.20,6.31,6.16,6.21,36532.93,6.21
2010-05-17 00:00:00,6.14,6.15,5.73,5.74,44597.44,5.74
2010-05-18 00:00:00,5.70,5.83,5.49,5.82,108051.00,5.82
2010-05-19 00:00:00,5.71,5.80,5.55,5.68,63920.06,5.68
2010-05-20 00:00:00,5.57,5.75,5.45,5.51,41778.47,5.51
2010-05-21 00:00:00,5.31,5.56,5.21,5.56,49492.14,5.56
2010-05-25 00:00:00,5.85,6.12,5.79,6.12,254041.76,6.12
2010-05-26 00:00:00,6.08,6.16,5.92,6.14,181677.31,6.14
2010-05-27 00:00:00,6.06,6.24,5.90,6.16,116537.94,6.16
2010-05-28 00:00:00,6.17,6.22,6.04,6.10,81226.06,6.10
2010-05-31 00:00:00,6.06,6.08,5.91,5.91,65205.47,5.91
2010-06-01 00:00:00,5.82,5.86,5.58,5.70,54568.02,5.70
2010-06-02 00:00:00,5.69,5.97,5.63,5.92,53504.92,5.92
2010-06-03 00:00:00,5.93,5.97,5.77,5.77,46223.02,5.77
2010-06-04 00:00:00,5.72,5.83,5.69,5.83,27922.75,5.83
2010-06-07 00:00:00,5.65,5.76,5.61,5.71,33316.20,5.71
2010-06-08 00:00:00,5.69,5.91,5.69,5.83,41190.55,5.83
2010-06-09 00:00:00,5.87,6.02,5.80,6.00,56516.19,6.00
2010-06-10 00:00:00,5.97,6.09,5.93,6.05,58470.31,6.05
2010-06-11 00:00:00,6.06,6.07,5.95,5.96,35774.70,5.96
2010-06-18 00:00:00,5.89,5.94,5.60,5.66,39749.05,5.66
2010-06-21 00:00:00,5.69,5.87,5.66,5.86,26293.69,5.86
2010-06-22 00:00:00,5.87,5.97,5.85,5.93,28994.24,5.93
2010-06-23 00:00:00,5.89,5.96,5.79,5.96,30663.74,5.96
2010-06-24 00:00:00,5.91,6.02,5.89,6.00,32155.02,6.00
2010-06-25 00:00:00,5.98,6.04,5.85,5.88,30257.09,5.88
2010-06-28 00:00:00,5.83,5.87,5.73,5.75,19021.20,5.75
2010-06-29 00:00:00,5.72,5.78,5.40,5.40,30804.19,5.40
2010-06-30 00:00:00,5.32,5.38,5.21,5.23,22835.74,5.23
2010-07-01 00:00:00,5.28,5.31,5.16,5.18,15891.04,5.18
2010-07-02 00:00:00,5.18,5.23,4.91,5.21,27955.28,5.21
2010-07-05 00:00:00,5.14,5.21,5.08,5.14,16511.20,5.14
2010-07-06 00:00:00,5.11,5.30,5.11,5.27,20249.12,5.27
2010-07-07 00:00:00,5.27,5.37,5.25,5.36,21228.77,5.36
2010-07-08 00:00:00,5.35,5.43,5.29,5.34,21617.75,5.34
2010-07-09 00:00:00,5.34,5.52,5.29,5.48,34383.06,5.48
2010-07-12 00:00:00,5.50,5.56,5.44,5.53,28481.11,5.53
2010-07-13 00:00:00,5.50,5.50,5.30,5.39,29458.29,5.39
2010-07-14 00:00:00,5.45,5.52,5.41,5.45,26745.29,5.45
2010-07-15 00:00:00,5.40,5.51,5.32,5.35,28543.39,5.35
2010-07-16 00:00:00,5.30,5.42,5.15,5.38,26527.08,5.38
2010-07-19 00:00:00,5.26,5.54,5.26,5.52,30321.06,5.52
2010-07-20 00:00:00,5.54,5.71,5.50,5.69,54008.56,5.69
2010-07-21 00:00:00,5.67,5.72,5.60,5.64,41082.68,5.64
2010-07-22 00:00:00,5.60,5.73,5.59,5.73,32976.36,5.73
2010-07-23 00:00:00,5.71,5.74,5.63,5.70,29216.47,5.70
2010-07-26 00:00:00,5.69,5.80,5.67,5.78,40405.33,5.78
2010-07-27 00:00:00,5.79,5.80,5.72,5.75,31138.08,5.75
2010-07-28 00:00:00,5.75,5.99,5.70,5.91,87870.01,5.91
2010-07-29 00:00:00,5.91,5.99,5.80,5.91,65722.58,5.91
2010-07-30 00:00:00,5.89,5.96,5.82,5.90,40532.34,5.90
2010-08-02 00:00:00,5.90,6.34,5.88,6.19,154831.80,6.19
2010-08-03 00:00:00,6.15,6.16,5.99,5.99,62773.28,5.99
2010-08-04 00:00:00,5.95,6.11,5.88,6.11,42866.50,6.11
2010-08-05 00:00:00,6.10,6.30,6.07,6.25,98045.64,6.25
2010-08-06 00:00:00,6.25,6.37,6.17,6.28,85153.12,6.28
2010-08-09 00:00:00,6.26,6.27,6.15,6.27,103428.10,6.27
2010-08-10 00:00:00,6.25,6.26,5.95,5.95,62111.89,5.95
2010-08-11 00:00:00,5.92,6.03,5.91,5.99,41332.47,5.99
2010-08-12 00:00:00,5.94,6.02,5.80,5.83,45799.31,5.83
2010-08-13 00:00:00,5.84,5.97,5.82,5.95,35370.01,5.95
2010-08-16 00:00:00,5.96,6.12,5.95,6.12,51993.43,6.12
2010-08-17 00:00:00,6.10,6.17,6.07,6.15,61747.02,6.15
2010-08-18 00:00:00,6.15,6.20,6.08,6.19,70870.87,6.19
2010-08-19 00:00:00,6.20,6.22,6.12,6.18,58838.48,6.18
2010-08-20 00:00:00,6.16,6.18,5.97,5.97,50532.77,5.97
2010-08-23 00:00:00,5.98,6.12,5.97,6.09,47041.69,6.09
2010-08-24 00:00:00,6.09,6.24,6.02,6.20,76611.31,6.20
2010-08-25 00:00:00,6.21,6.33,6.09,6.09,105575.01,6.09
2010-08-26 00:00:00,6.10,6.16,6.02,6.13,42867.37,6.13
2010-08-27 00:00:00,6.15,6.34,6.09,6.33,153269.18,6.33
2010-08-30 00:00:00,6.39,6.44,6.27,6.43,138439.58,6.43
2010-08-31 00:00:00,6.37,6.58,6.28,6.56,157241.85,6.56
2010-09-01 00:00:00,6.52,6.63,6.30,6.43,100920.14,6.43
2010-09-02 00:00:00,6.49,6.70,6.40,6.60,129153.73,6.60
2010-09-03 00:00:00,6.60,6.66,6.39,6.54,107579.23,6.54
2010-09-06 00:00:00,6.55,6.62,6.45,6.58,92827.81,6.58
2010-09-07 00:00:00,6.60,6.60,6.46,6.58,65450.62,6.58
2010-09-08 00:00:00,6.59,6.74,6.56,6.65,82476.44,6.65
2010-09-09 00:00:00,6.65,6.65,6.38,6.39,86207.39,6.39
2010-09-10 00:00:00,6.39,6.52,6.27,6.49,75595.96,6.49
2010-09-13 00:00:00,6.49,6.65,6.45,6.62,70435.70,6.62
2010-09-14 00:00:00,6.61,6.69,6.55,6.69,80543.92,6.69
2010-09-15 00:00:00,6.77,6.77,6.46,6.50,77506.67,6.50
2010-09-16 00:00:00,6.50,6.57,6.20,6.33,57794.19,6.33
2010-09-17 00:00:00,6.33,6.39,6.25,6.34,35210.72,6.34
2010-09-20 00:00:00,6.34,6.37,6.13,6.18,36044.60,6.18
2010-09-21 00:00:00,6.20,6.28,6.11,6.18,23880.65,6.18
2010-09-27 00:00:00,6.18,6.32,6.18,6.31,31718.61,6.31
2010-09-28 00:00:00,6.31,6.33,6.20,6.20,27999.58,6.20
2010-09-29 00:00:00,6.19,6.25,6.17,6.20,25238.55,6.20
2010-09-30 00:00:00,6.18,6.30,6.15,6.28,33899.94,6.28
2010-10-08 00:00:00,6.30,6.45,6.30,6.45,46249.09,6.45
2010-10-11 00:00:00,6.47,6.56,6.42,6.51,59092.88,6.51
2010-10-12 00:00:00,6.49,6.65,6.47,6.53,57818.53,6.53
2010-10-13 00:00:00,6.53,6.67,6.49,6.63,80803.03,6.63
2010-10-14 00:00:00,6.63,6.63,6.20,6.24,78456.12,6.24
2010-10-15 00:00:00,6.26,6.37,6.16,6.23,62770.70,6.23
2010-10-19 00:00:00,6.25,6.49,6.21,6.48,66454.42,6.48
2010-10-20 00:00:00,6.36,6.57,6.34,6.48,72748.81,6.48
2010-10-21 00:00:00,6.49,6.79,6.44,6.68,164203.85,6.68
2010-10-22 00:00:00,6.68,6.85,6.58,6.78,155411.85,6.78
2010-10-25 00:00:00,6.75,6.83,6.67,6.76,111097.87,6.76
2010-10-26 00:00:00,6.75,6.82,6.60,6.69,113807.70,6.69
2010-10-27 00:00:00,6.67,6.75,6.60,6.61,75251.73,6.61
2010-10-28 00:00:00,6.61,6.72,6.57,6.69,58416.56,6.69
2010-10-29 00:00:00,6.77,7.14,6.77,6.85,181185.52,6.85
2010-11-01 00:00:00,6.90,7.07,6.84,7.00,134056.37,7.00
2010-11-02 00:00:00,7.06,7.26,6.95,6.97,163025.39,6.97
2010-11-03 00:00:00,6.98,7.10,6.87,7.00,87288.50,7.00
2010-11-04 00:00:00,6.97,7.04,6.91,7.03,84997.12,7.03
2010-11-05 00:00:00,7.05,7.08,6.94,6.98,96471.49,6.98
2010-11-08 00:00:00,7.02,7.22,6.99,7.20,110749.18,7.20
2010-11-09 00:00:00,7.18,7.23,7.04,7.15,85566.67,7.15
2010-11-10 00:00:00,7.11,7.23,7.09,7.21,93292.03,7.21
2010-11-11 00:00:00,7.23,7.32,7.09,7.09,118571.39,7.09
2010-11-12 00:00:00,7.08,7.13,6.51,6.61,132806.86,6.61
2010-11-15 00:00:00,6.67,6.76,6.60,6.76,61685.69,6.76
2010-11-16 00:00:00,6.76,6.89,6.50,6.65,77542.75,6.65
2010-11-17 00:00:00,6.65,6.75,6.45,6.51,51333.18,6.51
2010-11-18 00:00:00,6.56,6.63,6.38,6.50,47981.54,6.50
2010-11-19 00:00:00,6.51,6.60,6.41,6.60,47425.06,6.60
2010-11-22 00:00:00,6.60,6.78,6.55,6.69,72579.49,6.69
2010-11-23 00:00:00,6.68,6.68,6.45,6.55,52139.38,6.55
2010-11-24 00:00:00,6.50,6.71,6.50,6.71,43824.16,6.71
2010-11-25 00:00:00,6.73,6.93,6.72,6.87,70072.97,6.87
2010-11-26 00:00:00,6.84,6.86,6.73,6.80,48178.62,6.80
2010-11-29 00:00:00,6.81,6.87,6.68,6.82,45197.92,6.82
2010-11-30 00:00:00,6.82,6.88,6.44,6.64,73081.25,6.64
2010-12-01 00:00:00,6.59,6.76,6.53,6.75,40003.47,6.75
2010-12-02 00:00:00,6.80,6.96,6.76,6.94,103767.71,6.94
2010-12-03 00:00:00,6.90,6.94,6.84,6.90,50590.87,6.90
2010-12-06 00:00:00,6.90,7.08,6.85,7.01,97431.99,7.01
2010-12-07 00:00:00,6.96,7.27,6.88,7.22,193521.06,7.22
2010-12-08 00:00:00,7.19,7.22,7.04,7.06,106006.76,7.06
2010-12-09 00:00:00,7.02,7.05,6.78,6.85,87911.02,6.85
2010-12-10 00:00:00,6.86,7.09,6.81,7.05,81713.55,7.05
2010-12-13 00:00:00,7.15,7.42,7.10,7.32,173548.73,7.32
2010-12-14 00:00:00,7.30,7.97,7.30,7.81,341290.31,7.81
2010-12-15 00:00:00,7.62,7.85,7.52,7.60,243544.73,7.60
2010-12-16 00:00:00,7.60,7.68,7.46,7.65,126124.57,7.65
2010-12-17 00:00:00,7.64,7.69,7.45,7.51,78826.53,7.51
2010-12-20 00:00:00,7.55,7.56,7.10,7.28,100622.86,7.28
2010-12-21 00:00:00,7.35,7.54,7.21,7.50,71705.67,7.50
2010-12-22 00:00:00,7.55,7.57,7.36,7.46,75696.76,7.46
2010-12-23 00:00:00,7.40,7.45,7.25,7.25,48166.92,7.25
2010-12-24 00:00:00,7.20,7.24,7.01,7.09,58161.45,7.09
2010-12-27 00:00:00,7.14,7.25,6.87,6.93,65988.23,6.93
2010-12-28 00:00:00,6.91,6.98,6.80,6.83,50573.40,6.83
2010-12-29 00:00:00,6.85,7.00,6.80,6.99,37037.49,6.99
2010-12-30 00:00:00,7.00,7.17,6.91,7.12,53125.75,7.12
2010-12-31 00:00:00,7.11,7.25,7.01,7.22,52293.00,7.22
2011-01-04 00:00:00,7.24,7.43,7.22,7.32,64630.36,7.32
2011-01-05 00:00:00,7.32,7.42,7.24,7.38,57613.54,7.38
2011-01-06 00:00:00,7.36,7.37,7.22,7.26,40143.08,7.26
2011-01-07 00:00:00,7.23,7.43,7.16,7.29,67302.42,7.29
2011-01-10 00:00:00,7.28,7.53,7.23,7.39,83323.34,7.39
2011-01-11 00:00:00,7.35,7.64,7.34,7.57,104251.39,7.57
2011-01-12 00:00:00,7.56,7.65,7.43,7.54,54313.28,7.54
2011-01-13 00:00:00,7.56,7.57,7.31,7.37,70776.36,7.37
2011-01-14 00:00:00,7.34,7.34,7.07,7.22,59049.29,7.22
2011-01-17 00:00:00,7.13,7.20,7.01,7.07,45556.60,7.07
2011-01-18 00:00:00,7.07,7.22,7.06,7.22,31410.34,7.22
2011-01-19 00:00:00,7.20,7.45,7.17,7.45,72804.27,7.45
2011-01-20 00:00:00,7.45,7.59,7.25,7.30,84501.06,7.30
2011-01-21 00:00:00,7.36,7.79,7.26,7.69,161752.02,7.69
2011-01-24 00:00:00,7.69,7.85,7.52,7.62,123904.56,7.62
2011-01-25 00:00:00,7.56,7.64,7.01,7.10,110343.69,7.10
2011-01-26 00:00:00,7.17,7.66,7.13,7.61,120733.91,7.61
2011-01-27 00:00:00,7.53,7.85,7.47,7.83,168569.63,7.83
2011-01-28 00:00:00,7.89,8.00,7.65,7.73,122618.18,7.73
2011-01-31 00:00:00,7.76,8.23,7.75,8.18,209299.33,8.18
2011-02-01 00:00:00,8.10,8.35,7.96,8.22,160757.47,8.22
2011-02-09 00:00:00,8.09,8.53,8.09,8.48,175381.47,8.48
2011-02-10 00:00:00,8.30,8.68,8.25,8.54,177537.90,8.54
2011-02-11 00:00:00,8.50,8.60,8.30,8.32,165956.75,8.32
2011-02-14 00:00:00,8.25,8.37,8.10,8.28,192531.10,8.28
2011-02-15 00:00:00,8.23,8.95,8.23,8.69,252568.46,8.69
2011-02-16 00:00:00,8.72,9.02,8.64,8.83,179096.78,8.83
2011-02-17 00:00:00,8.82,8.98,8.59,8.83,146027.62,8.83
2011-02-18 00:00:00,8.78,8.82,8.50,8.52,111178.10,8.52
2011-02-21 00:00:00,8.44,9.25,8.42,9.12,179722.49,9.12
2011-02-22 00:00:00,9.12,9.27,8.88,8.94,183421.44,8.94
2011-02-23 00:00:00,8.95,9.44,8.94,9.11,180005.37,9.11
2011-02-24 00:00:00,9.05,9.10,8.81,9.10,123505.31,9.10
2011-02-25 00:00:00,9.09,9.12,8.86,8.98,72986.65,8.98
2011-02-28 00:00:00,9.04,9.24,8.75,9.15,116917.22,9.15
2011-03-01 00:00:00,9.14,9.52,9.07,9.33,144829.17,9.33
2011-03-02 00:00:00,9.31,9.41,9.06,9.18,99758.87,9.18
2011-03-03 00:00:00,9.27,9.50,8.76,8.79,168227.90,8.79
2011-03-04 00:00:00,8.79,9.06,8.79,8.94,90525.89,8.94
2011-03-07 00:00:00,9.00,9.28,8.88,9.28,109671.86,9.28
2011-03-08 00:00:00,9.19,9.35,9.13,9.24,86093.94,9.24
2011-03-09 00:00:00,9.22,9.28,8.93,9.03,92708.32,9.03
2011-03-10 00:00:00,9.04,9.05,8.70,8.81,107283.35,8.81
2011-03-11 00:00:00,8.75,9.02,8.70,8.82,67644.50,8.82
2011-03-14 00:00:00,8.79,8.96,8.76,8.85,54439.32,8.85
2011-03-15 00:00:00,8.83,9.24,8.77,9.21,152711.26,9.21
2011-03-16 00:00:00,9.20,9.30,9.10,9.24,96446.11,9.24
2011-03-17 00:00:00,9.13,9.28,8.76,8.77,122466.47,8.77
2011-03-18 00:00:00,8.82,8.93,8.55,8.90,106826.91,8.90
2011-03-21 00:00:00,8.84,8.84,8.67,8.75,49000.48,8.75
2011-03-22 00:00:00,8.74,8.80,8.49,8.75,64913.59,8.75
2011-03-23 00:00:00,8.68,8.84,8.62,8.80,41008.56,8.80
2011-03-24 00:00:00,8.81,9.07,8.70,8.84,79621.41,8.84
2011-03-25 00:00:00,8.89,8.97,8.80,8.91,58969.62,8.91
2011-03-28 00:00:00,8.95,9.20,8.87,9.08,94890.17,9.08
2011-03-29 00:00:00,9.12,9.25,8.96,9.10,100417.57,9.10
2011-03-30 00:00:00,9.09,9.09,8.73,8.85,63858.11,8.85
2011-03-31 00:00:00,8.85,8.85,8.53,8.54,52767.90,8.54
2011-04-01 00:00:00,8.61,8.70,8.54,8.67,20509.63,8.67
2011-04-06 00:00:00,8.57,8.93,8.57,8.84,44491.15,8.84
2011-04-07 00:00:00,8.83,8.93,8.74,8.83,36097.11,8.83
2011-04-08 00:00:00,8.86,8.86,8.71,8.85,37057.60,8.85
2011-04-11 00:00:00,8.80,8.92,8.77,8.79,42709.39,8.79
2011-04-12 00:00:00,8.71,8.75,8.56,8.60,53774.39,8.60
2011-04-13 00:00:00,8.59,8.70,8.52,8.70,40784.49,8.70
2011-04-14 00:00:00,8.68,8.72,8.51,8.56,53093.38,8.56
2011-04-15 00:00:00,8.52,8.52,8.23,8.32,82508.01,8.32
2011-04-18 00:00:00,8.35,8.37,8.15,8.35,51464.08,8.35
2011-04-19 00:00:00,8.30,8.48,8.28,8.35,47957.69,8.35
2011-04-20 00:00:00,8.32,8.46,8.30,8.33,42034.21,8.33
2011-04-21 00:00:00,8.35,8.54,8.33,8.54,54727.07,8.54
2011-04-22 00:00:00,8.60,8.84,8.59,8.65,102489.47,8.65
2011-04-25 00:00:00,8.54,8.57,8.20,8.20,61938.29,8.20
2011-04-26 00:00:00,8.10,8.11,7.64,7.65,93737.87,7.65
2011-04-27 00:00:00,7.71,7.85,7.52,7.54,37215.98,7.54
2011-04-28 00:00:00,7.56,7.72,7.47,7.58,35642.69,7.58
2011-04-29 00:00:00,7.63,8.00,7.54,7.81,38999.16,7.81
2011-05-03 00:00:00,7.75,7.90,7.70,7.85,24771.27,7.85
2011-05-04 00:00:00,7.87,7.87,7.54,7.59,28130.58,7.59
2011-05-05 00:00:00,7.60,7.69,7.55,7.65,19700.56,7.65
2011-05-06 00:00:00,7.59,7.73,7.52,7.66,16277.12,7.66
2011-05-09 00:00:00,7.64,7.76,7.62,7.74,22486.62,7.74
2011-05-10 00:00:00,7.75,7.79,7.69,7.77,24333.67,7.77
2011-05-11 00:00:00,7.73,7.87,7.64,7.86,31558.71,7.86
2011-05-12 00:00:00,7.76,7.84,7.68,7.72,27546.60,7.72
2011-05-13 00:00:00,7.71,7.77,7.65,7.77,25165.25,7.77
2011-05-16 00:00:00,7.75,7.85,7.75,7.81,25020.08,7.81
2011-05-17 00:00:00,7.80,7.84,7.72,7.75,25890.61,7.75
2011-05-18 00:00:00,7.75,7.82,7.66,7.81,23982.39,7.81
2011-05-19 00:00:00,7.81,8.05,7.79,7.86,47513.94,7.86
2011-05-20 00:00:00,7.88,7.94,7.60,7.82,46053.66,7.82
2011-05-24 00:00:00,7.41,7.51,7.27,7.45,35853.56,7.45
2011-05-25 00:00:00,7.41,7.54,7.27,7.30,21881.73,7.30
2011-05-26 00:00:00,7.32,7.44,7.26,7.28,20239.40,7.28
2011-05-27 00:00:00,7.28,7.32,6.88,7.07,47541.28,7.07
2011-05-30 00:00:00,7.08,7.08,6.88,6.91,16817.04,6.91
2011-05-31 00:00:00,6.94,7.03,6.80,7.00,17845.65,7.00
2011-06-01 00:00:00,6.93,7.06,6.93,7.05,14340.05,7.05
2011-06-02 00:00:00,7.00,7.00,6.77,6.91,19392.24,6.91
2011-06-03 00:00:00,6.84,7.02,6.84,6.99,13597.30,6.99
2011-06-07 00:00:00,6.98,7.04,6.93,7.03,13254.09,7.03
2011-06-08 00:00:00,7.03,7.14,6.95,7.14,20885.54,7.14
2011-06-09 00:00:00,7.12,7.13,6.97,6.98,12917.09,6.98
2011-06-10 00:00:00,6.98,7.02,6.84,6.97,11176.37,6.97
2011-06-13 00:00:00,6.92,6.99,6.87,6.96,9198.31,6.96
2011-06-14 00:00:00,6.95,7.10,6.93,7.07,15231.80,7.07
2011-06-15 00:00:00,7.09,7.10,7.00,7.00,12588.42,7.00
2011-06-16 00:00:00,7.00,7.00,6.79,6.80,16155.59,6.80
2011-06-20 00:00:00,6.68,6.68,6.27,6.30,39436.80,6.30
2011-06-21 00:00:00,6.31,6.36,6.30,6.36,16512.77,6.36
2011-06-22 00:00:00,6.36,6.37,6.30,6.33,11313.39,6.33
2011-06-23 00:00:00,6.31,6.53,6.19,6.48,20389.82,6.48
2011-06-24 00:00:00,6.44,6.75,6.42,6.68,32690.14,6.68
2011-06-27 00:00:00,6.66,6.95,6.66,6.89,28143.99,6.89
2011-06-28 00:00:00,6.86,6.90,6.74,6.87,15079.91,6.87
2011-06-29 00:00:00,6.87,6.97,6.72,6.73,13616.98,6.73
2011-06-30 00:00:00,6.71,6.91,6.71,6.85,14045.00,6.85
2011-07-01 00:00:00,6.90,6.95,6.82,6.86,16396.62,6.86
2011-07-04 00:00:00,6.90,7.05,6.86,7.03,25052.56,7.03
2011-07-05 00:00:00,7.05,7.05,6.96,7.02,21346.99,7.02
2011-07-06 00:00:00,7.02,7.18,6.90,7.18,51874.61,7.18
2011-07-07 00:00:00,7.19,7.23,7.09,7.09,36776.70,7.09
2011-07-08 00:00:00,7.13,7.13,6.94,7.02,20628.81,7.02
2011-07-11 00:00:00,6.97,7.30,6.90,7.22,34293.24,7.22
2011-07-12 00:00:00,7.13,7.14,7.06,7.08,21020.81,7.08
2011-07-13 00:00:00,7.04,7.23,7.04,7.18,17826.87,7.18
2011-07-14 00:00:00,7.16,7.38,7.16,7.32,37967.24,7.32
2011-07-15 00:00:00,7.30,7.42,7.23,7.26,32432.57,7.26
2011-07-18 00:00:00,7.25,7.34,7.25,7.28,19996.94,7.28
2011-07-19 00:00:00,7.25,7.25,7.10,7.13,22972.19,7.13
2011-07-20 00:00:00,7.13,7.23,7.06,7.14,15449.55,7.14
2011-07-21 00:00:00,7.14,7.19,7.02,7.03,19252.03,7.03
2011-07-22 00:00:00,7.02,7.08,6.98,7.00,15625.53,7.00
2011-07-25 00:00:00,6.99,7.00,6.56,6.70,41477.99,6.70
2011-07-26 00:00:00,6.67,6.72,6.64,6.71,13007.36,6.71
2011-07-27 00:00:00,6.68,6.80,6.65,6.78,14471.59,6.78
2011-07-28 00:00:00,6.75,6.75,6.65,6.66,13631.51,6.66
2011-07-29 00:00:00,6.66,6.70,6.55,6.61,20641.57,6.61
2011-08-01 00:00:00,6.64,6.75,6.57,6.68,14805.18,6.68
2011-08-02 00:00:00,6.63,6.76,6.45,6.71,19049.27,6.71
2011-08-03 00:00:00,6.63,6.75,6.61,6.70,18910.37,6.70
2011-08-04 00:00:00,6.70,6.82,6.69,6.72,25949.09,6.72
2011-08-05 00:00:00,6.55,6.58,6.43,6.48,22367.37,6.48
2011-08-08 00:00:00,6.45,6.45,5.88,6.01,31920.87,6.01
2011-08-09 00:00:00,5.73,6.04,5.71,5.99,24948.30,5.99
2011-08-10 00:00:00,6.06,6.14,6.03,6.04,23660.99,6.04
2011-08-11 00:00:00,5.86,6.14,5.85,6.12,18009.65,6.12
2011-08-12 00:00:00,6.15,6.32,6.14,6.24,24709.62,6.24
2011-08-15 00:00:00,6.22,6.39,6.22,6.36,24096.62,6.36
2011-08-16 00:00:00,6.38,6.40,6.25,6.26,16045.99,6.26
2011-08-17 00:00:00,6.26,6.33,6.22,6.26,16591.27,6.26
2011-08-18 00:00:00,6.25,6.30,6.11,6.13,12838.45,6.13
2011-08-19 00:00:00,6.00,6.09,5.96,6.04,16027.83,6.04
2011-08-24 00:00:00,6.17,6.28,6.11,6.15,23735.68,6.15
2011-08-25 00:00:00,6.11,6.53,6.11,6.46,41652.12,6.46
2011-08-26 00:00:00,6.40,6.60,6.35,6.46,27339.94,6.46
2011-08-29 00:00:00,6.41,6.44,6.32,6.34,13327.04,6.34
2011-08-30 00:00:00,6.36,6.51,6.29,6.29,21917.50,6.29
2011-08-31 00:00:00,6.29,6.54,6.19,6.45,46861.48,6.45
2011-09-01 00:00:00,6.60,6.60,6.37,6.44,37433.74,6.44
2011-09-02 00:00:00,6.39,6.42,6.14,6.18,21887.49,6.18
2011-09-05 00:00:00,6.18,6.18,6.04,6.07,12430.08,6.07
2011-09-06 00:00:00,6.02,6.13,6.02,6.08,7190.66,6.08
2011-09-07 00:00:00,6.06,6.23,6.06,6.22,22809.97,6.22
2011-09-08 00:00:00,6.24,6.53,6.14,6.53,62446.39,6.53
2011-09-09 00:00:00,6.43,6.85,6.41,6.74,115439.56,6.74
2011-09-13 00:00:00,6.60,6.88,6.50,6.71,89789.81,6.71
2011-09-14 00:00:00,6.65,6.77,6.48,6.63,58455.37,6.63
2011-09-15 00:00:00,6.60,6.65,6.51,6.59,43032.48,6.59
2011-09-16 00:00:00,6.59,6.64,6.45,6.45,32060.13,6.45
2011-09-19 00:00:00,6.41,6.43,6.13,6.14,34103.78,6.14
2011-09-20 00:00:00,6.10,6.30,6.10,6.25,20733.18,6.25
2011-09-21 00:00:00,6.25,6.47,6.19,6.46,32045.56,6.46
2011-09-22 00:00:00,6.40,6.45,6.17,6.19,27848.53,6.19
2011-09-23 00:00:00,6.05,6.19,6.03,6.14,17317.52,6.14
2011-09-26 00:00:00,6.12,6.18,6.04,6.05,13285.94,6.05
2011-09-27 00:00:00,6.08,6.20,6.05,6.13,14431.65,6.13
2011-09-28 00:00:00,6.20,6.20,6.03,6.05,14622.09,6.05
2011-09-29 00:00:00,6.01,6.01,5.68,5.75,21484.47,5.75
2011-09-30 00:00:00,5.81,5.85,5.70,5.84,12142.66,5.84
2011-10-10 00:00:00,5.84,5.95,5.83,5.95,16384.54,5.95
2011-10-11 00:00:00,6.07,6.17,5.88,6.07,19092.95,6.07
2011-10-12 00:00:00,6.10,6.28,6.07,6.27,34029.15,6.27
2011-10-13 00:00:00,6.20,6.35,6.20,6.31,30171.61,6.31
2011-10-14 00:00:00,6.31,6.31,6.16,6.26,15599.54,6.26
2011-10-17 00:00:00,6.26,6.29,6.16,6.18,13110.30,6.18
2011-10-18 00:00:00,6.15,6.15,5.98,5.98,13639.00,5.98
2011-10-19 00:00:00,6.02,6.09,5.94,6.07,34564.39,6.07
2011-10-20 00:00:00,5.97,6.00,5.70,5.80,18699.91,5.80
2011-10-21 00:00:00,5.80,5.86,5.65,5.71,10481.60,5.71
2011-10-24 00:00:00,5.73,6.04,5.63,5.92,16118.62,5.92
2011-10-25 00:00:00,5.93,6.09,5.85,6.06,37259.92,6.06
2011-10-26 00:00:00,6.03,6.12,5.99,6.08,32494.25,6.08
2011-10-27 00:00:00,6.08,6.16,6.03,6.06,20951.02,6.06
2011-10-28 00:00:00,6.09,6.19,6.09,6.17,27535.73,6.17
2011-10-31 00:00:00,6.20,6.41,6.15,6.24,36383.53,6.24
2011-11-01 00:00:00,6.19,6.30,6.10,6.30,21616.21,6.30
2011-11-02 00:00:00,6.17,6.39,6.13,6.37,24704.90,6.37
2011-11-03 00:00:00,6.41,6.47,6.33,6.33,38310.41,6.33
2011-11-04 00:00:00,6.34,6.41,6.31,6.38,22038.91,6.38
2011-11-07 00:00:00,6.42,6.45,6.28,6.29,17222.63,6.29
2011-11-08 00:00:00,6.25,6.34,6.25,6.30,14462.30,6.30
2011-11-09 00:00:00,6.30,6.38,6.22,6.38,15109.62,6.38
2011-11-10 00:00:00,6.34,6.45,6.28,6.28,33289.42,6.28
2011-11-11 00:00:00,6.30,6.38,6.25,6.27,16609.61,6.27
2011-11-14 00:00:00,6.33,6.46,6.32,6.42,25058.06,6.42
2011-11-15 00:00:00,6.46,6.57,6.42,6.54,40191.06,6.54
2011-11-16 00:00:00,6.53,6.53,6.34,6.36,26663.31,6.36
2011-11-17 00:00:00,6.36,6.43,6.29,6.32,21522.60,6.32
2011-11-18 00:00:00,6.29,6.34,6.20,6.22,19069.91,6.22
2011-11-21 00:00:00,6.24,6.35,6.12,6.27,16285.50,6.27
2011-11-22 00:00:00,6.22,6.28,6.08,6.25,19105.28,6.25
2011-11-23 00:00:00,6.25,6.33,6.20,6.29,13333.88,6.29
2011-11-24 00:00:00,6.24,6.42,6.16,6.41,23002.84,6.41
2011-11-25 00:00:00,6.40,6.49,6.34,6.49,37266.41,6.49
2011-11-28 00:00:00,6.50,6.56,6.42,6.47,26502.40,6.47
2011-11-29 00:00:00,6.50,6.62,6.47,6.50,35267.76,6.50
2011-11-30 00:00:00,6.49,6.50,6.12,6.12,30930.19,6.12
2011-12-01 00:00:00,6.30,6.43,6.25,6.29,30691.26,6.29
2011-12-02 00:00:00,6.25,6.31,6.14,6.14,21480.00,6.14
2011-12-05 00:00:00,6.11,6.14,5.88,5.95,22304.69,5.95
2011-12-06 00:00:00,5.95,6.04,5.90,6.01,6850.96,6.01
2011-12-07 00:00:00,6.03,6.08,5.97,6.01,5754.00,6.01
2011-12-08 00:00:00,6.00,6.04,5.84,5.99,11064.55,5.99
2011-12-09 00:00:00,5.99,5.99,5.90,5.93,5062.78,5.93
2011-12-12 00:00:00,5.90,5.95,5.75,5.78,10942.14,5.78
2011-12-13 00:00:00,5.73,5.80,5.62,5.62,13417.44,5.62
2011-12-14 00:00:00,5.64,5.72,5.54,5.61,5581.00,5.61
2011-12-15 00:00:00,5.58,5.62,5.43,5.48,9476.99,5.48
2011-12-16 00:00:00,5.44,5.71,5.44,5.71,8754.85,5.71
2011-12-19 00:00:00,5.65,5.71,5.50,5.70,7499.98,5.70
2011-12-20 00:00:00,5.65,5.75,5.58,5.59,7496.00,5.59
2011-12-21 00:00:00,5.65,5.70,5.43,5.57,10536.00,5.57
2011-12-22 00:00:00,5.49,5.49,5.10,5.30,29496.46,5.30
2011-12-23 00:00:00,5.20,5.42,5.16,5.41,11436.40,5.41
2011-12-26 00:00:00,5.38,5.44,5.33,5.42,6577.63,5.42
2011-12-27 00:00:00,5.40,5.40,5.23,5.29,5250.53,5.29
2011-12-28 00:00:00,5.22,5.44,5.16,5.41,11241.35,5.41
2011-12-29 00:00:00,5.34,5.43,5.30,5.41,5927.33,5.41
2011-12-30 00:00:00,5.44,5.48,5.39,5.47,7711.00,5.47
2012-01-04 00:00:00,5.49,5.55,5.38,5.41,8444.91,5.41
2012-01-05 00:00:00,5.36,5.40,5.17,5.19,11813.00,5.19
2012-01-06 00:00:00,5.18,5.30,5.09,5.30,9898.40,5.30
2012-01-09 00:00:00,5.30,5.50,5.25,5.47,12618.44,5.47
2012-01-10 00:00:00,5.43,5.68,5.43,5.63,23295.92,5.63
2012-01-11 00:00:00,5.60,5.62,5.50,5.57,14688.37,5.57
2012-01-12 00:00:00,5.53,5.66,5.53,5.58,12880.03,5.58
2012-01-13 00:00:00,5.55,5.57,5.36,5.38,11293.77,5.38
2012-01-16 00:00:00,5.38,5.38,5.26,5.27,6299.77,5.27
2012-01-17 00:00:00,5.28,5.55,5.28,5.54,8556.01,5.54
2012-01-18 00:00:00,5.49,5.59,5.40,5.47,10276.99,5.47
2012-01-19 00:00:00,5.50,5.56,5.32,5.55,9886.24,5.55
2012-01-20 00:00:00,5.53,5.65,5.53,5.62,16744.02,5.62
2012-01-30 00:00:00,5.65,5.65,5.55,5.56,10292.50,5.56
2012-01-31 00:00:00,5.59,5.63,5.52,5.62,7510.61,5.62
2012-02-01 00:00:00,5.58,5.66,5.55,5.55,6501.00,5.55
2012-02-02 00:00:00,5.55,5.66,5.52,5.66,7802.90,5.66
2012-02-03 00:00:00,5.66,5.75,5.62,5.73,12816.47,5.73
2012-02-06 00:00:00,5.73,5.75,5.67,5.74,12345.70,5.74
2012-02-07 00:00:00,5.73,5.73,5.59,5.62,12104.92,5.62
2012-02-08 00:00:00,5.63,5.75,5.61,5.74,11586.20,5.74
2012-02-09 00:00:00,5.73,5.90,5.71,5.76,28108.03,5.76
2012-02-10 00:00:00,5.75,5.86,5.72,5.79,21402.91,5.79
2012-02-13 00:00:00,5.76,5.85,5.71,5.82,14573.82,5.82
2012-02-14 00:00:00,5.82,5.84,5.75,5.81,11652.43,5.81
2012-02-15 00:00:00,5.84,5.91,5.79,5.91,23838.71,5.91
2012-02-16 00:00:00,6.16,6.45,6.06,6.17,81344.00,6.17
2012-02-17 00:00:00,6.10,6.18,6.03,6.10,29336.74,6.10
2012-02-20 00:00:00,6.13,6.18,6.06,6.07,19511.17,6.07
2012-02-21 00:00:00,6.06,6.12,5.98,6.10,18541.47,6.10
2012-02-22 00:00:00,6.10,6.18,6.07,6.16,25736.78,6.16
2012-02-23 00:00:00,6.14,6.22,6.10,6.14,23466.30,6.14
2012-02-24 00:00:00,6.16,6.26,6.13,6.24,28089.59,6.24
2012-02-27 00:00:00,6.21,6.38,6.21,6.22,38317.79,6.22
2012-02-28 00:00:00,6.23,6.30,6.13,6.28,34641.53,6.28
2012-02-29 00:00:00,6.28,6.31,6.13,6.16,17813.00,6.16
2012-03-01 00:00:00,6.16,6.21,6.11,6.18,9823.78,6.18
2012-03-02 00:00:00,6.19,6.26,6.18,6.25,19758.73,6.25
2012-03-05 00:00:00,6.29,6.40,6.24,6.33,34605.54,6.33
2012-03-06 00:00:00,6.32,6.43,6.25,6.29,23748.67,6.29
2012-03-07 00:00:00,6.23,6.33,6.20,6.23,18491.39,6.23
2012-03-08 00:00:00,6.28,6.34,6.26,6.30,18643.90,6.30
2012-03-09 00:00:00,6.36,6.38,6.28,6.36,27209.37,6.36
2012-03-12 00:00:00,6.36,6.47,6.33,6.43,24308.26,6.43
2012-03-13 00:00:00,6.39,6.53,6.38,6.51,29408.94,6.51
2012-03-14 00:00:00,6.52,6.55,6.10,6.17,41776.91,6.17
2012-03-15 00:00:00,6.16,6.28,6.07,6.15,22828.16,6.15
2012-03-16 00:00:00,6.20,6.27,6.15,6.27,22408.10,6.27
2012-03-19 00:00:00,6.27,6.31,6.17,6.30,18356.89,6.30
2012-03-20 00:00:00,6.28,6.29,6.08,6.09,23733.08,6.09
2012-03-21 00:00:00,6.10,6.17,6.00,6.11,16957.95,6.11
2012-03-22 00:00:00,6.11,6.20,6.05,6.12,15516.14,6.12
2012-03-23 00:00:00,6.08,6.16,6.00,6.04,16389.48,6.04
2012-03-26 00:00:00,6.04,6.11,5.97,6.04,11949.48,6.04
2012-03-27 00:00:00,6.08,6.11,6.01,6.06,9321.59,6.06
2012-03-28 00:00:00,6.03,6.03,5.74,5.83,16583.66,5.83
2012-03-29 00:00:00,5.82,5.86,5.62,5.63,12065.87,5.63
2012-03-30 00:00:00,5.65,5.72,5.60,5.72,9873.43,5.72
2012-04-05 00:00:00,5.75,5.85,5.70,5.80,14243.44,5.80
2012-04-06 00:00:00,5.82,5.88,5.80,5.81,10637.06,5.81
2012-04-09 00:00:00,5.79,5.86,5.75,5.77,7181.49,5.77
2012-04-10 00:00:00,5.75,5.88,5.70,5.86,10630.44,5.86
2012-04-11 00:00:00,5.83,6.14,5.79,6.07,25104.87,6.07
2012-04-12 00:00:00,6.06,6.19,6.02,6.19,26472.53,6.19
2012-04-13 00:00:00,6.19,6.27,6.15,6.19,22851.07,6.19
2012-04-16 00:00:00,6.12,6.35,6.12,6.29,28277.61,6.29
2012-04-17 00:00:00,6.25,6.34,6.11,6.14,22915.47,6.14
2012-04-18 00:00:00,6.11,6.34,6.11,6.30,28686.56,6.30
2012-04-19 00:00:00,6.30,6.34,6.25,6.29,15980.11,6.29
2012-04-20 00:00:00,6.26,6.36,6.20,6.36,32103.29,6.36
2012-04-23 00:00:00,6.37,6.52,6.32,6.33,35517.47,6.33
2012-04-24 00:00:00,6.26,6.42,6.16,6.39,28685.94,6.39
2012-04-25 00:00:00,6.41,6.67,6.38,6.65,80262.31,6.65
2012-04-26 00:00:00,6.65,6.68,6.53,6.60,37631.96,6.60
2012-04-27 00:00:00,6.56,6.69,6.38,6.39,33834.91,6.39
2012-05-02 00:00:00,6.47,6.58,6.39,6.48,31639.49,6.48
2012-05-03 00:00:00,6.48,6.57,6.45,6.48,22052.04,6.48
2012-05-04 00:00:00,6.52,6.52,6.39,6.42,20093.92,6.42
2012-05-07 00:00:00,6.33,6.40,6.30,6.35,20585.68,6.35
2012-05-08 00:00:00,6.35,6.41,6.31,6.36,14755.21,6.36
2012-05-09 00:00:00,6.32,6.32,6.20,6.21,17132.40,6.21
2012-05-10 00:00:00,6.20,6.28,6.20,6.21,11299.36,6.21
2012-05-11 00:00:00,6.24,6.28,6.19,6.22,9030.09,6.22
2012-05-14 00:00:00,6.25,6.33,6.18,6.20,19557.17,6.20
2012-05-15 00:00:00,6.17,6.20,6.08,6.18,14969.73,6.18
2012-05-16 00:00:00,6.12,6.22,6.10,6.17,8789.00,6.17
2012-05-17 00:00:00,6.20,6.31,6.15,6.30,13742.26,6.30
2012-05-18 00:00:00,6.28,6.30,6.16,6.18,13540.84,6.18
2012-05-21 00:00:00,6.18,6.22,6.00,6.12,11783.95,6.12
2012-05-22 00:00:00,6.16,6.22,6.13,6.18,10526.33,6.18
2012-05-23 00:00:00,6.21,6.24,6.11,6.16,7989.45,6.16
2012-05-24 00:00:00,6.15,6.16,6.01,6.03,14847.15,6.03
2012-05-25 00:00:00,6.05,6.06,5.94,5.94,13827.43,5.94
2012-05-28 00:00:00,5.94,6.04,5.85,6.03,11713.22,6.03
2012-05-30 00:00:00,6.09,6.16,6.07,6.11,15680.00,6.11
2012-05-31 00:00:00,6.06,6.12,6.02,6.05,10806.87,6.05
2012-06-01 00:00:00,6.08,6.12,6.04,6.05,16580.79,6.05
2012-06-04 00:00:00,5.97,5.99,5.80,5.81,18151.67,5.81
2012-06-05 00:00:00,5.81,5.93,5.81,5.88,9919.16,5.88
2012-06-06 00:00:00,5.94,5.94,5.84,5.85,8116.59,5.85
2012-06-07 00:00:00,5.90,5.93,5.80,5.80,9124.50,5.80
2012-06-08 00:00:00,5.87,5.92,5.76,5.77,6454.00,5.77
2012-06-11 00:00:00,5.76,5.85,5.69,5.81,8415.00,5.81
2012-06-12 00:00:00,5.80,5.80,5.69,5.73,8838.00,5.73
2012-06-13 00:00:00,5.72,5.82,5.72,5.80,8335.81,5.80
2012-06-14 00:00:00,5.84,5.87,5.79,5.80,7605.56,5.80
2012-06-15 00:00:00,5.80,5.83,5.65,5.83,11081.98,5.83
2012-06-18 00:00:00,5.88,5.88,5.82,5.85,10029.20,5.85
2012-06-19 00:00:00,5.79,5.83,5.75,5.78,6982.66,5.78
2012-06-20 00:00:00,5.78,5.82,5.73,5.82,6564.01,5.82
2012-06-25 00:00:00,5.74,5.74,5.53,5.54,9133.00,5.54
2012-06-26 00:00:00,5.52,5.57,5.40,5.51,10291.99,5.51
2012-06-27 00:00:00,5.52,5.55,5.45,5.49,9033.30,5.49
2012-06-28 00:00:00,5.55,5.56,5.46,5.46,6851.50,5.46
2012-06-29 00:00:00,5.40,5.51,5.38,5.51,6229.31,5.51
2012-07-02 00:00:00,5.53,5.58,5.47,5.51,6925.01,5.51
2012-07-03 00:00:00,5.52,6.06,5.46,5.94,58344.02,5.94
2012-07-04 00:00:00,5.75,5.89,5.72,5.80,32966.52,5.80
2012-07-05 00:00:00,5.80,5.80,5.63,5.63,15563.08,5.63
2012-07-06 00:00:00,5.67,5.76,5.52,5.71,18020.36,5.71
2012-07-09 00:00:00,5.71,5.71,5.53,5.54,13088.00,5.54
2012-07-10 00:00:00,5.55,5.55,5.43,5.46,9498.48,5.46
2012-07-11 00:00:00,5.46,5.56,5.46,5.53,8558.48,5.53
2012-07-12 00:00:00,5.51,5.73,5.46,5.70,14889.02,5.70
2012-07-13 00:00:00,5.64,5.70,5.59,5.65,8125.72,5.65
2012-07-16 00:00:00,5.62,5.66,5.43,5.43,12964.58,5.43
2012-07-17 00:00:00,5.43,5.53,5.39,5.51,5326.50,5.51
2012-07-18 00:00:00,5.53,5.67,5.46,5.66,12557.11,5.66
2012-07-19 00:00:00,5.66,5.80,5.65,5.68,19147.63,5.68
2012-07-20 00:00:00,5.64,5.76,5.64,5.67,8131.59,5.67
2012-07-23 00:00:00,5.63,5.77,5.60,5.77,10335.57,5.77
2012-07-24 00:00:00,5.75,5.80,5.68,5.76,11617.00,5.76
2012-07-25 00:00:00,5.79,5.79,5.65,5.69,8297.21,5.69
2012-07-26 00:00:00,5.71,5.72,5.57,5.58,6977.00,5.58
2012-07-27 00:00:00,5.57,5.62,5.53,5.57,5464.03,5.57
2012-07-30 00:00:00,5.54,5.64,5.47,5.50,6457.64,5.50
2012-07-31 00:00:00,5.46,5.55,5.36,5.39,9718.17,5.39
2012-08-01 00:00:00,5.37,5.53,5.37,5.47,5473.12,5.47
2012-08-02 00:00:00,5.49,5.54,5.42,5.43,7257.00,5.43
2012-08-03 00:00:00,5.45,5.54,5.45,5.53,6725.62,5.53
2012-08-06 00:00:00,5.50,5.64,5.50,5.62,8866.56,5.62
2012-08-07 00:00:00,5.63,5.68,5.59,5.66,9492.32,5.66
2012-08-08 00:00:00,5.66,5.67,5.56,5.64,10026.60,5.64
2012-08-09 00:00:00,5.75,5.75,5.62,5.69,10497.00,5.69
2012-08-10 00:00:00,5.65,5.73,5.64,5.66,8995.17,5.66
2012-08-13 00:00:00,5.65,5.76,5.59,5.61,13197.97,5.61
2012-08-14 00:00:00,5.63,5.70,5.54,5.69,8608.61,5.69
2012-08-15 00:00:00,5.66,5.81,5.65,5.74,11076.03,5.74
2012-08-16 00:00:00,5.70,5.75,5.65,5.72,7199.77,5.72
2012-08-17 00:00:00,5.71,5.72,5.58,5.65,7153.71,5.65
2012-08-20 00:00:00,5.60,5.66,5.56,5.63,5677.89,5.63
2012-08-21 00:00:00,5.65,5.74,5.60,5.71,11170.04,5.71
2012-08-22 00:00:00,5.73,5.73,5.61,5.66,11286.18,5.66
2012-08-23 00:00:00,5.61,5.73,5.61,5.72,9063.41,5.72
2012-08-24 00:00:00,5.72,5.74,5.56,5.56,8557.32,5.56
2012-08-27 00:00:00,5.53,5.58,5.43,5.43,9095.35,5.43
2012-08-28 00:00:00,5.44,5.52,5.42,5.50,7795.21,5.50
2012-08-29 00:00:00,5.50,5.58,5.45,5.55,5187.90,5.55
2012-08-30 00:00:00,5.50,5.50,5.25,5.26,16839.00,5.26
2012-08-31 00:00:00,5.23,5.30,5.20,5.23,8223.00,5.23
2012-09-03 00:00:00,5.21,5.28,5.21,5.25,9849.90,5.25
2012-09-04 00:00:00,5.27,5.29,5.11,5.14,15008.59,5.14
2012-09-05 00:00:00,5.15,5.15,5.05,5.13,10185.65,5.13
2012-09-06 00:00:00,5.15,5.22,5.15,5.20,10254.00,5.20
2012-09-07 00:00:00,5.24,5.42,5.22,5.37,20410.05,5.37
2012-09-10 00:00:00,5.37,5.40,5.35,5.37,16060.13,5.37
2012-09-11 00:00:00,5.36,5.36,5.31,5.35,10012.89,5.35
2012-09-12 00:00:00,5.36,5.40,5.34,5.40,12045.42,5.40
2012-09-13 00:00:00,5.40,5.40,5.32,5.33,12555.55,5.33
2012-09-14 00:00:00,5.38,5.38,5.29,5.31,13472.64,5.31
2012-09-17 00:00:00,5.33,5.33,5.13,5.13,9903.99,5.13
2012-09-18 00:00:00,5.20,5.20,5.12,5.15,5926.76,5.15
2012-09-19 00:00:00,5.19,5.21,5.13,5.18,12379.69,5.18
2012-09-20 00:00:00,5.18,5.18,4.98,5.00,11975.30,5.00
2012-09-21 00:00:00,5.03,5.05,4.94,5.00,7786.29,5.00
2012-09-24 00:00:00,4.99,5.03,4.96,5.00,6004.93,5.00
2012-09-25 00:00:00,4.97,5.03,4.94,4.94,3725.00,4.94
2012-09-26 00:00:00,4.93,4.97,4.79,4.80,6325.00,4.80
2012-09-27 00:00:00,4.80,5.00,4.78,4.91,6305.00,4.91
2012-09-28 00:00:00,4.87,4.98,4.87,4.98,6725.16,4.98
2012-10-08 00:00:00,5.02,5.02,4.93,4.94,4724.10,4.94
2012-10-09 00:00:00,4.94,5.08,4.94,5.06,9862.01,5.06
2012-10-10 00:00:00,5.05,5.13,5.05,5.12,12919.83,5.12
2012-10-11 00:00:00,5.09,5.13,5.04,5.04,9755.21,5.04
2012-10-12 00:00:00,5.09,5.15,4.99,5.15,11873.62,5.15
2012-10-15 00:00:00,5.33,5.48,5.17,5.23,34372.64,5.23
2012-10-16 00:00:00,5.23,5.38,5.19,5.27,25810.65,5.27
2012-10-17 00:00:00,5.28,5.31,5.20,5.26,13126.09,5.26
2012-10-18 00:00:00,5.25,5.34,5.25,5.31,18407.99,5.31
2012-10-19 00:00:00,5.34,5.37,5.31,5.37,15591.06,5.37
2012-10-22 00:00:00,5.35,5.38,5.32,5.36,11304.80,5.36
2012-10-23 00:00:00,5.36,5.38,5.27,5.28,12153.94,5.28
2012-10-24 00:00:00,5.23,5.34,5.23,5.33,10897.95,5.33
2012-10-25 00:00:00,5.34,5.38,5.28,5.33,13465.80,5.33
2012-10-26 00:00:00,5.29,5.35,5.18,5.26,15746.10,5.26
2012-10-29 00:00:00,5.25,5.46,5.25,5.34,26018.90,5.34
2012-10-30 00:00:00,5.31,5.43,5.31,5.40,26963.69,5.40
2012-10-31 00:00:00,5.42,5.47,5.35,5.39,20296.35,5.39
2012-11-01 00:00:00,5.42,5.52,5.38,5.48,31126.95,5.48
2012-11-02 00:00:00,5.46,5.55,5.46,5.52,20998.27,5.52
2012-11-05 00:00:00,5.54,5.54,5.40,5.42,17696.00,5.42
2012-11-06 00:00:00,5.43,5.45,5.30,5.36,15620.12,5.36
2012-11-07 00:00:00,5.39,5.42,5.36,5.38,9058.50,5.38
2012-11-08 00:00:00,5.35,5.35,5.23,5.23,15382.02,5.23
2012-11-09 00:00:00,5.23,5.30,5.20,5.27,9223.41,5.27
2012-11-12 00:00:00,5.29,5.38,5.27,5.35,10384.89,5.35
2012-11-13 00:00:00,5.35,5.35,5.15,5.18,13241.66,5.18
2012-11-14 00:00:00,5.16,5.21,5.13,5.17,7769.43,5.17
2012-11-15 00:00:00,5.15,5.17,5.01,5.02,8211.22,5.02
2012-11-16 00:00:00,5.02,5.04,4.99,5.02,6266.66,5.02
2012-11-19 00:00:00,5.02,5.12,4.99,5.08,5859.67,5.08
2012-11-20 00:00:00,5.12,5.12,5.04,5.06,4830.83,5.06
2012-11-21 00:00:00,5.06,5.16,5.04,5.15,8688.94,5.15
2012-11-22 00:00:00,5.10,5.15,5.09,5.10,5065.69,5.10
2012-11-23 00:00:00,5.09,5.15,5.09,5.10,6610.00,5.10
2012-11-26 00:00:00,5.12,5.12,4.98,5.00,11925.95,5.00
2012-11-27 00:00:00,4.96,4.96,4.78,4.80,12198.00,4.80
2012-11-28 00:00:00,4.80,4.86,4.73,4.80,9639.48,4.80
2012-11-29 00:00:00,4.85,4.85,4.67,4.72,8660.80,4.72
2012-11-30 00:00:00,4.68,4.79,4.67,4.76,5287.64,4.76
2012-12-03 00:00:00,4.78,4.81,4.62,4.63,4841.72,4.63
2012-12-04 00:00:00,4.63,4.70,4.56,4.69,8389.17,4.69
2012-12-05 00:00:00,4.69,4.89,4.66,4.85,14959.91,4.85
2012-12-06 00:00:00,4.86,4.94,4.80,4.82,15639.40,4.82
2012-12-07 00:00:00,4.83,4.97,4.79,4.92,35487.89,4.92
2012-12-10 00:00:00,4.94,5.04,4.92,5.01,33634.15,5.01
2012-12-11 00:00:00,4.98,5.01,4.93,4.97,18051.99,4.97
2012-12-12 00:00:00,4.97,5.00,4.86,4.91,20064.13,4.91
2012-12-13 00:00:00,4.91,4.93,4.81,4.83,16365.56,4.83
2012-12-14 00:00:00,4.83,5.05,4.83,5.02,32209.71,5.02
2012-12-17 00:00:00,5.03,5.30,5.02,5.18,49901.76,5.18
2012-12-18 00:00:00,5.18,5.22,5.10,5.13,22616.41,5.13
2012-12-19 00:00:00,5.14,5.16,5.08,5.12,16185.94,5.12
2012-12-20 00:00:00,5.11,5.25,5.10,5.18,24048.70,5.18
2012-12-21 00:00:00,5.19,5.23,5.12,5.13,21520.16,5.13
2012-12-24 00:00:00,5.11,5.22,5.11,5.18,18873.32,5.18
2012-12-25 00:00:00,5.18,5.31,5.14,5.29,40525.59,5.29
2012-12-26 00:00:00,5.29,5.34,5.24,5.33,31733.53,5.33
2012-12-27 00:00:00,5.30,5.36,5.24,5.24,34578.11,5.24
2012-12-28 00:00:00,5.23,5.38,5.22,5.36,31691.35,5.36
2012-12-31 00:00:00,5.37,5.61,5.37,5.45,63336.01,5.45
2013-01-04 00:00:00,5.50,5.54,5.39,5.51,30687.60,5.51
2013-01-07 00:00:00,5.50,5.53,5.43,5.53,25685.10,5.53
2013-01-08 00:00:00,5.51,5.60,5.45,5.60,35247.63,5.60
2013-01-09 00:00:00,5.57,5.68,5.52,5.55,47818.00,5.55
2013-01-10 00:00:00,5.56,5.61,5.51,5.54,28583.20,5.54
2013-01-11 00:00:00,5.55,5.57,5.40,5.41,32879.20,5.41
2013-01-14 00:00:00,5.39,5.58,5.37,5.58,40588.36,5.58
2013-01-15 00:00:00,5.56,5.67,5.56,5.64,42839.53,5.64
2013-01-16 00:00:00,5.61,5.65,5.50,5.58,37591.70,5.58
2013-01-17 00:00:00,5.57,5.62,5.47,5.59,28672.99,5.59
2013-01-18 00:00:00,5.59,5.70,5.54,5.68,37195.31,5.68
2013-01-21 00:00:00,5.68,5.82,5.66,5.75,46706.92,5.75
2013-01-22 00:00:00,5.73,5.77,5.58,5.60,36800.58,5.60
2013-01-23 00:00:00,5.60,5.65,5.44,5.59,28419.06,5.59
2013-01-24 00:00:00,5.58,5.66,5.39,5.44,37557.49,5.44
2013-01-25 00:00:00,5.44,5.60,5.44,5.55,25291.58,5.55
2013-01-28 00:00:00,5.57,5.69,5.53,5.69,36354.74,5.69
2013-01-29 00:00:00,5.70,5.84,5.66,5.84,66946.29,5.84
2013-01-30 00:00:00,6.42,6.42,6.41,6.42,81938.76,6.42
2013-01-31 00:00:00,6.59,6.61,6.35,6.40,194346.95,6.40
2013-02-01 00:00:00,6.30,6.35,6.16,6.30,105731.78,6.30
2013-02-04 00:00:00,6.30,6.40,6.21,6.34,65347.96,6.34
2013-02-05 00:00:00,6.28,6.59,6.24,6.56,103712.47,6.56
2013-02-06 00:00:00,6.58,6.58,6.44,6.49,46406.40,6.49
2013-02-07 00:00:00,6.50,6.56,6.38,6.47,34072.67,6.47
2013-02-08 00:00:00,6.48,6.78,6.46,6.71,80516.38,6.71
2013-02-18 00:00:00,6.77,6.80,6.65,6.79,54812.27,6.79
2013-02-19 00:00:00,6.72,6.77,6.54,6.57,54629.52,6.57
2013-02-20 00:00:00,6.55,6.69,6.47,6.66,45626.86,6.66
2013-02-21 00:00:00,6.60,6.60,6.44,6.49,49893.53,6.49
2013-02-22 00:00:00,6.50,6.50,6.30,6.33,42681.62,6.33
2013-02-25 00:00:00,6.37,6.52,6.33,6.44,36598.08,6.44
2013-02-26 00:00:00,6.42,6.75,6.40,6.50,69065.23,6.50
2013-02-27 00:00:00,6.55,6.67,6.50,6.59,39815.05,6.59
2013-02-28 00:00:00,6.63,6.71,6.55,6.69,47904.29,6.69
2013-03-01 00:00:00,6.67,6.92,6.62,6.88,77729.95,6.88
2013-03-04 00:00:00,6.83,6.95,6.47,6.61,86310.59,6.61
2013-03-05 00:00:00,6.51,6.74,6.51,6.72,43756.57,6.72
2013-03-06 00:00:00,6.72,6.82,6.61,6.80,50396.01,6.80
2013-03-07 00:00:00,6.79,6.80,6.64,6.70,43414.26,6.70
2013-03-08 00:00:00,6.70,7.22,6.68,7.04,145286.47,7.04
2013-03-11 00:00:00,6.98,7.05,6.89,7.02,60742.99,7.02
2013-03-12 00:00:00,7.03,7.04,6.61,6.89,78670.40,6.89
2013-03-13 00:00:00,6.82,6.87,6.64,6.68,35773.36,6.68
2013-03-14 00:00:00,6.65,6.84,6.65,6.70,32765.37,6.70
2013-03-15 00:00:00,6.67,6.89,6.61,6.74,45596.04,6.74
2013-03-18 00:00:00,6.70,6.77,6.46,6.46,50375.61,6.46
2013-03-19 00:00:00,6.48,6.52,6.29,6.47,35158.07,6.47
2013-03-20 00:00:00,6.46,6.68,6.46,6.66,36048.78,6.66
2013-03-21 00:00:00,6.67,6.81,6.67,6.72,41092.72,6.72
2013-03-22 00:00:00,6.67,6.80,6.67,6.77,32616.61,6.77
2013-03-25 00:00:00,6.77,6.99,6.72,6.88,46284.76,6.88
2013-03-26 00:00:00,6.87,7.06,6.79,6.93,61625.94,6.93
2013-03-27 00:00:00,6.92,7.08,6.86,6.94,51105.01,6.94
2013-03-28 00:00:00,6.95,6.95,6.60,6.60,50410.55,6.60
2013-03-29 00:00:00,6.63,6.83,6.62,6.70,38251.82,6.70
2013-04-01 00:00:00,6.70,6.98,6.68,6.98,42813.04,6.98
2013-04-02 00:00:00,6.93,7.01,6.84,6.91,39285.69,6.91
2013-04-03 00:00:00,6.94,6.97,6.69,6.85,34034.52,6.85
2013-04-08 00:00:00,6.78,7.01,6.65,7.01,39298.15,7.01
2013-04-09 00:00:00,7.15,7.53,7.15,7.17,116668.57,7.17
2013-04-10 00:00:00,7.06,7.44,7.06,7.38,110341.44,7.38
2013-04-11 00:00:00,7.37,7.45,7.18,7.23,61378.70,7.23
2013-04-12 00:00:00,7.19,7.35,7.02,7.08,66855.75,7.08
2013-04-15 00:00:00,7.04,7.09,6.89,6.93,38701.28,6.93
2013-04-16 00:00:00,6.73,6.97,6.72,6.92,43971.07,6.92
2013-04-17 00:00:00,6.93,6.98,6.79,6.95,35465.35,6.95
2013-04-18 00:00:00,6.88,7.13,6.83,7.12,43968.33,7.12
2013-04-19 00:00:00,7.11,7.27,7.07,7.17,60397.24,7.17
2013-04-22 00:00:00,7.00,7.07,6.88,6.93,77125.37,6.93
2013-04-23 00:00:00,6.93,6.93,6.51,6.54,69551.87,6.54
2013-04-24 00:00:00,6.55,6.75,6.43,6.70,55852.46,6.70
2013-04-25 00:00:00,6.66,6.78,6.50,6.50,40820.24,6.50
2013-04-26 00:00:00,6.54,6.63,6.43,6.49,33654.58,6.49
2013-05-02 00:00:00,6.48,6.48,6.02,6.16,52612.42,6.16
2013-05-03 00:00:00,6.15,6.29,6.15,6.22,40132.24,6.22
2013-05-06 00:00:00,6.22,6.30,6.20,6.29,37327.14,6.29
2013-05-07 00:00:00,6.29,6.33,6.24,6.26,22850.77,6.26
2013-05-08 00:00:00,6.28,6.36,6.26,6.34,32343.59,6.34
2013-05-09 00:00:00,6.34,6.34,6.20,6.24,23472.30,6.24
2013-05-10 00:00:00,6.29,6.47,6.25,6.44,39487.66,6.44
2013-05-13 00:00:00,6.48,6.49,6.39,6.43,20986.05,6.43
2013-05-14 00:00:00,6.43,6.43,6.18,6.22,28573.48,6.22
2013-05-15 00:00:00,6.28,6.29,6.20,6.28,21284.42,6.28
2013-05-16 00:00:00,6.28,6.39,6.18,6.36,36045.45,6.36
2013-05-17 00:00:00,6.32,6.46,6.32,6.45,36676.35,6.45
2013-05-20 00:00:00,6.45,6.59,6.43,6.55,58419.03,6.55
2013-05-21 00:00:00,6.55,6.59,6.46,6.58,47091.57,6.58
2013-05-22 00:00:00,6.58,6.58,6.45,6.50,37606.29,6.50
2013-05-23 00:00:00,6.49,6.52,6.43,6.46,23937.87,6.46
2013-05-24 00:00:00,6.46,6.56,6.41,6.54,34520.54,6.54
2013-05-27 00:00:00,6.62,6.62,6.54,6.57,33943.67,6.57
2013-05-28 00:00:00,6.58,6.65,6.53,6.62,39157.56,6.62
2013-05-29 00:00:00,6.62,6.77,6.57,6.75,67446.63,6.75
2013-05-30 00:00:00,6.71,6.73,6.66,6.70,32474.11,6.70
2013-05-31 00:00:00,6.73,6.75,6.63,6.63,33928.67,6.63
2013-06-03 00:00:00,6.65,6.67,6.54,6.55,31943.62,6.55
2013-06-04 00:00:00,6.58,6.60,6.38,6.41,25621.20,6.41
2013-06-05 00:00:00,6.41,6.45,6.35,6.43,19348.40,6.43
2013-06-06 00:00:00,6.41,6.42,6.25,6.25,21107.99,6.25
2013-06-07 00:00:00,6.26,6.33,6.09,6.16,22285.39,6.16
2013-06-13 00:00:00,6.12,6.12,5.86,5.97,18822.44,5.97
2013-06-14 00:00:00,6.00,6.06,5.98,6.06,12780.57,6.06
2013-06-17 00:00:00,6.11,6.11,5.93,5.99,12874.51,5.99
2013-06-18 00:00:00,6.01,6.07,5.97,6.03,9750.05,6.03
2013-06-19 00:00:00,6.00,6.00,5.89,5.95,12941.51,5.95
2013-06-20 00:00:00,5.91,6.00,5.83,5.86,15961.60,5.86
2013-06-21 00:00:00,5.80,5.81,5.65,5.74,19601.14,5.74
2013-06-24 00:00:00,5.74,5.74,5.20,5.35,23248.66,5.35
2013-06-25 00:00:00,5.30,5.39,4.91,5.27,23881.30,5.27
2013-06-26 00:00:00,5.26,5.33,5.17,5.30,18565.05,5.30
2013-06-27 00:00:00,5.35,5.39,5.16,5.17,20462.37,5.17
2013-06-28 00:00:00,5.17,5.30,5.09,5.17,17869.18,5.17
2013-07-01 00:00:00,5.17,5.28,5.14,5.27,12180.19,5.27
2013-07-02 00:00:00,5.29,5.37,5.23,5.36,19681.09,5.36
2013-07-03 00:00:00,5.32,5.41,5.28,5.40,17323.76,5.40
2013-07-04 00:00:00,5.38,5.53,5.35,5.47,21244.13,5.47
2013-07-05 00:00:00,5.47,5.53,5.40,5.43,15330.99,5.43
2013-07-08 00:00:00,5.40,5.40,5.20,5.22,15844.34,5.22
2013-07-09 00:00:00,5.20,5.31,5.18,5.26,12027.25,5.26
2013-07-10 00:00:00,5.28,5.61,5.23,5.61,36410.75,5.61
2013-07-11 00:00:00,6.03,6.03,5.91,6.03,56922.02,6.03
2013-07-12 00:00:00,6.23,6.30,6.03,6.09,131761.28,6.09
2013-07-15 00:00:00,6.11,6.22,6.05,6.09,65792.15,6.09
2013-07-16 00:00:00,6.13,6.25,6.07,6.21,59003.00,6.21
2013-07-17 00:00:00,6.19,6.22,6.03,6.09,38900.44,6.09
2013-07-18 00:00:00,6.11,6.16,6.06,6.16,29536.87,6.16
2013-07-19 00:00:00,6.19,6.36,6.13,6.15,51081.44,6.15
2013-07-22 00:00:00,6.09,6.20,6.07,6.20,23339.01,6.20
2013-07-23 00:00:00,6.20,6.33,6.20,6.29,45964.72,6.29
2013-07-24 00:00:00,6.24,6.30,6.13,6.28,32220.42,6.28
2013-07-25 00:00:00,6.26,6.29,6.15,6.15,20839.20,6.15
2013-07-26 00:00:00,6.15,6.33,6.11,6.33,40444.98,6.33
2013-07-29 00:00:00,6.31,6.48,6.25,6.27,53451.90,6.27
2013-07-30 00:00:00,6.21,6.37,6.11,6.26,28606.77,6.26
2013-07-31 00:00:00,6.26,6.36,6.25,6.30,25872.47,6.30
2013-08-01 00:00:00,6.35,6.55,6.32,6.53,53386.03,6.53
2013-08-02 00:00:00,6.56,6.56,6.45,6.47,42219.18,6.47
2013-08-05 00:00:00,6.53,6.58,6.41,6.56,34226.73,6.56
2013-08-06 00:00:00,6.55,6.72,6.49,6.68,51699.71,6.68
2013-08-07 00:00:00,6.77,6.83,6.59,6.62,68154.35,6.62
2013-08-08 00:00:00,6.59,6.62,6.51,6.52,33972.19,6.52
2013-08-09 00:00:00,6.55,6.62,6.49,6.58,29265.64,6.58
2013-08-12 00:00:00,6.58,6.78,6.56,6.77,48014.64,6.77
2013-08-13 00:00:00,6.83,6.83,6.67,6.77,32620.26,6.77
2013-08-14 00:00:00,6.75,6.92,6.73,6.82,60290.97,6.82
2013-08-15 00:00:00,6.86,6.89,6.76,6.81,28518.79,6.81
2013-08-16 00:00:00,6.81,6.96,6.75,6.84,38254.15,6.84
2013-08-19 00:00:00,6.88,7.19,6.80,7.18,76882.11,7.18
2013-08-20 00:00:00,7.18,7.25,7.07,7.16,64934.64,7.16
2013-08-21 00:00:00,7.24,7.29,7.10,7.25,54235.95,7.25
2013-08-22 00:00:00,7.39,7.40,6.96,6.97,149137.14,6.97
2013-08-23 00:00:00,6.98,7.05,6.82,6.93,74287.03,6.93
2013-08-26 00:00:00,6.90,7.03,6.90,6.97,49030.56,6.97
2013-08-27 00:00:00,6.95,7.07,6.92,7.00,50340.05,7.00
2013-08-28 00:00:00,6.94,7.03,6.85,6.91,62871.73,6.91
2013-08-29 00:00:00,6.93,6.93,6.81,6.87,36325.54,6.87
2013-08-30 00:00:00,6.87,7.02,6.85,6.92,51489.50,6.92
2013-09-02 00:00:00,6.93,7.14,6.92,7.12,63238.62,7.12
2013-09-03 00:00:00,7.12,7.24,7.08,7.16,42450.94,7.16
2013-09-04 00:00:00,7.16,7.20,7.07,7.19,41296.61,7.19
2013-09-05 00:00:00,7.17,7.18,7.01,7.03,40896.42,7.03
2013-09-06 00:00:00,7.02,7.06,6.89,6.96,37535.01,6.96
2013-09-09 00:00:00,6.96,7.02,6.96,6.98,42120.46,6.98
2013-09-10 00:00:00,7.02,7.05,6.93,7.04,41458.59,7.04
2013-09-11 00:00:00,7.03,7.05,6.95,6.96,39195.42,6.96
2013-09-12 00:00:00,6.93,7.18,6.93,7.11,51087.27,7.11
2013-09-13 00:00:00,7.12,7.18,7.07,7.09,36645.87,7.09
2013-09-16 00:00:00,7.13,7.40,7.13,7.32,89257.64,7.32
2013-09-17 00:00:00,7.33,8.05,7.22,7.80,189567.96,7.80
2013-09-18 00:00:00,7.70,7.88,7.63,7.75,85944.31,7.75
2013-09-23 00:00:00,7.67,8.00,7.65,7.85,87356.99,7.85
2013-09-24 00:00:00,7.81,7.98,7.77,7.87,69646.67,7.87
2013-09-25 00:00:00,7.90,8.20,7.85,7.93,96485.93,7.93
2013-09-26 00:00:00,7.90,7.92,7.49,7.54,90974.72,7.54
2013-09-27 00:00:00,7.60,7.78,7.59,7.76,57442.58,7.76
2013-09-30 00:00:00,7.83,8.08,7.75,8.07,70700.87,8.07
2013-10-08 00:00:00,8.07,8.22,7.96,8.10,77500.82,8.10
2013-10-09 00:00:00,8.08,8.27,8.01,8.18,81053.33,8.18
2013-10-10 00:00:00,8.17,8.48,8.17,8.46,107714.48,8.46
2013-10-11 00:00:00,8.50,9.26,8.47,9.05,155078.49,9.05
2013-10-14 00:00:00,9.06,9.77,8.85,9.69,151391.84,9.69
2013-10-15 00:00:00,10.10,10.18,9.35,9.42,310889.15,9.42
2013-10-16 00:00:00,9.41,10.27,9.31,9.60,295886.27,9.60
2013-10-17 00:00:00,9.66,9.77,8.95,9.07,182247.93,9.07
2013-10-18 00:00:00,8.90,9.31,8.86,9.16,98394.43,9.16
2013-10-21 00:00:00,9.13,9.60,9.11,9.45,132703.66,9.45
2013-10-22 00:00:00,9.50,9.53,9.00,9.06,126955.74,9.06
2013-10-23 00:00:00,9.05,9.05,8.56,8.71,105259.13,8.71
2013-10-24 00:00:00,8.75,9.04,8.70,8.87,86887.77,8.87
2013-10-25 00:00:00,8.82,9.00,8.72,8.78,75957.02,8.78
2013-10-28 00:00:00,8.79,8.91,8.40,8.40,117122.36,8.40
2013-10-29 00:00:00,8.43,8.48,7.70,8.04,146120.27,8.04
2013-10-30 00:00:00,8.12,8.33,8.05,8.30,117255.26,8.30
2013-10-31 00:00:00,8.34,8.34,8.10,8.27,61311.80,8.27
2013-11-01 00:00:00,8.24,8.29,7.92,8.02,81086.28,8.02
2013-11-04 00:00:00,8.04,8.12,7.99,8.05,43987.21,8.05
2013-11-05 00:00:00,8.05,8.38,7.80,8.35,83866.75,8.35
2013-11-06 00:00:00,8.29,8.56,8.19,8.35,93725.77,8.35
2013-11-07 00:00:00,8.31,8.34,8.06,8.11,49494.20,8.11
2013-11-08 00:00:00,8.03,8.10,7.90,7.95,45100.77,7.95
2013-11-11 00:00:00,7.95,8.21,7.92,8.15,36381.57,8.15
2013-11-12 00:00:00,8.10,8.47,8.04,8.37,72423.86,8.37
2013-11-13 00:00:00,8.20,8.28,8.03,8.06,46650.86,8.06
2013-11-14 00:00:00,8.07,8.16,7.90,8.13,49500.34,8.13
2013-11-15 00:00:00,8.19,8.50,8.15,8.35,88138.48,8.35
2013-11-18 00:00:00,8.46,8.87,8.42,8.87,123502.32,8.87
2013-11-19 00:00:00,8.87,9.05,8.73,8.87,90123.39,8.87
2013-11-20 00:00:00,8.89,9.05,8.84,8.99,68201.95,8.99
2013-11-21 00:00:00,8.95,9.02,8.80,8.90,64774.59,8.90
2013-11-22 00:00:00,8.91,8.96,8.64,8.65,80254.92,8.65
2013-11-25 00:00:00,8.63,8.80,8.58,8.66,42202.47,8.66
2013-11-26 00:00:00,8.66,9.00,8.62,8.92,66502.11,8.92
2013-11-27 00:00:00,8.90,9.20,8.90,9.09,80001.47,9.09
2013-11-28 00:00:00,9.05,9.23,9.03,9.09,74787.80,9.09
2013-11-29 00:00:00,9.09,9.15,9.01,9.13,46900.94,9.13
2013-12-02 00:00:00,8.88,8.98,8.36,8.53,94057.87,8.53
2013-12-03 00:00:00,8.50,8.84,8.40,8.75,67227.48,8.75
2013-12-04 00:00:00,8.73,9.18,8.73,9.09,78677.37,9.09
2013-12-05 00:00:00,9.02,10.00,9.02,9.78,233783.70,9.78
2013-12-06 00:00:00,9.66,9.95,9.46,9.61,125833.77,9.61
2013-12-09 00:00:00,9.60,10.24,9.60,9.80,121536.70,9.80
2013-12-10 00:00:00,9.88,9.89,9.60,9.74,87331.30,9.74
2013-12-11 00:00:00,9.65,9.66,9.26,9.34,100872.50,9.34
2013-12-12 00:00:00,9.34,9.67,9.31,9.47,65328.64,9.47
2013-12-13 00:00:00,9.49,9.96,9.31,9.88,90077.65,9.88
2013-12-16 00:00:00,9.85,9.87,9.54,9.62,64806.90,9.62
2013-12-17 00:00:00,9.61,9.68,9.32,9.35,59340.99,9.35
2013-12-18 00:00:00,9.42,9.60,9.35,9.42,40708.03,9.42
2013-12-19 00:00:00,9.44,9.54,9.21,9.24,45120.11,9.24
2013-12-20 00:00:00,9.30,9.38,9.10,9.13,49069.74,9.13
2013-12-23 00:00:00,9.13,9.21,8.88,9.11,45176.06,9.11
2013-12-24 00:00:00,9.13,9.30,9.00,9.17,54320.38,9.17
2013-12-25 00:00:00,9.19,9.28,9.11,9.27,50665.49,9.27
2013-12-26 00:00:00,9.22,9.35,9.00,9.00,49194.27,9.00
2013-12-27 00:00:00,8.98,9.25,8.96,9.18,42377.81,9.18
2013-12-30 00:00:00,9.24,9.30,9.07,9.12,41862.57,9.12
2013-12-31 00:00:00,9.08,9.15,8.91,9.05,49534.81,9.05
2014-01-02 00:00:00,9.03,9.11,8.95,9.07,36306.87,9.07
2014-01-03 00:00:00,9.07,9.26,9.01,9.14,47136.77,9.14
2014-01-06 00:00:00,9.11,9.12,8.45,8.48,75048.60,8.48
2014-01-07 00:00:00,8.46,8.57,8.26,8.36,44003.77,8.36
2014-01-08 00:00:00,8.34,8.56,8.33,8.49,39673.24,8.49
2014-01-09 00:00:00,8.46,8.60,8.27,8.28,32655.37,8.28
2014-01-10 00:00:00,8.30,8.50,8.23,8.28,29772.07,8.28
2014-01-13 00:00:00,8.29,8.35,8.08,8.13,26814.77,8.13
2014-01-14 00:00:00,8.13,8.42,8.09,8.41,28588.52,8.41
2014-01-15 00:00:00,8.41,8.44,8.31,8.42,26137.35,8.42
2014-01-16 00:00:00,8.42,8.59,8.40,8.47,26843.64,8.47
2014-01-17 00:00:00,8.42,8.45,8.25,8.27,25412.38,8.27
2014-01-20 00:00:00,8.26,8.36,8.17,8.32,22565.90,8.32
2014-01-21 00:00:00,8.29,8.54,8.28,8.46,27757.19,8.46
2014-01-22 00:00:00,8.46,8.74,8.44,8.72,41994.80,8.72
2014-01-23 00:00:00,8.74,8.79,8.60,8.67,40923.73,8.67
2014-01-24 00:00:00,8.63,9.11,8.62,8.95,57252.65,8.95
2014-01-27 00:00:00,8.90,9.06,8.76,9.00,42328.26,9.00
2014-01-28 00:00:00,9.00,9.17,8.86,9.12,44727.67,9.12
2014-01-29 00:00:00,9.17,9.17,8.99,9.11,33553.59,9.11
2014-01-30 00:00:00,9.10,9.12,8.79,8.82,38196.60,8.82
2014-02-07 00:00:00,8.79,9.11,8.65,9.09,49968.19,9.09
2014-02-10 00:00:00,9.11,9.73,9.11,9.49,103612.44,9.49
2014-02-11 00:00:00,9.51,9.58,9.34,9.46,65330.75,9.46
2014-02-12 00:00:00,9.42,9.55,9.42,9.50,56311.26,9.50
2014-02-13 00:00:00,9.55,9.55,9.13,9.17,74305.93,9.17
2014-02-14 00:00:00,9.26,9.84,9.24,9.70,114903.38,9.70
2014-02-17 00:00:00,9.90,10.10,9.76,9.91,127898.50,9.91
2014-02-18 00:00:00,9.90,10.90,9.74,10.69,232321.34,10.69
2014-02-19 00:00:00,10.60,11.31,10.50,10.71,231259.90,10.71
2014-02-20 00:00:00,10.78,11.12,10.47,10.93,168905.22,10.93
2014-02-21 00:00:00,10.83,10.90,10.42,10.56,118525.52,10.56
2014-02-24 00:00:00,10.40,11.35,10.33,11.35,215473.13,11.35
2014-02-25 00:00:00,11.44,11.97,10.60,10.69,252144.00,10.69
2014-02-26 00:00:00,10.45,11.43,10.39,11.43,203969.68,11.43
2014-02-27 00:00:00,11.57,11.70,11.08,11.18,192334.72,11.18
2014-02-28 00:00:00,11.17,11.17,10.50,10.88,130743.30,10.88
2014-03-03 00:00:00,10.80,11.55,10.60,11.44,140308.91,11.44
2014-03-04 00:00:00,11.30,11.76,11.16,11.33,120732.55,11.33
2014-03-05 00:00:00,11.44,11.44,10.79,10.86,129908.55,10.86
2014-03-06 00:00:00,10.76,10.95,10.55,10.73,81562.34,10.73
2014-03-07 00:00:00,10.73,11.80,10.72,11.80,232949.80,11.80
2014-03-10 00:00:00,12.20,12.50,11.60,11.75,406299.36,11.75
2014-03-11 00:00:00,11.46,12.15,11.30,12.05,249488.42,12.05
2014-03-12 00:00:00,11.90,12.04,10.85,11.07,214572.37,11.07
2014-03-13 00:00:00,11.28,11.51,11.12,11.25,117402.02,11.25
2014-03-14 00:00:00,11.06,11.06,10.49,10.67,149649.17,10.67
2014-03-17 00:00:00,10.85,11.74,10.78,11.74,187065.63,11.74
2014-03-18 00:00:00,12.20,12.88,11.91,12.56,415652.71,12.56
2014-03-19 00:00:00,12.49,12.97,12.32,12.97,245184.31,12.97
2014-03-20 00:00:00,12.80,12.89,12.05,12.20,229174.13,12.20
2014-03-21 00:00:00,12.22,12.60,11.90,12.31,150665.91,12.31
2014-03-24 00:00:00,12.18,12.58,12.07,12.50,137663.20,12.50
2014-03-25 00:00:00,12.40,12.44,11.95,12.18,117883.37,12.18
2014-03-26 00:00:00,12.53,13.13,12.20,12.22,225479.31,12.22
2014-03-27 00:00:00,11.88,12.09,11.70,11.77,152001.92,11.77
2014-03-28 00:00:00,11.70,11.86,10.82,10.95,145680.36,10.95
2014-03-31 00:00:00,11.05,11.16,10.70,11.02,75616.11,11.02
2014-04-01 00:00:00,10.95,11.40,10.91,11.35,70122.80,11.35
2014-04-02 00:00:00,11.31,11.50,11.15,11.16,69542.46,11.16
2014-04-03 00:00:00,11.14,11.33,10.92,11.23,60892.64,11.23
2014-04-04 00:00:00,11.14,11.44,11.01,11.41,60857.27,11.41
2014-04-08 00:00:00,11.36,11.54,11.08,11.53,75889.58,11.53
2014-04-09 00:00:00,11.49,12.20,11.43,11.99,153963.94,11.99
2014-04-10 00:00:00,11.97,12.26,11.78,11.88,130680.68,11.88
2014-04-11 00:00:00,11.80,11.91,11.65,11.79,61366.97,11.79
2014-04-14 00:00:00,11.81,12.95,11.81,12.69,191499.82,12.69
2014-04-15 00:00:00,12.55,12.85,12.39,12.85,128423.74,12.85
2014-04-16 00:00:00,12.70,13.07,12.52,12.57,116031.02,12.57
2014-04-17 00:00:00,12.57,13.15,12.51,12.89,149759.36,12.89
2014-04-18 00:00:00,12.90,13.05,12.78,12.91,93311.33,12.91
2014-04-21 00:00:00,12.68,12.72,12.10,12.13,144528.80,12.13
2014-04-22 00:00:00,12.06,12.25,11.60,11.95,124790.47,11.95
2014-04-23 00:00:00,11.88,12.17,11.82,12.05,61567.99,12.05
2014-04-24 00:00:00,12.00,12.09,11.55,11.55,77507.05,11.55
2014-04-25 00:00:00,11.67,11.88,11.55,11.65,61226.51,11.65
2014-04-28 00:00:00,11.19,11.25,10.49,10.72,139701.00,10.72
2014-04-29 00:00:00,10.75,11.10,10.71,11.06,67899.28,11.06
2014-04-30 00:00:00,11.00,11.43,10.99,11.29,70180.67,11.29
2014-05-05 00:00:00,11.35,11.54,11.21,11.48,52704.51,11.48
2014-05-06 00:00:00,11.43,11.53,11.26,11.34,71745.83,11.34
2014-05-07 00:00:00,11.25,11.27,10.70,10.83,72525.36,10.83
2014-05-08 00:00:00,10.80,11.18,10.80,11.00,54145.75,11.00
2014-05-27 00:00:00,11.90,11.99,11.45,11.60,185824.05,11.60
2014-05-28 00:00:00,11.59,11.77,11.33,11.55,123280.81,11.55
2014-05-29 00:00:00,11.55,11.96,11.55,11.67,138552.38,11.67
2014-05-30 00:00:00,11.63,11.71,11.33,11.48,82434.73,11.48
2014-06-03 00:00:00,11.53,11.64,11.30,11.38,41699.39,11.38
2014-06-04 00:00:00,11.37,11.40,10.92,11.08,60651.59,11.08
2014-06-05 00:00:00,11.09,11.22,11.01,11.19,32184.67,11.19
2014-06-06 00:00:00,11.19,11.34,10.95,11.11,41308.66,11.11
2014-06-09 00:00:00,11.10,11.10,10.88,10.90,33694.53,10.90
2014-06-10 00:00:00,10.90,11.11,10.83,11.06,36564.42,11.06
2014-06-11 00:00:00,11.05,11.26,11.00,11.19,46014.93,11.19
2014-06-12 00:00:00,11.12,11.19,10.92,10.96,43308.55,10.96
2014-06-13 00:00:00,10.93,11.32,10.91,11.24,71397.58,11.24
2014-06-16 00:00:00,11.22,11.33,11.19,11.28,48339.97,11.28
2014-06-17 00:00:00,11.28,11.28,10.99,11.01,50235.66,11.01
2014-06-18 00:00:00,11.01,11.08,10.70,10.78,56512.15,10.78
2014-06-19 00:00:00,10.86,10.86,10.31,10.44,46006.57,10.44
2014-06-20 00:00:00,10.43,10.50,10.27,10.32,41019.83,10.32
2014-06-23 00:00:00,10.35,10.56,10.35,10.48,37425.52,10.48
2014-06-24 00:00:00,10.47,10.72,10.45,10.70,31773.25,10.70
2014-06-25 00:00:00,10.72,10.76,10.56,10.56,31852.42,10.56
2014-06-26 00:00:00,10.60,10.88,10.60,10.83,39953.21,10.83
2014-06-27 00:00:00,10.80,11.02,10.72,10.98,42231.34,10.98
2014-06-30 00:00:00,10.96,11.19,10.96,11.08,40863.61,11.08
2014-07-01 00:00:00,11.20,11.30,11.12,11.26,59359.32,11.26
2014-07-02 00:00:00,11.20,11.35,11.01,11.19,54170.97,11.19
2014-07-03 00:00:00,11.19,11.19,11.00,11.05,55977.63,11.05
2014-07-04 00:00:00,11.09,11.40,11.06,11.26,67653.75,11.26
2014-07-07 00:00:00,11.28,11.46,11.23,11.29,39311.02,11.29
2014-07-08 00:00:00,11.33,11.33,11.06,11.22,53613.74,11.22
2014-07-09 00:00:00,11.32,11.41,10.99,11.01,62210.61,11.01
2014-07-10 00:00:00,11.02,11.18,11.02,11.04,37569.81,11.04
2014-07-11 00:00:00,11.04,11.17,10.96,11.08,31062.10,11.08
2014-07-14 00:00:00,11.08,11.70,11.08,11.70,120996.04,11.70
2014-07-15 00:00:00,11.65,11.74,11.36,11.56,100893.01,11.56
2014-07-16 00:00:00,11.56,11.65,11.30,11.35,60440.98,11.35
2014-07-17 00:00:00,11.37,11.37,11.12,11.23,38358.01,11.23
2014-07-18 00:00:00,11.15,11.42,11.15,11.40,51677.52,11.40
2014-07-21 00:00:00,11.38,11.43,11.18,11.21,29182.50,11.21
2014-07-22 00:00:00,11.26,11.38,11.20,11.28,37060.23,11.28
2014-07-23 00:00:00,11.23,11.35,11.08,11.14,53664.44,11.14
2014-07-24 00:00:00,11.18,11.20,10.88,10.97,52408.80,10.97
2014-07-25 00:00:00,10.95,11.11,10.91,11.10,27311.46,11.10
2014-07-28 00:00:00,11.10,11.35,11.10,11.29,57870.62,11.29
2014-07-29 00:00:00,11.32,11.49,11.29,11.47,65010.66,11.47
2014-07-30 00:00:00,11.40,11.45,11.36,11.42,45858.81,11.42
2014-07-31 00:00:00,11.40,11.71,11.37,11.66,84579.20,11.66
2014-08-01 00:00:00,11.65,11.65,11.30,11.38,69315.29,11.38
2014-08-04 00:00:00,11.34,11.48,11.34,11.48,46913.16,11.48
2014-08-05 00:00:00,11.76,12.48,11.76,11.94,225525.16,11.94
2014-08-06 00:00:00,11.80,12.44,11.77,12.30,140306.02,12.30
2014-08-07 00:00:00,12.24,12.39,12.00,12.04,74179.41,12.04
2014-08-08 00:00:00,12.06,12.27,12.01,12.19,55414.46,12.19
2014-08-11 00:00:00,12.28,12.35,12.17,12.35,60504.00,12.35
2014-08-12 00:00:00,12.35,12.43,12.24,12.37,64448.26,12.37
2014-08-13 00:00:00,12.33,12.35,12.07,12.28,62354.22,12.28
2014-08-14 00:00:00,12.22,12.68,12.07,12.62,115343.34,12.62
2014-08-15 00:00:00,12.52,12.77,12.45,12.62,65858.16,12.62
2014-08-18 00:00:00,12.66,12.75,12.42,12.61,60622.93,12.61
2014-08-19 00:00:00,12.62,12.68,12.43,12.45,59621.52,12.45
2014-08-20 00:00:00,12.46,12.61,12.38,12.42,46919.48,12.42
2014-08-21 00:00:00,12.46,12.54,12.16,12.32,48634.00,12.32
2014-08-22 00:00:00,12.30,12.67,12.22,12.64,75748.58,12.64
2014-08-25 00:00:00,12.58,13.11,12.58,12.85,124996.93,12.85
2014-08-26 00:00:00,12.76,12.89,12.35,12.43,81475.02,12.43
2014-08-27 00:00:00,12.40,12.49,12.26,12.35,44224.49,12.35
2014-08-28 00:00:00,12.39,12.57,12.18,12.32,55202.58,12.32
2014-08-29 00:00:00,12.20,12.20,11.71,12.00,103112.76,12.00
2014-09-01 00:00:00,11.97,12.25,11.90,12.20,59687.31,12.20
2014-09-02 00:00:00,12.22,12.45,12.16,12.37,66059.83,12.37
2014-09-03 00:00:00,12.38,12.45,12.28,12.39,58438.84,12.39
2014-09-04 00:00:00,12.42,12.58,12.33,12.54,58698.37,12.54
2014-09-05 00:00:00,12.58,12.63,12.40,12.56,52067.55,12.56
2014-09-09 00:00:00,12.56,12.57,12.30,12.38,60008.03,12.38
2014-09-10 00:00:00,12.38,12.45,12.26,12.42,47820.78,12.42
2014-09-11 00:00:00,12.42,12.62,12.33,12.38,68679.23,12.38
2014-09-12 00:00:00,12.38,12.51,12.32,12.49,48916.16,12.49
2014-09-15 00:00:00,12.61,13.58,12.58,13.27,173852.12,13.27
2014-09-16 00:00:00,13.11,13.25,12.50,12.55,135166.88,12.55
2014-09-17 00:00:00,12.54,12.63,12.22,12.53,78114.41,12.53
2014-09-18 00:00:00,12.43,12.51,12.30,12.47,42684.93,12.47
2014-09-19 00:00:00,12.52,12.91,12.52,12.78,73573.91,12.78
2014-09-22 00:00:00,12.80,13.04,12.62,12.77,69770.89,12.77
2014-09-23 00:00:00,12.70,12.90,12.58,12.90,67207.77,12.90
2014-09-24 00:00:00,12.82,13.07,12.79,13.00,72228.92,13.00
2014-09-25 00:00:00,13.03,13.38,12.95,13.07,106096.81,13.07
2014-09-26 00:00:00,13.07,13.16,12.97,13.05,48321.09,13.05
2014-09-29 00:00:00,13.05,13.22,13.02,13.07,70637.16,13.07
2014-09-30 00:00:00,13.07,13.28,13.06,13.22,61949.00,13.22
2014-10-08 00:00:00,13.29,13.45,13.00,13.39,66809.23,13.39
2014-10-09 00:00:00,13.35,13.51,13.10,13.30,66995.89,13.30
2014-10-10 00:00:00,13.30,13.30,12.88,13.00,80350.34,13.00
2014-10-13 00:00:00,13.00,13.06,12.70,13.03,49275.37,13.03
2014-10-14 00:00:00,12.95,13.10,12.89,12.93,43967.53,12.93
2014-10-15 00:00:00,12.96,13.25,12.96,13.17,65154.98,13.17
2014-10-16 00:00:00,13.10,13.15,12.90,12.90,63457.26,12.90
2014-10-17 00:00:00,12.82,12.92,12.40,12.71,69500.37,12.71
2014-10-20 00:00:00,12.77,12.86,12.61,12.85,28435.10,12.85
2014-10-21 00:00:00,12.86,13.02,12.75,12.78,38694.78,12.78
2014-10-22 00:00:00,12.82,12.88,12.48,12.53,57554.18,12.53
2014-10-23 00:00:00,12.47,12.60,12.40,12.47,37423.60,12.47
2014-10-24 00:00:00,12.49,12.73,12.47,12.52,27309.87,12.52
2014-10-27 00:00:00,12.50,12.62,12.36,12.59,21721.56,12.59
2014-10-28 00:00:00,12.60,12.95,12.60,12.92,42700.80,12.92
2014-10-29 00:00:00,12.90,13.03,12.84,12.93,66854.06,12.93
2014-10-30 00:00:00,13.20,13.50,13.13,13.16,163028.53,13.16
2014-10-31 00:00:00,13.17,13.58,13.05,13.36,123425.55,13.36
2014-11-03 00:00:00,13.39,13.68,13.35,13.49,77479.70,13.49
2014-11-04 00:00:00,13.47,13.47,13.09,13.15,76160.58,13.15
2014-11-05 00:00:00,13.14,13.53,13.00,13.47,83850.00,13.47
2014-11-06 00:00:00,13.49,13.62,13.16,13.36,57388.27,13.36
2014-11-07 00:00:00,13.37,13.65,13.22,13.60,117691.76,13.60
2014-11-10 00:00:00,13.70,14.27,13.51,14.03,133493.22,14.03
2014-11-11 00:00:00,14.00,14.18,13.18,13.38,134345.05,13.38
2014-11-12 00:00:00,13.34,13.55,13.13,13.55,72456.89,13.55
2014-11-13 00:00:00,13.46,13.51,12.97,13.15,67520.68,13.15
2014-11-14 00:00:00,13.13,13.34,12.92,13.21,43277.38,13.21
2014-11-17 00:00:00,13.19,13.47,13.06,13.30,51155.61,13.30
2014-11-18 00:00:00,13.27,13.53,13.19,13.49,50040.31,13.49
2014-11-19 00:00:00,13.50,13.83,13.37,13.70,68100.14,13.70
2014-11-20 00:00:00,13.65,13.66,13.47,13.64,39551.31,13.64
2014-11-21 00:00:00,13.58,14.02,13.58,13.85,84935.15,13.85
2014-11-24 00:00:00,14.00,14.08,13.75,13.94,68852.13,13.94
2014-11-25 00:00:00,14.03,14.20,13.80,13.87,76737.91,13.87
2014-11-26 00:00:00,13.88,14.00,13.53,13.74,91752.58,13.74
2014-11-27 00:00:00,13.74,14.67,13.72,14.33,189661.55,14.33
2014-11-28 00:00:00,14.21,14.40,13.90,14.05,107472.03,14.05
2014-12-01 00:00:00,14.01,14.20,13.80,13.91,80786.34,13.91
2014-12-02 00:00:00,13.89,14.26,13.86,14.18,86897.31,14.18
2014-12-03 00:00:00,14.14,14.47,13.98,14.18,115825.13,14.18
2014-12-04 00:00:00,14.20,14.77,14.08,14.49,147526.09,14.49
2014-12-05 00:00:00,14.49,14.65,13.70,13.90,121104.07,13.90
2014-12-08 00:00:00,13.85,13.98,13.62,13.72,103009.73,13.72
2014-12-09 00:00:00,13.65,13.83,13.20,13.21,104204.04,13.21
2014-12-10 00:00:00,13.20,13.64,13.08,13.61,58711.82,13.61
2014-12-11 00:00:00,13.56,13.86,13.46,13.68,45642.04,13.68
2014-12-12 00:00:00,13.68,13.99,13.63,13.88,58030.08,13.88
2014-12-15 00:00:00,13.80,14.47,13.73,14.26,91473.40,14.26
2014-12-16 00:00:00,14.25,14.32,14.00,14.14,52903.53,14.14
2014-12-17 00:00:00,14.13,14.34,14.02,14.28,87008.06,14.28
2014-12-18 00:00:00,14.20,14.33,14.02,14.08,51435.87,14.08
2014-12-19 00:00:00,14.18,14.20,13.44,13.65,81991.35,13.65
2014-12-22 00:00:00,13.48,13.64,12.29,12.30,129514.02,12.30
2014-12-23 00:00:00,12.29,12.70,12.19,12.39,68152.44,12.39
2014-12-24 00:00:00,12.45,12.65,12.45,12.65,33982.14,12.65
2014-12-25 00:00:00,12.63,12.87,12.63,12.71,35319.96,12.71
2014-12-26 00:00:00,12.70,12.76,12.50,12.70,41308.02,12.70
2014-12-29 00:00:00,12.68,12.79,12.33,12.52,49136.41,12.52
2014-12-30 00:00:00,12.46,12.50,12.31,12.37,36813.03,12.37
2014-12-31 00:00:00,12.37,12.56,12.27,12.49,34862.43,12.49
2015-01-05 00:00:00,12.48,12.75,12.37,12.70,47221.26,12.70
2015-01-06 00:00:00,12.68,13.21,12.58,13.18,72773.22,13.18
2015-01-07 00:00:00,13.14,13.14,12.86,12.96,46245.25,12.96
2015-01-08 00:00:00,12.94,13.00,12.59,12.79,49182.87,12.79
2015-01-09 00:00:00,12.75,13.13,12.72,12.99,53508.39,12.99
2015-01-12 00:00:00,12.97,13.43,12.75,13.32,78354.92,13.32
2015-01-13 00:00:00,13.23,13.60,13.16,13.32,44644.81,13.32
2015-01-14 00:00:00,13.32,13.56,12.96,13.37,44096.47,13.37
2015-01-15 00:00:00,13.42,13.88,13.41,13.62,66273.11,13.62
2015-01-16 00:00:00,13.61,13.84,13.52,13.80,48167.73,13.80
2015-01-19 00:00:00,13.49,13.96,12.88,13.34,70453.90,13.34
2015-01-20 00:00:00,13.51,13.86,13.50,13.79,58697.95,13.79
2015-01-21 00:00:00,13.91,14.18,13.80,14.01,60727.50,14.01
2015-01-22 00:00:00,14.05,14.35,13.85,14.32,75407.40,14.32
2015-01-23 00:00:00,14.30,14.30,13.94,14.03,52941.51,14.03
2015-01-26 00:00:00,14.04,14.31,14.00,14.14,46551.26,14.14
2015-01-27 00:00:00,14.14,14.18,13.80,14.01,61365.18,14.01
2015-01-28 00:00:00,13.98,13.98,13.76,13.79,33535.75,13.79
2015-01-29 00:00:00,13.70,14.12,13.60,14.00,51400.39,14.00
2015-01-30 00:00:00,13.96,14.09,13.80,13.94,30911.35,13.94
2015-02-02 00:00:00,13.79,13.96,13.70,13.82,20529.35,13.82
2015-02-03 00:00:00,13.80,13.99,13.80,13.90,46326.01,13.90
2015-02-04 00:00:00,13.88,14.12,13.88,14.03,50437.73,14.03
2015-02-05 00:00:00,14.47,15.43,14.23,15.43,365001.84,15.43
2015-02-06 00:00:00,15.24,15.95,15.18,15.45,268230.53,15.45
2015-02-09 00:00:00,15.58,16.22,14.99,15.04,174147.05,15.04
2015-02-10 00:00:00,15.04,15.69,14.68,15.62,129967.82,15.62
2015-02-11 00:00:00,15.35,16.24,15.35,16.08,130426.61,16.08
2015-02-12 00:00:00,16.20,16.20,15.63,15.87,75733.38,15.87
2015-02-13 00:00:00,15.93,16.18,15.68,15.97,70005.77,15.97
2015-02-16 00:00:00,16.05,17.02,15.84,16.66,107690.01,16.66
2015-02-17 00:00:00,16.66,16.80,16.31,16.68,49456.76,16.68
2015-02-25 00:00:00,16.70,17.09,16.50,16.65,49673.10,16.65
2015-02-26 00:00:00,17.10,17.88,16.60,16.79,118609.47,16.79
2015-02-27 00:00:00,17.00,17.83,16.91,17.71,123996.96,17.71
2015-03-02 00:00:00,17.88,18.87,17.60,18.62,122549.47,18.62
2015-03-03 00:00:00,18.64,19.80,18.64,18.92,156279.36,18.92
2015-03-04 00:00:00,18.99,19.39,18.80,19.19,78384.73,19.19
2015-03-05 00:00:00,19.00,19.20,18.38,18.85,77205.58,18.85
2015-03-06 00:00:00,18.85,19.20,17.91,18.08,80353.37,18.08
2015-03-09 00:00:00,18.03,19.05,17.91,18.80,66076.41,18.80
2015-03-10 00:00:00,18.86,19.39,18.50,18.67,57500.57,18.67
2015-03-11 00:00:00,18.50,18.95,18.41,18.95,37367.97,18.95
2015-03-12 00:00:00,19.11,19.12,18.23,18.34,37534.06,18.34
2015-03-13 00:00:00,18.46,19.10,18.22,19.03,70416.03,19.03
2015-03-16 00:00:00,19.21,20.35,19.21,20.04,67984.01,20.04
2015-03-17 00:00:00,20.15,20.27,19.63,19.94,54940.29,19.94
2015-03-18 00:00:00,20.05,20.10,19.80,19.99,35667.59,19.99
2015-03-19 00:00:00,20.00,20.11,19.68,19.93,46331.18,19.93
2015-03-20 00:00:00,19.87,20.00,19.56,19.79,55373.02,19.79
2015-03-23 00:00:00,19.81,19.95,19.45,19.77,85027.17,19.77
2015-03-24 00:00:00,19.80,20.86,19.71,20.63,108065.77,20.63
2015-03-25 00:00:00,20.40,20.55,20.00,20.08,71040.76,20.08
2015-03-26 00:00:00,19.88,19.98,19.35,19.45,78492.83,19.45
2015-03-27 00:00:00,19.45,19.86,19.36,19.80,38900.04,19.80
2015-03-30 00:00:00,19.76,20.09,19.41,19.55,66970.19,19.55
2015-03-31 00:00:00,19.68,19.83,19.39,19.58,59429.29,19.58
2015-04-01 00:00:00,19.51,20.86,19.51,20.74,112577.38,20.74
2015-04-02 00:00:00,20.76,21.40,20.75,20.95,91098.61,20.95
2015-04-03 00:00:00,20.95,21.66,20.50,21.50,75577.93,21.50
2015-04-07 00:00:00,21.78,23.65,21.78,23.65,108841.57,23.65
2015-04-08 00:00:00,24.65,24.65,23.00,23.34,148337.40,23.34
2015-04-09 00:00:00,23.38,23.51,22.20,22.71,83435.31,22.71
2015-04-10 00:00:00,22.60,24.40,22.50,23.87,105422.49,23.87
2015-04-13 00:00:00,23.11,25.40,23.11,24.80,100291.21,24.80
2015-04-14 00:00:00,24.70,27.28,24.00,27.28,73944.64,27.28
2015-07-21 00:00:00,24.44,24.44,24.44,24.44,2241.00,24.44
2015-07-22 00:00:00,22.00,22.00,22.00,22.00,4987.00,22.00
2015-07-23 00:00:00,21.00,22.60,21.00,22.45,385488.86,22.45
2015-07-24 00:00:00,22.08,22.60,21.35,21.59,241314.06,21.59
2015-07-27 00:00:00,21.15,21.47,19.43,19.43,207688.09,19.43
2015-07-28 00:00:00,17.50,18.50,17.49,17.49,196361.63,17.49
2015-07-29 00:00:00,17.71,18.30,16.50,17.91,158747.43,17.91
2015-07-30 00:00:00,17.80,19.28,17.42,17.79,168864.49,17.79
2015-07-31 00:00:00,17.51,18.44,17.11,17.49,92702.21,17.49
2015-08-03 00:00:00,17.10,17.40,15.74,15.74,142954.44,15.74
2015-08-04 00:00:00,15.75,16.75,15.75,16.73,124108.03,16.73
2015-08-05 00:00:00,16.61,17.19,16.12,16.39,111962.15,16.39
2015-08-06 00:00:00,16.00,16.55,15.81,16.36,75801.68,16.36
2015-08-07 00:00:00,16.60,17.58,16.60,17.49,136589.77,17.49
2015-08-10 00:00:00,17.65,18.87,17.55,18.65,141666.90,18.65
2015-08-11 00:00:00,18.60,18.75,18.00,18.29,138747.05,18.29
2015-08-12 00:00:00,18.10,18.70,18.00,18.08,103746.99,18.08
2015-08-13 00:00:00,17.86,18.36,17.65,18.26,81426.51,18.26
2015-08-14 00:00:00,18.41,18.96,18.25,18.84,140901.24,18.84
2015-08-17 00:00:00,19.00,19.54,18.85,19.30,123909.11,19.30
2015-08-18 00:00:00,19.25,19.27,17.37,17.37,140469.76,17.37
2015-08-19 00:00:00,17.06,18.39,16.50,17.90,130495.19,17.90
2015-08-20 00:00:00,17.89,18.23,17.27,17.27,97675.00,17.27
2015-08-21 00:00:00,16.98,17.24,15.58,15.70,98307.12,15.70
2015-08-24 00:00:00,15.10,15.29,14.13,14.13,92273.08,14.13
2015-08-25 00:00:00,12.77,14.85,12.72,12.72,148940.15,12.72
2015-08-26 00:00:00,13.11,13.99,12.60,13.32,242661.21,13.32
2015-08-27 00:00:00,13.75,14.60,13.55,14.60,132272.12,14.60
2015-08-28 00:00:00,14.82,16.00,14.82,16.00,141514.09,16.00
2015-08-31 00:00:00,15.81,15.81,15.05,15.05,100993.77,15.05
2015-09-01 00:00:00,15.15,15.35,14.51,14.55,106965.07,14.55
2015-09-02 00:00:00,13.50,15.35,13.21,13.75,112163.87,13.75
2015-09-07 00:00:00,14.30,14.89,14.18,14.50,80094.96,14.50
2015-09-08 00:00:00,14.39,15.88,14.22,15.84,109231.84,15.84
2015-09-09 00:00:00,15.60,16.51,15.51,16.16,158836.46,16.16
2015-09-10 00:00:00,15.79,16.08,15.36,15.47,82143.26,15.47
2015-09-11 00:00:00,15.41,15.98,15.37,15.80,65042.07,15.80
2015-09-14 00:00:00,15.90,15.90,14.22,14.22,119510.83,14.22
2015-09-15 00:00:00,13.90,14.17,13.30,13.52,81034.94,13.52
2015-09-16 00:00:00,13.75,14.87,13.52,14.69,94223.53,14.69
2015-09-17 00:00:00,14.60,15.16,14.30,14.32,92409.55,14.32
2015-09-18 00:00:00,14.41,14.66,13.87,14.29,55508.24,14.29
2015-09-21 00:00:00,14.01,14.93,13.93,14.93,73982.36,14.93
2015-09-22 00:00:00,14.90,15.23,14.70,15.16,79882.38,15.16
2015-09-23 00:00:00,14.90,15.48,14.72,14.85,85318.37,14.85
2015-09-24 00:00:00,15.00,15.18,14.84,15.01,64559.61,15.01
2015-09-25 00:00:00,15.02,15.27,14.20,14.35,57920.84,14.35
2015-09-28 00:00:00,14.35,14.68,14.10,14.56,38961.64,14.56
2015-09-29 00:00:00,14.20,14.48,14.01,14.35,52252.99,14.35
2015-09-30 00:00:00,14.30,14.74,14.30,14.51,54811.91,14.51
2015-10-08 00:00:00,15.05,15.47,14.81,15.19,95845.80,15.19
2015-10-09 00:00:00,15.23,15.38,15.03,15.32,71363.37,15.32
2015-10-12 00:00:00,15.47,16.57,15.32,16.42,143607.41,16.42
2015-10-13 00:00:00,16.10,16.45,16.01,16.42,73820.86,16.42
2015-10-14 00:00:00,16.20,16.59,16.09,16.09,78796.80,16.09
2015-10-15 00:00:00,16.09,17.09,16.09,16.92,98935.77,16.92
2015-10-16 00:00:00,17.00,17.32,16.52,17.24,91060.87,17.24
2015-10-19 00:00:00,17.30,18.38,17.25,17.69,120638.84,17.69
2015-10-20 00:00:00,17.72,18.46,17.72,18.04,82938.34,18.04
2015-10-21 00:00:00,18.40,18.40,16.24,16.36,152597.91,16.36
2015-10-22 00:00:00,16.39,17.50,16.39,17.49,117212.02,17.49
2015-10-23 00:00:00,18.65,19.24,18.25,19.15,178992.01,19.15
2015-10-26 00:00:00,19.10,20.61,19.10,19.36,241938.73,19.36
2015-10-27 00:00:00,19.17,20.36,18.90,19.95,178577.01,19.95
2015-10-28 00:00:00,19.81,19.81,18.53,18.77,169780.73,18.77
2015-10-29 00:00:00,19.05,19.20,18.35,18.71,93300.20,18.71
2015-10-30 00:00:00,18.88,19.98,18.71,19.40,166257.74,19.40
2015-11-02 00:00:00,19.01,19.95,18.73,19.00,111879.77,19.00
2015-11-03 00:00:00,19.20,19.89,19.20,19.48,119676.30,19.48
2015-11-04 00:00:00,19.64,20.68,19.40,20.40,172270.62,20.40
2015-11-05 00:00:00,20.40,20.85,19.80,20.13,131995.41,20.13
2015-11-06 00:00:00,20.12,20.48,20.12,20.35,97854.22,20.35
2015-11-09 00:00:00,20.33,21.65,20.10,21.09,161797.10,21.09
2015-11-10 00:00:00,20.82,21.73,20.82,21.21,112751.59,21.21
2015-11-11 00:00:00,21.23,21.58,20.96,21.43,77422.76,21.43
2015-11-12 00:00:00,21.68,22.42,21.48,21.89,102006.79,21.89
2015-11-13 00:00:00,21.61,21.89,20.89,21.00,105207.91,21.00
2015-11-16 00:00:00,20.60,22.00,20.38,21.66,88114.80,21.66
2015-11-17 00:00:00,22.01,22.23,20.90,21.28,100367.69,21.28
2015-11-18 00:00:00,21.00,21.27,20.50,20.66,68729.03,20.66
2015-11-19 00:00:00,20.58,20.98,20.40,20.98,52042.72,20.98
2015-11-20 00:00:00,20.97,21.30,20.85,21.15,54987.10,21.15
2015-11-23 00:00:00,20.71,21.53,20.71,20.97,68834.98,20.97
2015-11-24 00:00:00,21.06,21.35,20.50,21.12,47763.81,21.12
2015-11-25 00:00:00,21.14,23.23,21.14,23.23,112737.68,23.23
2015-11-26 00:00:00,23.85,23.96,22.62,23.24,116482.13,23.24
2015-11-27 00:00:00,22.81,23.87,22.40,23.10,145412.42,23.10
2015-11-30 00:00:00,23.00,23.59,21.33,22.83,110002.21,22.83
2015-12-01 00:00:00,22.68,24.33,22.40,23.85,108295.95,23.85
2015-12-02 00:00:00,23.80,23.80,22.70,23.36,77090.70,23.36
2015-12-03 00:00:00,23.36,24.75,23.11,24.53,96197.04,24.53
2015-12-04 00:00:00,24.40,24.76,24.06,24.76,87654.82,24.76
2015-12-07 00:00:00,24.82,25.68,24.63,24.92,95701.49,24.92
2015-12-08 00:00:00,24.70,25.38,24.55,25.08,74898.90,25.08
2015-12-09 00:00:00,24.89,25.68,24.01,24.50,81403.72,24.50
2015-12-10 00:00:00,24.38,24.82,24.11,24.42,40844.74,24.42
2015-12-11 00:00:00,24.25,24.42,23.58,24.20,56202.80,24.20
2015-12-14 00:00:00,23.98,24.35,23.30,23.98,63922.17,23.98
2015-12-15 00:00:00,24.10,24.97,23.90,24.50,49718.27,24.50
2015-12-16 00:00:00,24.49,25.20,24.26,24.98,67195.43,24.98
2015-12-17 00:00:00,25.00,25.45,24.90,25.25,54688.01,25.25
2015-12-18 00:00:00,25.26,25.48,24.60,24.90,54500.13,24.90
2015-12-21 00:00:00,24.78,25.74,24.62,25.26,68973.16,25.26
2015-12-22 00:00:00,25.28,25.53,24.72,25.22,47126.60,25.22
2015-12-23 00:00:00,25.15,25.32,24.30,24.68,62164.70,24.68
2015-12-24 00:00:00,24.47,24.88,23.60,23.91,60078.60,23.91
2015-12-25 00:00:00,24.10,24.25,23.80,24.11,32817.01,24.11
2015-12-28 00:00:00,24.48,24.65,23.61,23.93,50632.33,23.93
2015-12-29 00:00:00,23.83,24.38,23.70,24.09,44859.24,24.09
2015-12-30 00:00:00,24.25,24.30,23.98,24.30,41849.83,24.30
2015-12-31 00:00:00,24.39,24.49,23.80,24.27,47458.44,24.27
2016-01-04 00:00:00,24.16,24.16,22.11,22.21,47712.49,22.21
2016-01-05 00:00:00,20.67,22.40,20.02,21.50,93660.41,21.50
2016-01-06 00:00:00,21.76,22.18,20.93,21.80,53123.07,21.80
2016-01-07 00:00:00,21.10,21.20,19.62,19.62,16333.00,19.62
2016-01-08 00:00:00,20.20,20.25,18.28,19.80,99458.16,19.80
2016-01-11 00:00:00,19.15,19.60,17.82,17.82,74626.16,17.82
2016-01-12 00:00:00,17.97,17.98,16.72,17.28,74954.09,17.28
2016-01-13 00:00:00,17.36,17.61,16.35,16.35,63711.12,16.35
2016-01-14 00:00:00,15.82,17.30,15.60,17.07,63790.51,17.07
2016-01-15 00:00:00,17.00,18.36,16.80,17.44,121934.90,17.44
2016-01-18 00:00:00,17.00,19.07,16.40,18.79,102725.39,18.79
2016-01-19 00:00:00,18.80,20.21,18.75,20.00,111990.54,20.00
2016-01-20 00:00:00,19.70,20.80,19.60,20.51,88318.79,20.51
2016-01-21 00:00:00,20.00,20.98,19.83,19.88,83164.11,19.88
2016-01-22 00:00:00,20.00,20.82,18.45,19.35,76894.58,19.35
2016-01-25 00:00:00,19.63,20.00,19.19,19.57,43160.54,19.57
2016-01-26 00:00:00,19.10,20.33,18.10,18.60,79750.12,18.60
2016-01-27 00:00:00,18.45,18.87,17.02,18.09,62516.66,18.09
2016-01-28 00:00:00,17.67,18.18,16.90,17.13,48458.80,17.13
2016-01-29 00:00:00,17.06,18.24,16.41,17.99,58151.00,17.99
2016-02-01 00:00:00,17.90,18.00,16.99,17.07,40385.65,17.07
2016-02-02 00:00:00,17.15,18.14,17.15,17.82,41003.88,17.82
2016-02-03 00:00:00,17.80,17.99,17.41,17.96,25589.00,17.96
2016-02-04 00:00:00,18.06,18.80,18.06,18.64,45765.67,18.64
2016-02-05 00:00:00,18.70,19.10,18.30,18.50,48654.23,18.50
2016-02-15 00:00:00,17.66,18.45,17.66,18.15,31832.01,18.15
2016-02-16 00:00:00,18.21,18.92,18.21,18.88,41431.52,18.88
2016-02-17 00:00:00,18.79,18.83,18.13,18.68,60069.69,18.68
2016-02-18 00:00:00,18.69,19.49,18.68,18.87,68541.73,18.87
2016-02-19 00:00:00,18.87,19.34,18.35,18.50,68736.19,18.50
2016-02-22 00:00:00,19.10,20.35,18.77,20.35,292417.51,20.35
2016-02-23 00:00:00,20.74,22.30,20.35,21.11,372470.88,21.11
2016-02-24 00:00:00,21.05,21.90,20.51,21.12,192749.86,21.12
2016-02-25 00:00:00,21.00,21.12,19.11,19.70,153471.65,19.70
2016-02-26 00:00:00,20.05,20.95,19.45,20.46,140264.65,20.46
2016-02-29 00:00:00,20.26,20.70,18.89,19.85,132441.06,19.85
2016-03-01 00:00:00,19.97,20.28,17.87,18.60,160315.86,18.60
2016-03-02 00:00:00,18.60,20.46,18.55,20.46,111992.64,20.46
2016-03-03 00:00:00,20.75,21.90,20.58,21.22,150193.84,21.22
2016-03-04 00:00:00,21.03,21.27,19.17,19.32,182714.10,19.32
2016-03-07 00:00:00,19.60,19.94,19.24,19.56,111937.54,19.56
2016-03-08 00:00:00,19.57,19.57,18.20,19.10,107608.40,19.10
2016-03-09 00:00:00,18.65,19.29,18.47,18.75,101824.07,18.75
2016-03-10 00:00:00,18.76,19.08,18.03,18.24,124224.61,18.24
2016-03-11 00:00:00,18.00,18.00,16.95,17.70,106601.69,17.70
2016-03-14 00:00:00,17.97,19.05,17.74,19.00,106479.47,19.00
2016-03-15 00:00:00,18.80,19.15,18.21,18.50,72258.24,18.50
2016-03-16 00:00:00,18.70,18.83,17.81,18.09,55413.74,18.09
2016-03-17 00:00:00,18.12,19.90,18.12,19.75,151211.54,19.75
2016-03-18 00:00:00,19.95,21.73,19.76,21.18,210927.85,21.18
2016-03-21 00:00:00,21.90,22.18,21.11,21.79,156670.03,21.79
2016-03-22 00:00:00,21.56,23.96,21.51,22.75,224985.65,22.75
2016-03-23 00:00:00,22.36,23.02,21.80,22.60,167042.60,22.60
2016-03-24 00:00:00,22.25,24.85,21.82,23.58,265021.52,23.58
2016-03-25 00:00:00,23.07,23.90,22.28,23.03,149022.07,23.03
2016-03-28 00:00:00,23.08,23.28,22.00,22.38,145990.59,22.38
2016-03-29 00:00:00,22.38,22.43,20.85,21.30,165546.83,21.30
2016-03-30 00:00:00,21.70,22.37,21.13,22.24,152106.53,22.24
2016-03-31 00:00:00,22.40,23.17,22.09,22.49,166949.24,22.49
2016-04-01 00:00:00,22.25,22.73,21.60,21.95,120092.22,21.95
2016-04-05 00:00:00,21.95,23.10,21.80,22.81,126282.55,22.81
2016-04-06 00:00:00,22.78,23.35,22.65,23.01,156080.81,23.01
2016-04-07 00:00:00,23.10,23.35,22.25,22.50,171039.28,22.50
2016-04-08 00:00:00,22.22,22.49,21.00,22.41,122274.12,22.41
2016-04-11 00:00:00,22.86,23.53,22.60,22.98,128516.86,22.98
2016-04-12 00:00:00,22.81,23.28,22.52,23.18,82108.10,23.18
2016-04-13 00:00:00,23.58,24.14,23.19,23.33,147154.21,23.33
2016-04-14 00:00:00,23.25,23.50,23.02,23.35,74716.19,23.35
2016-04-15 00:00:00,23.39,23.44,22.98,23.13,64136.21,23.13
2016-04-18 00:00:00,22.80,22.95,22.10,22.68,105573.72,22.68
2016-04-19 00:00:00,22.70,22.79,21.98,22.25,97380.10,22.25
2016-04-20 00:00:00,22.00,22.54,20.03,20.42,183709.30,20.42
2016-04-21 00:00:00,20.20,21.16,19.78,20.39,128868.93,20.39
2016-04-22 00:00:00,20.03,21.80,20.00,21.80,145186.11,21.80
2016-04-25 00:00:00,21.60,21.60,20.81,21.22,107821.33,21.22
2016-04-26 00:00:00,21.35,21.35,21.00,21.34,50333.83,21.34
2016-04-27 00:00:00,21.41,22.36,21.19,21.94,102561.75,21.94
2016-04-28 00:00:00,21.85,22.64,21.46,22.50,103026.27,22.50
2016-04-29 00:00:00,22.90,23.69,22.73,22.98,151497.00,22.98
2016-05-03 00:00:00,22.82,23.28,22.45,23.11,106044.72,23.11
2016-05-04 00:00:00,23.00,23.91,22.97,23.51,112830.44,23.51
2016-05-05 00:00:00,23.50,23.52,22.59,22.94,116128.27,22.94
2016-05-06 00:00:00,23.00,23.09,21.43,21.78,156503.23,21.78
2016-05-09 00:00:00,21.51,21.52,20.30,20.55,103665.29,20.55
2016-05-10 00:00:00,20.55,20.75,20.30,20.38,59737.47,20.38
2016-05-11 00:00:00,20.61,21.16,20.05,20.45,101594.28,20.45
2016-05-12 00:00:00,20.21,20.58,19.70,20.48,66790.77,20.48
2016-05-13 00:00:00,20.46,20.75,20.20,20.22,59666.49,20.22
2016-05-16 00:00:00,20.00,20.86,19.89,20.86,68457.15,20.86
2016-05-17 00:00:00,20.73,20.95,20.40,20.66,48599.13,20.66
2016-05-18 00:00:00,20.50,20.74,19.95,20.37,57967.02,20.37
2016-05-19 00:00:00,20.37,20.95,20.20,20.53,59334.04,20.53
2016-05-20 00:00:00,20.28,20.63,20.15,20.57,41728.51,20.57
2016-05-23 00:00:00,20.80,21.75,20.80,21.59,128932.95,21.59
2016-05-24 00:00:00,21.55,22.12,21.31,21.77,97132.37,21.77
2016-05-25 00:00:00,21.90,21.99,21.03,21.33,68707.44,21.33
2016-05-26 00:00:00,21.15,21.45,20.60,21.32,46857.24,21.32
2016-05-27 00:00:00,21.32,22.36,21.32,22.11,121697.84,22.11
2016-05-30 00:00:00,21.79,22.13,21.38,21.48,79637.97,21.48
2016-05-31 00:00:00,21.50,22.22,21.35,22.17,136845.72,22.17
2016-06-01 00:00:00,22.21,22.50,21.95,21.96,96565.40,21.96
2016-06-02 00:00:00,21.96,22.18,21.68,22.18,67160.09,22.18
2016-06-03 00:00:00,22.18,22.26,21.72,21.91,67901.14,21.91
2016-06-06 00:00:00,21.93,22.05,21.39,21.56,80113.32,21.56
2016-06-07 00:00:00,21.70,21.77,21.35,21.65,55182.63,21.65
2016-06-08 00:00:00,21.66,21.75,21.34,21.69,71110.99,21.69
2016-06-13 00:00:00,21.40,21.50,20.40,20.42,64347.58,20.42
2016-06-14 00:00:00,20.31,20.54,20.03,20.30,58008.85,20.30
2016-06-15 00:00:00,20.36,21.49,20.35,21.38,74453.81,21.38
2016-06-16 00:00:00,21.37,21.56,20.91,21.28,65605.53,21.28
2016-06-17 00:00:00,21.43,21.43,21.00,21.18,48125.89,21.18
2016-06-20 00:00:00,21.43,21.81,21.18,21.50,84472.48,21.50
2016-06-21 00:00:00,21.57,21.72,20.55,20.55,129727.63,20.55
2016-06-22 00:00:00,10.09,10.33,10.03,10.32,96314.65,10.32
2016-06-23 00:00:00,10.33,10.33,10.00,10.16,99609.04,10.16
2016-06-24 00:00:00,10.20,10.34,9.51,9.93,182732.50,9.93
2016-06-27 00:00:00,9.94,10.12,9.91,10.07,117705.80,10.07
2016-06-28 00:00:00,10.01,10.06,9.74,9.98,173483.37,9.98
2016-06-29 00:00:00,10.00,10.32,9.95,10.18,214548.46,10.18
2016-06-30 00:00:00,10.16,10.22,10.02,10.13,95592.27,10.13
2016-07-01 00:00:00,10.16,10.30,10.09,10.19,128349.41,10.19
2016-07-04 00:00:00,10.09,10.30,10.06,10.26,169116.91,10.26
2016-07-05 00:00:00,10.28,10.31,10.01,10.19,189234.10,10.19
2016-07-06 00:00:00,10.13,10.13,9.85,9.96,330374.17,9.96
2016-07-07 00:00:00,9.98,10.09,9.92,10.01,210056.60,10.01
2016-07-08 00:00:00,9.98,10.06,9.88,9.99,156670.89,9.99
2016-07-11 00:00:00,9.98,10.49,9.90,10.30,393385.22,10.30
2016-07-12 00:00:00,10.22,10.42,10.03,10.29,238231.95,10.29
2016-07-13 00:00:00,10.37,10.48,10.12,10.24,310424.88,10.24
2016-07-14 00:00:00,10.24,10.34,10.18,10.30,153276.50,10.30
2016-07-15 00:00:00,10.33,10.35,10.15,10.19,158130.55,10.19
2016-07-18 00:00:00,10.21,11.10,10.18,10.73,446759.46,10.73
2016-07-19 00:00:00,10.61,10.98,10.44,10.90,341387.58,10.90
2016-07-20 00:00:00,10.98,10.98,10.66,10.68,209478.66,10.68
2016-07-21 00:00:00,10.71,10.78,10.54,10.63,175046.63,10.63
2016-07-22 00:00:00,10.60,10.95,10.54,10.69,241707.00,10.69
2016-07-25 00:00:00,10.61,10.98,10.61,10.87,265768.33,10.87
2016-07-26 00:00:00,10.87,10.96,10.80,10.90,153991.28,10.90
2016-07-27 00:00:00,10.91,11.30,10.30,10.66,434473.94,10.66
2016-07-28 00:00:00,10.68,11.14,10.45,11.07,318581.98,11.07
2016-07-29 00:00:00,11.01,11.16,10.73,10.99,201476.44,10.99
2016-08-01 00:00:00,10.84,10.90,10.10,10.39,241163.20,10.39
2016-08-02 00:00:00,10.34,10.47,10.16,10.31,115548.95,10.31
2016-08-03 00:00:00,10.30,10.30,10.05,10.16,166727.40,10.16
2016-08-04 00:00:00,10.17,10.26,10.13,10.21,94239.17,10.21
2016-08-05 00:00:00,10.21,10.23,10.06,10.10,102839.80,10.10
2016-08-08 00:00:00,10.08,10.08,9.87,10.00,168163.41,10.00
2016-08-09 00:00:00,10.01,10.18,9.98,10.15,118301.77,10.15
2016-08-10 00:00:00,10.15,10.15,9.97,10.00,135791.04,10.00
2016-08-11 00:00:00,10.04,10.04,9.83,9.85,139543.00,9.85
2016-08-12 00:00:00,9.81,9.89,9.67,9.86,142819.96,9.86
2016-08-15 00:00:00,9.86,10.19,9.82,10.09,193502.42,10.09
2016-08-16 00:00:00,10.11,10.14,10.00,10.06,153510.26,10.06
2016-08-17 00:00:00,10.06,10.18,10.01,10.05,170838.77,10.05
2016-08-18 00:00:00,10.06,10.10,9.92,10.04,197673.44,10.04
2016-08-19 00:00:00,10.00,10.04,9.91,9.96,104354.46,9.96
2016-08-22 00:00:00,9.96,9.98,9.86,9.90,102299.98,9.90
2016-08-23 00:00:00,9.89,9.92,9.86,9.89,71445.69,9.89
2016-08-24 00:00:00,9.91,9.94,9.85,9.90,85663.96,9.90
2016-08-25 00:00:00,9.89,9.89,9.60,9.71,132293.01,9.71
2016-08-26 00:00:00,9.72,9.97,9.71,9.91,118677.56,9.91
2016-08-29 00:00:00,9.75,9.84,9.54,9.58,219477.10,9.58
2016-08-30 00:00:00,9.59,9.64,9.50,9.53,106496.58,9.53
2016-08-31 00:00:00,9.57,9.58,9.48,9.52,82009.44,9.52
2016-09-01 00:00:00,9.55,9.65,9.49,9.50,101162.54,9.50
2016-09-02 00:00:00,9.50,9.54,9.36,9.37,100341.78,9.37
2016-09-05 00:00:00,9.40,9.43,9.21,9.26,125004.08,9.26
2016-09-06 00:00:00,9.24,9.33,9.00,9.30,225504.22,9.30
2016-09-07 00:00:00,9.30,9.34,9.19,9.21,129002.32,9.21
2016-09-08 00:00:00,9.28,9.47,9.25,9.39,190276.68,9.39
2016-09-09 00:00:00,9.40,9.44,9.25,9.26,97280.00,9.26
2016-09-12 00:00:00,9.11,9.15,8.90,8.93,140476.70,8.93
2016-09-13 00:00:00,8.94,9.05,8.92,8.97,74970.00,8.97
2016-09-14 00:00:00,8.95,8.97,8.87,8.91,77031.15,8.91
2016-09-19 00:00:00,8.91,8.96,8.91,8.95,49932.84,8.95
2016-09-20 00:00:00,8.95,9.15,8.93,9.08,95352.29,9.08
2016-09-21 00:00:00,9.08,9.15,9.02,9.03,50104.73,9.03
2016-09-22 00:00:00,9.08,9.15,9.03,9.13,85281.17,9.13
2016-09-23 00:00:00,9.12,9.17,9.00,9.02,72266.92,9.02
2016-09-26 00:00:00,9.01,9.02,8.87,8.88,63841.82,8.88
2016-09-27 00:00:00,8.87,8.90,8.59,8.77,112960.93,8.77
2016-09-28 00:00:00,8.77,8.77,8.63,8.69,57312.19,8.69
2016-09-29 00:00:00,8.69,8.76,8.66,8.68,54099.42,8.68
2016-09-30 00:00:00,8.69,8.73,8.65,8.72,55263.42,8.72
2016-10-10 00:00:00,8.73,8.88,8.72,8.87,96549.41,8.87
2016-10-11 00:00:00,8.87,9.12,8.83,9.06,121041.06,9.06
2016-10-12 00:00:00,9.06,9.23,9.02,9.11,120812.06,9.11
2016-10-13 00:00:00,9.11,9.14,9.01,9.04,74992.05,9.04
2016-10-14 00:00:00,9.03,9.04,8.97,9.03,56494.61,9.03
2016-10-17 00:00:00,9.04,9.11,8.95,8.96,85377.03,8.96
2016-10-18 00:00:00,8.93,9.02,8.90,9.00,74360.50,9.00
2016-10-19 00:00:00,9.01,9.05,8.97,9.01,60309.42,9.01
2016-10-20 00:00:00,9.00,9.11,8.99,9.09,88777.36,9.09
2016-10-21 00:00:00,9.08,9.08,8.94,8.99,68021.52,8.99
2016-10-24 00:00:00,9.00,9.08,8.98,9.04,68328.96,9.04
2016-10-25 00:00:00,9.05,9.20,9.02,9.16,102859.36,9.16
2016-10-26 00:00:00,9.15,9.19,9.03,9.07,82389.02,9.07
2016-10-27 00:00:00,9.02,9.06,8.79,8.89,181031.59,8.89
2016-10-28 00:00:00,8.83,8.91,8.80,8.84,70577.40,8.84
2016-10-31 00:00:00,8.84,8.86,8.77,8.85,56648.72,8.85
2016-11-01 00:00:00,8.81,9.00,8.81,8.98,89719.90,8.98
2016-11-02 00:00:00,8.96,8.98,8.89,8.94,54353.48,8.94
2016-11-03 00:00:00,8.95,9.07,8.90,9.02,86675.95,9.02
2016-11-04 00:00:00,9.08,9.08,9.00,9.04,67021.18,9.04
2016-11-07 00:00:00,9.03,9.06,8.92,8.93,57961.51,8.93
2016-11-08 00:00:00,8.95,8.98,8.90,8.95,53082.62,8.95
2016-11-09 00:00:00,8.95,8.97,8.80,8.88,72120.64,8.88
2016-11-10 00:00:00,8.95,8.96,8.91,8.95,69556.54,8.95
2016-11-11 00:00:00,8.95,8.96,8.89,8.95,67566.15,8.95
2016-11-14 00:00:00,8.95,9.05,8.88,8.98,116318.09,8.98
2016-11-15 00:00:00,8.98,9.79,8.96,9.53,403669.60,9.53
2016-11-16 00:00:00,9.45,9.49,9.30,9.39,196182.73,9.39
2016-11-17 00:00:00,9.31,9.47,9.30,9.33,111417.45,9.33
2016-11-18 00:00:00,9.30,9.34,9.20,9.22,90583.98,9.22
2016-11-21 00:00:00,9.22,9.34,9.19,9.24,71054.88,9.24
2016-11-22 00:00:00,9.20,9.29,9.20,9.28,76469.65,9.28
2016-11-23 00:00:00,9.29,9.31,9.23,9.24,70997.73,9.24
2016-11-24 00:00:00,9.24,9.30,9.18,9.19,66634.01,9.19
2016-11-25 00:00:00,9.21,9.21,8.98,9.10,99390.20,9.10
2016-11-28 00:00:00,9.09,9.11,9.02,9.05,102981.83,9.05
2016-11-29 00:00:00,9.04,9.08,9.00,9.00,64093.07,9.00
2016-11-30 00:00:00,9.00,9.03,8.94,9.02,68855.87,9.02
2016-12-01 00:00:00,9.02,9.12,8.92,8.98,113225.28,8.98
2016-12-02 00:00:00,8.97,9.00,8.86,8.86,64562.00,8.86
2016-12-05 00:00:00,8.78,8.88,8.70,8.82,43820.54,8.82
2016-12-06 00:00:00,8.83,8.91,8.79,8.87,37986.43,8.87
2016-12-07 00:00:00,8.87,8.94,8.86,8.94,34258.21,8.94
2016-12-08 00:00:00,8.94,8.96,8.86,8.89,38649.12,8.89
2016-12-09 00:00:00,8.91,8.93,8.79,8.80,46556.22,8.80
2016-12-12 00:00:00,8.81,8.86,8.31,8.33,104094.20,8.33
2016-12-13 00:00:00,8.33,8.40,8.28,8.35,47945.92,8.35
2016-12-14 00:00:00,8.32,8.38,8.28,8.28,44554.47,8.28
2016-12-15 00:00:00,8.26,8.37,8.24,8.31,44657.40,8.31
2016-12-16 00:00:00,8.32,8.42,8.31,8.38,41248.96,8.38
2016-12-19 00:00:00,8.38,8.39,8.31,8.34,27761.99,8.34
2016-12-20 00:00:00,8.31,8.49,8.31,8.39,60355.03,8.39
2016-12-21 00:00:00,8.39,8.45,8.36,8.42,38341.32,8.42
2016-12-22 00:00:00,8.46,8.59,8.42,8.54,78616.68,8.54
2016-12-23 00:00:00,8.55,8.55,8.34,8.35,45658.52,8.35
2016-12-26 00:00:00,8.36,8.38,8.21,8.34,34596.80,8.34
2016-12-27 00:00:00,8.37,8.39,8.31,8.33,29777.24,8.33
2016-12-28 00:00:00,8.36,8.37,8.25,8.27,41534.00,8.27
2016-12-29 00:00:00,8.26,8.34,8.22,8.25,48349.55,8.25
2016-12-30 00:00:00,8.25,8.46,8.22,8.35,60868.58,8.35
2017-01-03 00:00:00,8.32,8.39,8.27,8.37,49014.93,8.37
2017-01-04 00:00:00,8.36,8.50,8.33,8.50,78924.91,8.50
2017-01-05 00:00:00,8.50,8.54,8.43,8.44,40312.82,8.44
2017-01-06 00:00:00,8.44,8.46,8.37,8.40,37034.35,8.40
2017-01-09 00:00:00,8.39,8.43,8.34,8.40,28973.12,8.40
2017-01-10 00:00:00,8.40,8.44,8.38,8.43,40787.28,8.43
2017-01-11 00:00:00,8.50,8.64,8.45,8.48,96919.37,8.48
2017-01-12 00:00:00,8.43,8.45,8.27,8.28,64162.16,8.28
2017-01-13 00:00:00,8.28,8.30,8.09,8.13,50563.00,8.13
2017-01-16 00:00:00,8.13,8.13,7.61,7.85,95159.74,7.85
2017-01-17 00:00:00,7.84,7.85,7.71,7.82,50596.55,7.82
2017-01-18 00:00:00,7.82,7.85,7.77,7.78,34230.49,7.78
2017-01-19 00:00:00,7.78,7.84,7.66,7.73,64620.16,7.73
2017-01-20 00:00:00,7.74,7.92,7.73,7.85,50426.50,7.85
2017-01-23 00:00:00,7.85,7.95,7.84,7.95,52714.50,7.95
2017-01-24 00:00:00,7.90,7.95,7.85,7.92,40332.53,7.92
2017-01-25 00:00:00,7.90,7.96,7.87,7.93,28568.25,7.93
2017-01-26 00:00:00,7.91,7.99,7.91,7.98,24049.48,7.98
2017-02-03 00:00:00,7.99,7.99,7.94,7.97,18524.51,7.97
2017-02-06 00:00:00,7.96,8.06,7.95,8.05,37725.53,8.05
2017-02-07 00:00:00,8.01,8.10,8.01,8.06,32233.36,8.06
2017-02-08 00:00:00,8.06,8.13,8.02,8.13,32963.10,8.13
2017-02-09 00:00:00,8.12,8.46,8.11,8.46,182617.17,8.46
2017-02-10 00:00:00,8.49,8.82,8.42,8.72,251462.49,8.72
2017-02-13 00:00:00,8.70,8.75,8.52,8.67,136461.50,8.67
2017-02-14 00:00:00,8.66,8.80,8.54,8.80,125257.44,8.80
2017-02-15 00:00:00,8.82,8.82,8.52,8.53,92316.14,8.53
2017-02-16 00:00:00,8.51,8.68,8.50,8.68,68821.33,8.68
2017-02-17 00:00:00,8.70,8.70,8.50,8.52,63365.86,8.52
2017-02-20 00:00:00,8.55,8.61,8.51,8.57,47395.16,8.57
2017-02-21 00:00:00,8.61,8.84,8.57,8.79,107049.57,8.79
2017-02-22 00:00:00,8.80,8.83,8.73,8.81,74942.22,8.81
2017-02-23 00:00:00,8.84,8.84,8.55,8.63,86333.34,8.63
2017-02-24 00:00:00,8.66,8.66,8.51,8.55,64294.74,8.55
2017-02-27 00:00:00,8.53,8.64,8.51,8.54,73892.72,8.54
2017-02-28 00:00:00,8.54,8.61,8.49,8.58,56589.19,8.58
2017-03-01 00:00:00,8.60,8.60,8.51,8.52,56867.47,8.52
2017-03-02 00:00:00,8.55,8.55,8.37,8.38,59988.39,8.38
2017-03-03 00:00:00,8.36,8.40,8.29,8.38,48144.14,8.38
2017-03-06 00:00:00,8.40,8.46,8.32,8.44,50937.47,8.44
2017-03-07 00:00:00,8.45,8.52,8.43,8.49,37054.90,8.49
2017-03-08 00:00:00,8.52,8.53,8.45,8.48,41858.25,8.48
2017-03-09 00:00:00,8.47,8.48,8.34,8.35,43143.75,8.35
2017-03-10 00:00:00,8.35,8.42,8.33,8.36,35841.00,8.36
2017-03-13 00:00:00,8.36,8.47,8.32,8.45,49491.03,8.45
2017-03-14 00:00:00,8.44,8.47,8.33,8.38,47747.20,8.38
2017-03-15 00:00:00,8.38,8.45,8.34,8.39,30794.00,8.39
2017-03-16 00:00:00,8.37,8.48,8.37,8.46,50340.39,8.46
2017-03-17 00:00:00,8.48,8.48,8.35,8.36,54454.03,8.36
2017-03-20 00:00:00,8.36,8.40,8.14,8.25,100252.92,8.25
2017-03-21 00:00:00,8.26,8.29,8.16,8.28,55669.17,8.28
2017-03-22 00:00:00,8.26,8.27,8.17,8.19,46947.75,8.19
2017-03-23 00:00:00,8.19,8.22,8.00,8.05,70116.04,8.05
2017-03-24 00:00:00,8.06,8.24,8.05,8.24,69936.78,8.24
2017-03-27 00:00:00,8.25,8.33,8.20,8.24,50970.23,8.24
2017-03-28 00:00:00,8.24,8.28,8.15,8.26,51979.41,8.26
2017-03-29 00:00:00,8.26,8.52,8.17,8.36,116659.94,8.36
2017-03-30 00:00:00,8.31,8.39,8.20,8.23,82952.67,8.23
2017-03-31 00:00:00,8.25,8.25,8.08,8.14,52619.13,8.14
2017-04-05 00:00:00,8.20,8.30,8.16,8.30,49938.67,8.30
2017-04-06 00:00:00,8.29,8.31,8.24,8.29,59379.27,8.29
2017-04-07 00:00:00,8.29,8.43,8.25,8.35,67401.63,8.35
2017-04-10 00:00:00,8.32,8.48,8.32,8.38,92066.61,8.38
2017-04-11 00:00:00,8.33,8.47,8.33,8.47,84211.75,8.47
2017-04-12 00:00:00,8.50,8.53,8.42,8.43,77258.48,8.43
2017-04-13 00:00:00,8.46,8.46,8.35,8.39,38814.93,8.39
2017-04-14 00:00:00,8.40,8.41,8.24,8.27,56403.71,8.27
2017-04-17 00:00:00,8.26,8.26,8.09,8.17,45487.19,8.17
2017-04-18 00:00:00,8.17,8.20,8.05,8.08,46179.57,8.08
2017-04-19 00:00:00,8.10,8.10,7.87,7.95,46483.43,7.95
2017-04-20 00:00:00,7.95,8.03,7.85,7.89,33282.93,7.89
2017-04-21 00:00:00,7.89,7.93,7.83,7.86,30484.99,7.86
2017-04-24 00:00:00,7.86,7.93,7.63,7.91,50751.98,7.91
2017-04-25 00:00:00,7.91,7.95,7.81,7.86,25466.32,7.86
2017-04-26 00:00:00,7.86,7.90,7.80,7.81,20025.84,7.81
2017-04-27 00:00:00,7.79,7.82,7.59,7.76,43986.89,7.76
2017-04-28 00:00:00,7.75,7.85,7.74,7.83,28510.40,7.83
2017-05-02 00:00:00,7.82,7.87,7.78,7.85,25165.06,7.85
2017-05-03 00:00:00,7.85,7.87,7.79,7.79,27221.87,7.79
2017-05-04 00:00:00,7.79,7.88,7.75,7.83,24163.28,7.83
2017-05-05 00:00:00,7.85,7.85,7.75,7.78,19439.74,7.78
2017-05-08 00:00:00,7.70,7.76,7.60,7.63,29907.54,7.63
2017-05-09 00:00:00,7.55,7.62,7.46,7.57,30916.86,7.57
2017-05-10 00:00:00,7.61,7.62,7.38,7.40,33564.83,7.40
2017-05-11 00:00:00,7.40,7.40,7.10,7.27,52719.96,7.27
2017-05-12 00:00:00,7.26,7.30,7.18,7.28,22822.03,7.28
2017-05-15 00:00:00,7.29,7.32,7.15,7.15,38746.00,7.15
2017-05-16 00:00:00,7.16,7.25,7.06,7.20,68771.69,7.20
2017-05-17 00:00:00,7.21,7.28,7.12,7.17,66962.20,7.17
2017-05-18 00:00:00,7.11,7.19,7.10,7.12,44963.98,7.12
2017-05-19 00:00:00,7.11,7.25,7.11,7.21,53780.90,7.21
2017-05-22 00:00:00,7.19,7.22,7.06,7.11,41413.18,7.11
2017-05-23 00:00:00,7.02,7.02,6.70,6.70,65015.86,6.70
2017-05-24 00:00:00,6.67,6.87,6.53,6.82,83646.28,6.82
2017-05-25 00:00:00,6.80,6.87,6.76,6.85,46631.47,6.85
2017-05-26 00:00:00,6.85,6.91,6.82,6.87,28294.42,6.87
2017-05-31 00:00:00,7.00,7.06,6.87,6.88,36853.05,6.88
2017-06-01 00:00:00,6.90,6.90,6.62,6.66,35914.04,6.66
2017-06-02 00:00:00,6.56,6.69,6.50,6.66,60196.73,6.66
2017-06-05 00:00:00,6.66,6.72,6.62,6.69,24988.98,6.69
2017-06-06 00:00:00,6.68,6.74,6.67,6.72,22124.63,6.72
2017-06-07 00:00:00,6.72,6.93,6.71,6.91,40788.77,6.91
2017-06-08 00:00:00,6.90,6.93,6.86,6.88,30407.11,6.88
2017-06-09 00:00:00,6.88,6.90,6.80,6.87,39439.53,6.87
2017-06-12 00:00:00,6.84,7.50,6.81,7.42,191987.48,7.42
2017-06-13 00:00:00,7.35,7.59,7.21,7.25,213380.21,7.25
2017-06-14 00:00:00,7.25,7.34,7.19,7.30,93095.54,7.30
2017-06-15 00:00:00,7.31,7.78,7.24,7.41,207241.71,7.41
2017-06-16 00:00:00,7.40,7.51,7.35,7.43,57228.22,7.43
2017-06-19 00:00:00,7.39,8.00,7.35,7.89,347841.77,7.89
2017-06-20 00:00:00,7.89,8.08,7.56,7.67,301055.87,7.67
2017-06-21 00:00:00,7.63,7.76,7.52,7.69,145551.75,7.69
2017-06-22 00:00:00,7.69,7.70,7.49,7.49,90349.25,7.49
2017-06-23 00:00:00,7.42,7.58,7.23,7.45,113854.25,7.45
2017-06-26 00:00:00,7.39,7.89,7.37,7.63,209715.72,7.63
2017-06-27 00:00:00,7.68,8.27,7.65,8.09,624978.70,8.09
2017-08-16 00:00:00,8.00,8.16,7.60,7.72,289480.55,7.72
2017-08-17 00:00:00,7.62,8.37,7.52,8.14,541101.07,8.14
2017-08-18 00:00:00,8.04,8.33,7.84,7.98,334425.82,7.98
2017-08-21 00:00:00,7.90,8.58,7.77,8.15,652670.15,8.15
2017-08-22 00:00:00,8.09,8.24,7.94,7.98,282356.00,7.98
2017-08-23 00:00:00,7.93,8.02,7.85,7.88,150687.06,7.88
2017-08-24 00:00:00,7.87,7.91,7.54,7.60,175501.87,7.60
2017-08-25 00:00:00,7.58,7.93,7.45,7.68,307953.63,7.68
2017-08-28 00:00:00,7.63,8.13,7.60,7.94,684144.14,7.94
2017-08-29 00:00:00,7.87,7.90,7.61,7.65,285958.00,7.65
2017-08-30 00:00:00,7.63,7.70,7.27,7.31,409495.45,7.31
2017-08-31 00:00:00,7.31,7.42,7.27,7.36,135992.21,7.36
2017-09-01 00:00:00,7.36,7.38,7.30,7.32,84500.97,7.32
2017-09-04 00:00:00,7.30,7.34,7.14,7.32,241172.36,7.32
2017-09-05 00:00:00,7.33,7.59,7.31,7.49,436854.70,7.49
2017-09-06 00:00:00,7.40,7.55,7.38,7.44,235273.14,7.44
2017-09-07 00:00:00,7.44,7.48,7.21,7.23,220460.16,7.23
2017-09-08 00:00:00,7.23,7.27,7.15,7.18,112240.85,7.18
2017-09-11 00:00:00,7.18,7.25,7.15,7.23,107128.22,7.23
2017-09-12 00:00:00,7.26,7.28,7.20,7.20,119848.20,7.20
2017-09-13 00:00:00,7.21,7.23,7.14,7.18,97287.98,7.18
2017-09-14 00:00:00,7.20,7.25,7.15,7.20,82781.60,7.20
2017-09-15 00:00:00,7.20,7.31,7.16,7.30,125862.87,7.30
2017-09-18 00:00:00,7.29,7.37,7.24,7.33,109285.34,7.33
2017-09-19 00:00:00,7.34,7.35,7.18,7.21,102107.05,7.21
2017-09-20 00:00:00,7.21,7.25,7.16,7.22,75723.00,7.22
2017-09-21 00:00:00,7.23,7.23,7.13,7.13,71290.00,7.13
2017-09-22 00:00:00,7.13,7.13,6.96,7.00,113507.00,7.00
2017-09-25 00:00:00,6.99,7.09,6.88,6.91,64809.88,6.91
2017-09-26 00:00:00,6.87,6.99,6.87,6.93,43871.88,6.93
2017-09-27 00:00:00,6.91,6.95,6.90,6.94,40992.88,6.94
2017-09-28 00:00:00,6.97,7.14,6.95,7.02,95088.90,7.02
2017-09-29 00:00:00,7.03,7.08,6.98,7.06,65863.10,7.06
2017-10-09 00:00:00,7.13,7.18,7.09,7.15,85366.22,7.15
2017-10-10 00:00:00,7.17,7.25,7.15,7.22,88306.52,7.22
2017-10-11 00:00:00,7.22,7.39,7.20,7.30,189280.58,7.30
2017-10-12 00:00:00,7.29,7.29,7.14,7.19,111146.98,7.19
2017-10-13 00:00:00,7.19,7.19,7.10,7.17,73869.87,7.17
2017-10-16 00:00:00,7.15,7.18,6.96,6.96,105638.00,6.96
2017-10-17 00:00:00,6.91,7.01,6.91,6.96,37830.20,6.96
2017-10-18 00:00:00,6.94,7.02,6.93,6.94,37813.00,6.94
2017-10-19 00:00:00,6.90,6.95,6.79,6.83,61159.00,6.83
2017-10-20 00:00:00,6.82,6.88,6.80,6.87,36469.46,6.87
2017-10-23 00:00:00,6.87,6.93,6.86,6.92,36071.49,6.92
2017-10-24 00:00:00,6.92,6.94,6.80,6.86,56384.38,6.86
2017-10-25 00:00:00,6.86,6.92,6.83,6.91,43279.12,6.91
2017-10-26 00:00:00,6.89,6.93,6.87,6.91,58772.79,6.91
2017-10-27 00:00:00,6.93,6.94,6.77,6.80,59396.00,6.80
2017-10-30 00:00:00,6.76,6.80,6.56,6.60,94143.68,6.60
2017-10-31 00:00:00,6.60,6.64,6.57,6.60,46223.68,6.60
2017-11-01 00:00:00,6.62,6.62,6.55,6.57,57471.04,6.57
2017-11-02 00:00:00,6.56,6.58,6.40,6.40,69105.77,6.40
2017-11-03 00:00:00,6.40,6.46,6.31,6.33,48809.00,6.33
2017-11-06 00:00:00,6.34,6.35,6.19,6.33,88611.64,6.33
2017-11-07 00:00:00,6.28,6.32,6.24,6.30,48183.00,6.30
2017-11-08 00:00:00,6.30,6.37,6.28,6.33,47929.40,6.33
2017-11-09 00:00:00,6.34,6.38,6.30,6.37,48443.23,6.37
2017-11-10 00:00:00,6.35,6.36,6.32,6.35,38682.36,6.35
2017-11-13 00:00:00,6.38,6.53,6.37,6.50,96017.09,6.50
2017-11-14 00:00:00,6.49,6.52,6.43,6.48,60981.16,6.48
2017-11-15 00:00:00,6.46,6.46,6.34,6.40,50662.46,6.40
2017-11-23 00:00:00,6.49,6.78,6.44,6.57,307988.86,6.57
2017-11-24 00:00:00,6.30,6.34,5.91,6.04,190513.88,6.04
2017-11-27 00:00:00,5.96,5.97,5.77,5.78,123238.23,5.78
2017-11-28 00:00:00,5.74,5.87,5.74,5.87,62331.82,5.87
2017-11-29 00:00:00,5.86,5.88,5.74,5.84,63760.89,5.84
2017-11-30 00:00:00,5.82,5.87,5.80,5.81,41475.00,5.81
2017-12-01 00:00:00,5.79,5.86,5.77,5.83,36425.40,5.83
2017-12-04 00:00:00,5.82,5.84,5.74,5.77,47070.39,5.77
2017-12-05 00:00:00,5.77,5.77,5.57,5.58,68797.40,5.58
2017-12-06 00:00:00,5.58,5.66,5.52,5.65,39717.46,5.65
2017-12-07 00:00:00,5.64,5.69,5.61,5.64,29755.00,5.64
2017-12-08 00:00:00,5.62,5.74,5.62,5.70,32825.86,5.70
2017-12-11 00:00:00,5.68,5.81,5.68,5.79,37107.00,5.79
2017-12-12 00:00:00,5.77,5.80,5.70,5.70,33037.00,5.70
2017-12-13 00:00:00,5.71,5.78,5.70,5.77,23392.34,5.77
2017-12-14 00:00:00,5.77,5.77,5.71,5.73,19546.00,5.73
2017-12-15 00:00:00,5.71,5.75,5.69,5.73,26437.64,5.73
2017-12-18 00:00:00,5.74,5.74,5.60,5.63,36794.86,5.63
2017-12-19 00:00:00,5.64,5.71,5.64,5.70,26218.38,5.70
2017-12-20 00:00:00,5.69,5.71,5.59,5.60,36679.55,5.60
2017-12-21 00:00:00,5.63,5.65,5.56,5.63,32867.78,5.63
2017-12-22 00:00:00,5.62,5.63,5.57,5.58,27902.10,5.58
2017-12-25 00:00:00,5.57,5.62,5.52,5.52,34656.63,5.52
2017-12-26 00:00:00,5.54,5.57,5.51,5.56,25078.86,5.56
2017-12-27 00:00:00,5.59,5.68,5.54,5.64,57607.41,5.64
2017-12-28 00:00:00,5.62,5.69,5.61,5.65,34274.09,5.65
2017-12-29 00:00:00,5.68,5.76,5.65,5.67,47116.69,5.67
2018-01-02 00:00:00,5.68,5.74,5.67,5.73,43775.34,5.73
2018-01-03 00:00:00,5.73,5.83,5.69,5.82,65246.62,5.82
2018-01-04 00:00:00,5.80,5.84,5.77,5.82,49281.21,5.82
2018-01-05 00:00:00,5.83,5.84,5.77,5.81,35595.00,5.81
2018-01-08 00:00:00,5.82,5.89,5.81,5.82,50788.64,5.82
2018-01-09 00:00:00,5.82,5.83,5.75,5.78,45085.00,5.78
2018-01-10 00:00:00,5.79,5.79,5.70,5.72,40176.17,5.72
2018-01-11 00:00:00,5.73,5.78,5.70,5.78,32879.92,5.78
2018-01-12 00:00:00,5.77,5.77,5.72,5.72,27894.00,5.72
2018-01-15 00:00:00,5.74,5.74,5.55,5.56,54720.00,5.56
2018-01-16 00:00:00,5.58,5.58,5.54,5.56,32939.00,5.56
2018-01-17 00:00:00,5.56,5.62,5.53,5.60,43082.06,5.60
2018-01-18 00:00:00,5.59,5.62,5.57,5.60,25805.47,5.60
2018-01-19 00:00:00,5.62,5.65,5.60,5.63,33108.22,5.63
2018-01-22 00:00:00,5.64,5.65,5.55,5.65,40527.23,5.65
2018-01-23 00:00:00,5.65,5.73,5.62,5.72,56672.74,5.72
2018-01-24 00:00:00,5.72,5.73,5.66,5.72,34653.79,5.72
2018-01-25 00:00:00,5.70,5.80,5.69,5.71,47419.39,5.71
2018-01-26 00:00:00,5.71,5.71,5.65,5.66,40333.90,5.66
2018-01-29 00:00:00,5.66,5.68,5.55,5.57,58847.69,5.57
2018-01-30 00:00:00,5.55,5.59,5.55,5.57,26482.00,5.57
2018-01-31 00:00:00,5.56,5.57,5.40,5.41,68677.74,5.41
2018-02-01 00:00:00,5.41,5.44,5.11,5.12,92718.00,5.12
2018-02-02 00:00:00,5.10,5.12,4.97,5.08,64438.12,5.08
2018-02-05 00:00:00,5.06,5.10,5.00,5.03,27907.00,5.03
2018-02-06 00:00:00,4.98,4.99,4.73,4.73,67892.93,4.73
2018-02-07 00:00:00,4.80,4.85,4.62,4.76,53960.97,4.76
2018-02-08 00:00:00,4.76,4.81,4.73,4.79,31049.00,4.79
2018-02-09 00:00:00,4.71,4.73,4.55,4.60,46029.02,4.60
2018-02-12 00:00:00,4.62,4.77,4.62,4.71,36987.02,4.71
2018-02-13 00:00:00,4.73,4.78,4.67,4.70,57477.00,4.70
2018-02-14 00:00:00,4.69,4.72,4.64,4.68,29232.59,4.68
2018-02-22 00:00:00,4.70,4.76,4.70,4.74,32240.65,4.74
2018-02-23 00:00:00,4.72,4.78,4.72,4.77,28868.00,4.77
2018-02-26 00:00:00,4.85,4.89,4.79,4.87,51057.87,4.87
2018-02-27 00:00:00,4.88,4.91,4.83,4.89,47622.70,4.89
2018-02-28 00:00:00,4.86,4.91,4.80,4.90,41502.11,4.90
2018-03-01 00:00:00,4.87,4.98,4.86,4.98,53200.47,4.98
2018-03-02 00:00:00,4.93,5.04,4.93,5.00,52389.04,5.00
2018-03-05 00:00:00,5.02,5.02,4.94,5.01,38582.62,5.01
2018-03-06 00:00:00,4.99,5.08,4.99,5.07,40387.22,5.07
2018-03-07 00:00:00,5.07,5.07,5.03,5.04,26038.64,5.04
2018-03-08 00:00:00,5.03,5.08,5.02,5.07,29239.00,5.07
2018-03-09 00:00:00,5.07,5.14,5.05,5.14,49664.04,5.14
2018-03-12 00:00:00,5.14,5.19,5.12,5.18,49889.68,5.18
2018-03-13 00:00:00,5.18,5.55,5.14,5.38,177685.49,5.38
2018-03-14 00:00:00,5.31,5.33,5.20,5.20,104761.52,5.20
2018-03-15 00:00:00,5.20,5.23,5.06,5.13,56282.00,5.13
2018-03-16 00:00:00,5.13,5.18,5.10,5.11,37314.00,5.11
2018-03-19 00:00:00,5.10,5.17,5.07,5.13,35728.76,5.13
2018-03-20 00:00:00,5.11,5.14,5.06,5.12,28900.00,5.12
2018-03-21 00:00:00,5.14,5.35,5.10,5.16,103929.12,5.16
2018-03-22 00:00:00,5.14,5.21,5.10,5.16,48062.34,5.16
2018-03-23 00:00:00,5.08,5.08,4.78,4.82,99772.00,4.82
2018-03-26 00:00:00,4.76,4.88,4.68,4.87,40266.91,4.87
2018-03-27 00:00:00,4.90,5.02,4.90,4.96,52740.11,4.96
2018-03-28 00:00:00,4.90,4.97,4.89,4.91,27880.00,4.91
2018-03-29 00:00:00,4.93,4.96,4.92,4.95,31832.11,4.95
2018-03-30 00:00:00,4.97,5.00,4.94,4.96,33404.02,4.96
2018-04-02 00:00:00,4.98,5.04,4.96,4.99,39251.57,4.99
2018-04-03 00:00:00,4.95,5.07,4.93,5.03,62167.64,5.03
2018-04-04 00:00:00,5.04,5.07,4.98,4.98,46914.00,4.98
2018-04-09 00:00:00,4.96,5.00,4.91,4.95,29912.00,4.95
2018-04-10 00:00:00,5.00,5.05,4.95,5.02,39066.22,5.02
2018-04-11 00:00:00,5.01,5.07,5.01,5.04,45196.22,5.04
2018-04-12 00:00:00,5.04,5.04,4.95,4.96,37438.44,4.96
2018-04-13 00:00:00,4.97,4.99,4.91,4.92,30531.53,4.92
2018-04-16 00:00:00,4.75,4.75,4.55,4.64,103296.50,4.64
2018-04-17 00:00:00,4.65,4.69,4.63,4.64,39195.68,4.64
2018-04-18 00:00:00,4.69,4.69,4.59,4.66,38955.25,4.66
2018-04-19 00:00:00,4.66,4.69,4.62,4.66,34144.00,4.66
2018-04-20 00:00:00,4.67,4.67,4.45,4.46,52092.00,4.46
2018-04-23 00:00:00,4.46,4.55,4.41,4.55,29567.04,4.55
2018-04-24 00:00:00,4.53,4.59,4.51,4.56,28143.66,4.56
2018-04-25 00:00:00,4.57,4.65,4.56,4.65,27903.00,4.65
2018-04-26 00:00:00,4.65,4.65,4.58,4.59,29429.00,4.59
2018-04-27 00:00:00,4.60,4.61,4.50,4.59,33994.91,4.59
2018-05-02 00:00:00,4.60,4.60,4.43,4.48,28575.00,4.48
2018-05-03 00:00:00,4.48,4.55,4.43,4.51,18285.00,4.51
2018-05-04 00:00:00,4.51,4.54,4.49,4.52,14027.65,4.52
2018-05-07 00:00:00,4.52,4.58,4.50,4.56,25744.27,4.56
2018-05-08 00:00:00,4.55,4.58,4.54,4.56,21096.02,4.56
2018-05-09 00:00:00,4.57,4.58,4.52,4.54,16724.02,4.54
2018-05-10 00:00:00,4.53,4.56,4.51,4.55,23455.02,4.55
2018-05-11 00:00:00,4.55,4.59,4.53,4.55,38710.00,4.55
2018-05-14 00:00:00,4.55,4.57,4.51,4.51,16959.00,4.51
2018-05-15 00:00:00,4.54,4.64,4.52,4.61,54861.43,4.61
2018-05-16 00:00:00,4.60,4.61,4.55,4.56,31222.00,4.56
2018-05-17 00:00:00,4.56,4.58,4.49,4.49,31777.00,4.49
2018-05-18 00:00:00,4.50,4.52,4.48,4.52,19485.44,4.52
2018-05-21 00:00:00,4.55,4.60,4.52,4.58,30938.02,4.58
2018-05-22 00:00:00,4.58,4.60,4.54,4.60,28341.09,4.60
2018-05-23 00:00:00,4.62,4.76,4.61,4.64,92740.00,4.64
2018-05-24 00:00:00,4.61,4.64,4.56,4.56,39011.02,4.56
2018-05-25 00:00:00,4.57,4.70,4.54,4.67,75866.02,4.67
2018-05-28 00:00:00,4.67,4.69,4.52,4.53,47741.00,4.53
2018-05-29 00:00:00,4.54,4.54,4.43,4.45,42455.00,4.45
2018-05-30 00:00:00,4.34,4.43,4.17,4.18,49359.61,4.18
2018-05-31 00:00:00,4.21,4.29,4.21,4.23,25779.00,4.23
2018-06-01 00:00:00,4.25,4.28,4.14,4.18,23046.00,4.18
2018-06-04 00:00:00,4.20,4.21,4.16,4.17,18496.00,4.17
2018-06-05 00:00:00,4.17,4.25,4.17,4.23,20791.00,4.23
2018-06-06 00:00:00,4.25,4.32,4.23,4.27,24558.82,4.27
2018-06-07 00:00:00,4.28,4.28,4.19,4.20,18718.53,4.20
2018-06-08 00:00:00,4.19,4.19,4.04,4.08,35704.38,4.08
2018-06-11 00:00:00,4.08,4.08,3.98,4.03,25486.20,4.03
2018-06-12 00:00:00,4.03,4.05,3.95,4.04,24227.00,4.04
2018-06-13 00:00:00,4.08,4.08,4.01,4.04,24713.20,4.04
2018-06-14 00:00:00,4.02,4.07,3.99,4.02,17812.00,4.02
2018-06-15 00:00:00,4.02,4.04,3.90,3.94,26224.00,3.94
2018-06-19 00:00:00,3.90,3.90,3.56,3.63,54720.20,3.63
2018-06-20 00:00:00,3.61,3.68,3.59,3.63,27824.00,3.63
2018-06-21 00:00:00,3.63,3.67,3.52,3.54,29901.00,3.54
2018-06-22 00:00:00,3.52,3.68,3.52,3.68,37222.82,3.68
2018-06-25 00:00:00,3.59,3.67,3.56,3.57,32516.04,3.57
2018-06-26 00:00:00,3.53,3.70,3.48,3.62,38024.61,3.62
2018-06-27 00:00:00,3.63,3.65,3.57,3.62,24271.00,3.62
2018-06-28 00:00:00,3.60,3.65,3.58,3.58,17681.00,3.58
2018-06-29 00:00:00,3.59,3.68,3.57,3.67,35763.66,3.67
2018-07-02 00:00:00,3.66,3.73,3.64,3.64,37538.02,3.64
2018-07-03 00:00:00,3.70,3.70,3.60,3.69,39072.77,3.69
2018-07-04 00:00:00,3.69,3.69,3.58,3.61,26810.64,3.61
2018-07-05 00:00:00,3.61,3.61,3.44,3.45,28073.07,3.45
2018-07-06 00:00:00,3.44,3.68,3.43,3.56,52921.00,3.56
2018-07-09 00:00:00,3.61,3.77,3.56,3.67,53400.11,3.67
2018-07-10 00:00:00,3.63,3.70,3.61,3.66,32624.07,3.66
2018-07-11 00:00:00,3.64,3.64,3.49,3.55,29275.65,3.55
2018-07-12 00:00:00,3.52,3.76,3.52,3.70,89672.83,3.70
2018-07-13 00:00:00,3.69,3.69,3.61,3.64,60014.18,3.64
2018-07-16 00:00:00,3.64,3.64,3.57,3.61,22781.00,3.61
2018-07-17 00:00:00,3.61,3.64,3.56,3.63,26258.00,3.63
2018-07-18 00:00:00,3.63,3.68,3.61,3.62,28317.00,3.62
2018-07-19 00:00:00,3.61,3.64,3.57,3.58,21840.03,3.58
2018-07-20 00:00:00,3.58,3.63,3.54,3.61,24111.03,3.61
2018-07-23 00:00:00,3.61,3.66,3.59,3.64,28607.05,3.64
2018-07-24 00:00:00,3.66,3.73,3.63,3.73,52164.88,3.73
2018-07-25 00:00:00,3.72,3.76,3.70,3.74,55524.10,3.74
2018-07-26 00:00:00,3.72,3.98,3.72,3.86,112902.09,3.86
2018-07-27 00:00:00,3.83,3.85,3.77,3.79,55734.66,3.79
2018-07-30 00:00:00,3.80,3.80,3.69,3.71,42719.26,3.71
2018-07-31 00:00:00,3.71,3.74,3.71,3.73,17282.50,3.73
2018-08-01 00:00:00,3.74,3.77,3.67,3.68,26029.70,3.68
2018-08-02 00:00:00,3.67,3.67,3.54,3.59,32217.42,3.59
2018-08-03 00:00:00,3.59,3.62,3.55,3.56,13749.60,3.56
2018-08-06 00:00:00,3.56,3.60,3.51,3.53,17999.60,3.53
2018-08-07 00:00:00,3.55,3.62,3.53,3.62,20426.61,3.62
2018-08-08 00:00:00,3.62,3.67,3.60,3.63,21403.45,3.63
2018-08-09 00:00:00,3.61,3.71,3.61,3.68,28626.05,3.68
2018-08-10 00:00:00,3.67,3.73,3.66,3.69,20266.40,3.69
2018-08-13 00:00:00,3.67,3.67,3.60,3.66,19289.00,3.66
2018-08-14 00:00:00,3.66,3.69,3.63,3.68,16726.82,3.68
2018-08-15 00:00:00,3.68,3.69,3.59,3.59,19062.00,3.59
2018-08-16 00:00:00,3.59,3.62,3.54,3.57,16374.00,3.57
2018-08-17 00:00:00,3.61,3.63,3.53,3.54,17962.00,3.54
2018-08-20 00:00:00,3.53,3.59,3.53,3.56,11478.00,3.56
2018-08-21 00:00:00,3.57,3.61,3.56,3.60,12225.02,3.60
2018-08-22 00:00:00,3.58,3.62,3.56,3.57,13043.00,3.57
2018-08-23 00:00:00,3.58,3.59,3.53,3.57,15094.72,3.57
2018-08-24 00:00:00,3.57,3.58,3.54,3.56,10203.00,3.56
2018-08-27 00:00:00,3.56,3.62,3.55,3.59,15501.50,3.59
2018-08-28 00:00:00,3.58,3.60,3.57,3.58,10731.00,3.58
2018-08-29 00:00:00,3.57,3.59,3.54,3.57,8906.00,3.57
2018-08-30 00:00:00,3.58,3.58,3.50,3.50,17318.05,3.50
2018-08-31 00:00:00,3.50,3.52,3.46,3.47,12900.00,3.47
2018-09-03 00:00:00,3.47,3.48,3.40,3.43,14073.02,3.43
2018-09-04 00:00:00,3.43,3.48,3.42,3.46,8315.00,3.46
2018-09-05 00:00:00,3.45,3.48,3.41,3.42,11230.02,3.42
2018-09-06 00:00:00,3.42,3.46,3.40,3.42,6902.00,3.42
2018-09-07 00:00:00,3.43,3.47,3.40,3.44,9628.02,3.44
2018-09-10 00:00:00,3.43,3.44,3.38,3.38,18214.00,3.38
2018-09-11 00:00:00,3.38,3.44,3.36,3.42,16353.82,3.42
2018-09-12 00:00:00,3.43,3.47,3.42,3.44,16365.02,3.44
2018-09-13 00:00:00,3.46,3.48,3.43,3.45,10416.50,3.45
2018-09-14 00:00:00,3.46,3.48,3.42,3.43,14101.00,3.43
2018-09-17 00:00:00,3.43,3.44,3.35,3.36,14162.00,3.36
2018-09-18 00:00:00,3.38,3.42,3.34,3.40,16698.98,3.40
2018-09-19 00:00:00,3.38,3.45,3.37,3.43,22282.68,3.43
2018-09-20 00:00:00,3.44,3.44,3.40,3.42,13779.00,3.42
2018-09-21 00:00:00,3.42,3.48,3.41,3.47,24246.00,3.47
2018-09-25 00:00:00,3.46,3.52,3.45,3.51,25044.25,3.51
2018-09-26 00:00:00,3.56,3.56,3.47,3.48,28027.00,3.48
2018-09-27 00:00:00,3.46,3.48,3.42,3.42,21787.00,3.42
2018-09-28 00:00:00,3.42,3.47,3.42,3.46,11938.00,3.46
2018-10-08 00:00:00,3.45,3.45,3.37,3.39,18797.00,3.39
2018-10-09 00:00:00,3.48,3.48,3.38,3.42,22361.00,3.42
2018-10-10 00:00:00,3.40,3.42,3.39,3.40,9551.04,3.40
2018-10-11 00:00:00,3.32,3.34,3.06,3.07,43844.14,3.07
2018-10-12 00:00:00,3.07,3.11,2.93,3.03,30642.00,3.03
2018-10-15 00:00:00,3.02,3.06,2.93,2.94,20542.57,2.94
2018-10-16 00:00:00,2.94,2.97,2.80,2.81,25942.16,2.81
2018-10-17 00:00:00,2.84,2.87,2.80,2.83,18754.00,2.83
2018-10-18 00:00:00,2.82,2.86,2.78,2.81,23264.00,2.81
2018-10-19 00:00:00,2.81,2.86,2.76,2.85,21900.02,2.85
2018-10-22 00:00:00,2.88,3.02,2.86,2.98,36823.06,2.98
2018-10-23 00:00:00,2.98,3.00,2.93,2.95,23696.00,2.95
2018-10-24 00:00:00,2.95,2.99,2.92,2.98,16768.00,2.98
2018-10-25 00:00:00,2.93,2.96,2.88,2.94,17482.00,2.94
2018-10-26 00:00:00,2.95,3.09,2.95,2.99,32415.00,2.99
2018-10-29 00:00:00,2.97,2.97,2.92,2.95,16062.00,2.95
2018-10-30 00:00:00,2.96,3.00,2.92,2.97,21101.00,2.97
2018-10-31 00:00:00,3.01,3.08,3.00,3.04,42284.85,3.04
2018-11-01 00:00:00,3.00,3.07,3.00,3.03,37917.42,3.03
2018-11-02 00:00:00,3.06,3.09,3.04,3.08,32058.19,3.08
2018-11-05 00:00:00,3.10,3.11,3.06,3.10,39380.53,3.10
2018-11-06 00:00:00,3.10,3.13,3.06,3.11,26149.51,3.11
2018-11-07 00:00:00,3.11,3.15,3.10,3.11,27573.00,3.11
2018-11-08 00:00:00,3.13,3.19,3.11,3.17,44129.76,3.17
2018-11-09 00:00:00,3.15,3.18,3.13,3.15,18406.00,3.15
2018-11-12 00:00:00,3.16,3.28,3.13,3.26,45777.73,3.26
2018-11-13 00:00:00,3.23,3.55,3.22,3.37,112999.31,3.37
2018-11-14 00:00:00,3.37,3.48,3.33,3.41,74963.58,3.41
2018-11-15 00:00:00,3.40,3.46,3.38,3.42,44436.72,3.42
2018-11-16 00:00:00,3.45,3.56,3.44,3.50,88820.60,3.50
2018-11-19 00:00:00,3.55,3.55,3.44,3.47,58332.35,3.47
2018-11-20 00:00:00,3.43,3.50,3.38,3.40,45334.68,3.40
2018-11-21 00:00:00,3.38,3.45,3.33,3.45,37569.47,3.45
2018-11-22 00:00:00,3.43,3.45,3.38,3.40,39835.21,3.40
2018-11-23 00:00:00,3.41,3.43,3.22,3.23,58477.36,3.23
2018-11-26 00:00:00,3.23,3.34,3.23,3.28,33699.82,3.28
2018-11-27 00:00:00,3.28,3.34,3.22,3.28,29811.00,3.28
2018-11-28 00:00:00,3.29,3.33,3.21,3.33,31925.99,3.33
2018-11-29 00:00:00,3.33,3.34,3.23,3.24,35543.00,3.24
2018-11-30 00:00:00,3.28,3.29,3.20,3.26,28356.00,3.26
2018-12-03 00:00:00,3.32,3.43,3.31,3.40,47576.01,3.40
2018-12-04 00:00:00,3.37,3.45,3.37,3.44,47224.02,3.44
2018-12-05 00:00:00,3.37,3.51,3.37,3.44,61011.66,3.44
2018-12-06 00:00:00,3.42,3.44,3.34,3.35,40098.00,3.35
2018-12-07 00:00:00,3.35,3.38,3.31,3.32,20207.00,3.32
2018-12-10 00:00:00,3.30,3.31,3.27,3.30,23963.25,3.30
2018-12-11 00:00:00,3.34,3.34,3.24,3.27,33495.45,3.27
2018-12-12 00:00:00,3.27,3.35,3.27,3.32,38615.02,3.32
2018-12-13 00:00:00,3.31,3.35,3.29,3.31,46572.62,3.31
2018-12-14 00:00:00,3.29,3.31,3.18,3.21,37483.00,3.21
2018-12-17 00:00:00,3.23,3.24,3.15,3.18,24838.54,3.18
2018-12-18 00:00:00,3.16,3.19,3.11,3.13,22333.00,3.13
2018-12-19 00:00:00,3.15,3.15,3.09,3.10,16011.00,3.10
2018-12-20 00:00:00,3.08,3.13,3.07,3.10,15796.97,3.10
2018-12-21 00:00:00,3.10,3.10,3.03,3.06,20346.15,3.06
2018-12-24 00:00:00,3.08,3.09,3.05,3.07,12792.15,3.07
2018-12-25 00:00:00,3.07,3.07,2.96,3.03,22614.19,3.03
2018-12-26 00:00:00,3.05,3.05,3.01,3.02,14922.00,3.02
2018-12-27 00:00:00,3.06,3.08,2.91,2.93,45648.00,2.93
2018-12-28 00:00:00,2.95,2.97,2.93,2.95,18314.84,2.95
2019-01-02 00:00:00,2.96,2.96,2.93,2.95,11300.00,2.95
2019-01-03 00:00:00,2.95,2.98,2.92,2.95,16856.14,2.95
2019-01-04 00:00:00,2.92,3.04,2.92,3.03,24876.02,3.03
2019-01-07 00:00:00,3.07,3.12,3.03,3.10,39531.00,3.10
2019-01-08 00:00:00,3.11,3.12,3.07,3.08,21861.00,3.08
2019-01-09 00:00:00,3.09,3.26,3.09,3.20,74800.75,3.20
2019-01-10 00:00:00,3.18,3.20,3.14,3.15,43319.35,3.15
2019-01-11 00:00:00,3.17,3.20,3.14,3.18,28376.62,3.18
2019-01-14 00:00:00,3.18,3.19,3.14,3.15,22225.00,3.15
2019-01-15 00:00:00,3.14,3.17,3.12,3.17,29181.00,3.17
2019-01-16 00:00:00,3.15,3.18,3.13,3.16,21428.00,3.16
2019-01-17 00:00:00,3.16,3.18,3.13,3.14,15698.00,3.14
2019-01-18 00:00:00,3.14,3.17,3.12,3.15,21300.59,3.15
2019-01-21 00:00:00,3.15,3.18,3.13,3.15,20976.00,3.15
2019-01-22 00:00:00,3.14,3.19,3.13,3.15,31805.00,3.15
2019-01-23 00:00:00,3.16,3.17,3.12,3.15,29232.00,3.15
2019-01-24 00:00:00,3.15,3.19,3.12,3.17,26975.93,3.17
2019-01-25 00:00:00,3.16,3.17,3.12,3.12,26319.09,3.12
2019-01-28 00:00:00,3.15,3.15,3.07,3.10,23535.00,3.10
2019-01-29 00:00:00,3.05,3.06,2.94,2.98,27068.20,2.98
2019-01-30 00:00:00,2.97,3.00,2.92,2.95,18172.00,2.95
2019-01-31 00:00:00,2.96,2.97,2.87,2.88,26262.75,2.88
2019-02-01 00:00:00,2.90,2.97,2.89,2.97,17010.67,2.97
2019-02-11 00:00:00,2.97,3.03,2.96,3.02,19922.55,3.02
2019-02-12 00:00:00,3.13,3.32,3.13,3.32,97275.45,3.32
2019-02-13 00:00:00,3.43,3.46,3.27,3.31,201846.03,3.31
2019-02-14 00:00:00,3.26,3.29,3.21,3.27,111152.02,3.27
2019-02-15 00:00:00,3.24,3.32,3.23,3.26,87804.30,3.26
2019-02-18 00:00:00,3.25,3.37,3.23,3.35,104768.74,3.35
2019-02-19 00:00:00,3.34,3.39,3.30,3.33,92785.78,3.33
2019-02-20 00:00:00,3.33,3.36,3.27,3.33,74584.66,3.33
2019-02-21 00:00:00,3.33,3.48,3.30,3.37,162136.61,3.37
2019-02-22 00:00:00,3.35,3.56,3.32,3.50,186913.58,3.50
2019-02-25 00:00:00,3.49,3.68,3.46,3.64,210744.87,3.64
2019-02-26 00:00:00,3.64,3.65,3.54,3.55,189036.11,3.55
2019-02-27 00:00:00,3.56,3.62,3.52,3.56,109506.64,3.56
2019-02-28 00:00:00,3.56,3.67,3.54,3.60,138728.10,3.60
2019-03-01 00:00:00,3.60,3.62,3.53,3.59,99088.34,3.59
2019-03-04 00:00:00,3.64,3.68,3.59,3.61,163884.56,3.61
2019-03-05 00:00:00,3.60,3.74,3.58,3.71,159004.61,3.71
2019-03-06 00:00:00,3.75,3.93,3.72,3.84,264119.51,3.84
2019-03-07 00:00:00,3.83,4.03,3.78,3.97,205058.03,3.97
2019-03-08 00:00:00,3.90,3.92,3.67,3.68,187810.35,3.68
2019-03-11 00:00:00,3.71,3.86,3.71,3.85,128870.49,3.85
2019-03-12 00:00:00,3.89,3.97,3.86,3.91,141400.72,3.91
2019-03-13 00:00:00,3.94,4.05,3.85,3.88,184574.30,3.88
2019-03-14 00:00:00,3.86,3.87,3.65,3.75,116280.03,3.75
2019-03-15 00:00:00,3.78,3.83,3.68,3.75,96122.00,3.75
2019-03-18 00:00:00,3.75,3.87,3.72,3.87,94461.68,3.87
2019-03-19 00:00:00,3.86,3.92,3.80,3.84,86713.72,3.84
2019-03-20 00:00:00,3.81,3.87,3.77,3.87,85693.00,3.87
2019-03-21 00:00:00,3.86,4.03,3.84,3.97,161756.68,3.97
2019-03-22 00:00:00,3.95,4.09,3.92,4.04,148280.29,4.04
2019-03-25 00:00:00,3.99,4.10,3.95,4.04,118471.17,4.04
2019-03-26 00:00:00,4.02,4.06,3.82,3.84,133506.29,3.84
2019-03-27 00:00:00,3.84,3.88,3.79,3.83,71399.06,3.83
2019-03-28 00:00:00,3.84,3.87,3.76,3.79,79410.39,3.79
2019-03-29 00:00:00,3.77,3.88,3.76,3.86,69533.22,3.86
2019-04-01 00:00:00,3.88,4.05,3.88,3.99,114763.58,3.99
2019-04-02 00:00:00,4.02,4.03,3.94,3.99,101748.00,3.99
2019-04-03 00:00:00,3.96,4.04,3.93,4.03,100089.20,4.03
2019-04-04 00:00:00,4.03,4.25,4.02,4.16,210772.85,4.16
2019-04-08 00:00:00,4.18,4.23,4.04,4.08,122318.13,4.08
2019-04-09 00:00:00,4.06,4.14,4.02,4.05,95130.21,4.05
2019-04-10 00:00:00,4.03,4.16,4.01,4.15,126602.61,4.15
2019-04-11 00:00:00,4.12,4.39,4.02,4.26,335966.89,4.26
2019-04-12 00:00:00,4.20,4.23,4.04,4.09,192017.34,4.09
2019-04-15 00:00:00,4.15,4.23,4.10,4.19,169895.43,4.19
2019-04-16 00:00:00,4.15,4.20,4.03,4.20,143735.10,4.20
2019-04-17 00:00:00,4.24,4.41,4.22,4.38,325881.09,4.38
2019-04-18 00:00:00,4.35,4.82,4.31,4.55,522757.39,4.55
2019-04-19 00:00:00,4.50,4.95,4.43,4.93,482471.98,4.93
2019-04-22 00:00:00,4.86,4.86,4.58,4.60,344447.53,4.60
2019-04-23 00:00:00,4.59,4.65,4.35,4.39,215381.05,4.39
2019-04-24 00:00:00,4.42,4.56,4.34,4.51,179592.57,4.51
2019-04-25 00:00:00,4.46,4.46,4.15,4.17,232465.04,4.17
2019-04-26 00:00:00,4.05,4.21,4.04,4.08,121487.47,4.08
2019-04-29 00:00:00,4.13,4.21,3.90,3.98,148424.46,3.98
2019-04-30 00:00:00,4.00,4.17,3.98,4.15,114272.33,4.15
2019-05-06 00:00:00,4.03,4.03,3.74,3.74,153831.22,3.74
2019-05-07 00:00:00,3.76,3.81,3.61,3.71,109723.48,3.71
2019-05-08 00:00:00,3.64,3.77,3.58,3.76,89677.90,3.76
2019-05-09 00:00:00,3.68,3.83,3.62,3.81,109728.00,3.81
2019-05-10 00:00:00,3.82,3.95,3.76,3.95,130362.40,3.95
2019-05-13 00:00:00,3.89,3.92,3.83,3.88,71371.16,3.88
2019-05-14 00:00:00,3.83,3.89,3.80,3.84,51705.51,3.84
2019-05-15 00:00:00,3.85,3.91,3.84,3.90,65953.00,3.90
2019-05-16 00:00:00,3.91,4.08,3.91,4.01,102949.40,4.01
2019-05-17 00:00:00,4.00,4.01,3.77,3.79,92599.00,3.79
2019-05-20 00:00:00,3.81,3.89,3.76,3.83,58022.23,3.83
2019-05-21 00:00:00,3.82,3.92,3.82,3.90,83766.31,3.90
2019-05-22 00:00:00,3.88,3.93,3.83,3.89,49182.89,3.89
2019-05-23 00:00:00,3.84,3.88,3.66,3.66,91954.06,3.66
2019-05-24 00:00:00,3.66,3.77,3.64,3.66,81219.99,3.66
2019-05-27 00:00:00,3.70,3.80,3.67,3.79,60713.00,3.79
2019-05-28 00:00:00,3.79,3.90,3.77,3.82,71932.00,3.82
2019-05-29 00:00:00,3.82,3.88,3.79,3.82,42181.00,3.82
2019-05-30 00:00:00,3.82,3.85,3.76,3.85,62340.70,3.85
2019-05-31 00:00:00,3.84,3.86,3.77,3.79,57437.00,3.79
2019-06-03 00:00:00,3.80,3.81,3.67,3.71,50275.00,3.71
2019-06-04 00:00:00,3.71,3.75,3.64,3.68,38973.04,3.68
2019-06-05 00:00:00,3.72,3.76,3.66,3.70,42511.00,3.70
2019-06-06 00:00:00,3.67,3.70,3.50,3.55,64894.23,3.55
2019-06-10 00:00:00,3.54,3.62,3.54,3.59,37167.00,3.59
2019-06-11 00:00:00,3.60,3.77,3.59,3.75,62178.20,3.75
2019-06-12 00:00:00,3.73,3.86,3.72,3.79,52706.00,3.79
2019-06-13 00:00:00,3.77,3.81,3.72,3.80,48157.03,3.80
2019-06-14 00:00:00,3.79,3.80,3.66,3.69,39096.00,3.69
2019-06-17 00:00:00,3.69,3.69,3.62,3.65,36713.49,3.65
2019-06-18 00:00:00,3.64,3.72,3.63,3.67,37866.98,3.67
2019-06-19 00:00:00,3.71,3.77,3.71,3.74,49124.38,3.74
2019-06-20 00:00:00,3.75,3.82,3.72,3.78,60870.47,3.78
2019-06-21 00:00:00,3.79,3.87,3.79,3.84,63553.16,3.84
2019-06-24 00:00:00,3.85,3.89,3.80,3.88,54693.01,3.88
2019-06-25 00:00:00,3.88,3.88,3.76,3.81,44291.82,3.81
2019-06-26 00:00:00,3.79,3.87,3.76,3.87,41036.00,3.87
2019-06-27 00:00:00,3.88,3.92,3.81,3.83,57275.00,3.83
2019-06-28 00:00:00,3.84,3.84,3.75,3.78,39469.45,3.78
2019-07-01 00:00:00,3.83,3.87,3.81,3.87,67251.71,3.87
2019-07-02 00:00:00,3.88,3.88,3.84,3.85,47444.25,3.85
2019-07-03 00:00:00,3.86,3.86,3.78,3.81,34635.49,3.81
2019-07-04 00:00:00,3.80,3.84,3.80,3.80,30835.68,3.80
2019-07-05 00:00:00,3.83,3.84,3.79,3.82,28576.66,3.82
2019-07-08 00:00:00,3.83,3.83,3.64,3.65,49210.95,3.65
2019-07-09 00:00:00,3.65,3.69,3.63,3.68,23208.02,3.68
2019-07-10 00:00:00,3.69,3.70,3.60,3.63,31632.00,3.63
2019-07-11 00:00:00,3.63,3.72,3.63,3.65,25905.68,3.65
2019-07-12 00:00:00,3.70,3.80,3.70,3.74,74367.69,3.74
2019-07-15 00:00:00,3.69,3.75,3.62,3.75,51311.39,3.75
2019-07-16 00:00:00,3.76,3.76,3.72,3.74,42248.41,3.74
2019-07-17 00:00:00,3.73,3.88,3.72,3.81,97723.12,3.81
2019-07-18 00:00:00,3.80,3.85,3.75,3.84,69611.20,3.84
2019-07-19 00:00:00,3.83,3.90,3.81,3.82,68788.68,3.82
2019-07-22 00:00:00,3.82,3.85,3.71,3.72,49763.00,3.72
2019-07-23 00:00:00,3.72,3.87,3.72,3.86,54119.08,3.86
2019-07-24 00:00:00,3.86,3.90,3.84,3.88,100057.20,3.88
2019-07-25 00:00:00,3.75,3.75,3.70,3.72,85932.12,3.72
2019-07-26 00:00:00,3.70,3.72,3.66,3.66,53283.00,3.66
2019-07-29 00:00:00,3.67,3.69,3.65,3.66,41609.20,3.66
2019-07-30 00:00:00,3.68,3.71,3.64,3.66,40989.36,3.66
2019-07-31 00:00:00,3.66,3.66,3.59,3.59,39276.16,3.59
2019-08-01 00:00:00,3.59,3.61,3.53,3.55,37530.00,3.55
2019-08-02 00:00:00,3.50,3.53,3.42,3.46,57414.25,3.46
2019-08-05 00:00:00,3.41,3.46,3.38,3.39,41428.40,3.39
2019-08-06 00:00:00,3.34,3.34,3.12,3.24,76825.78,3.24
2019-08-07 00:00:00,3.26,3.33,3.25,3.32,37836.70,3.32
2019-08-08 00:00:00,3.29,3.35,3.27,3.27,23521.43,3.27
2019-08-09 00:00:00,3.32,3.34,3.25,3.27,29792.84,3.27
2019-08-12 00:00:00,3.29,3.32,3.28,3.32,19529.00,3.32
2019-08-13 00:00:00,3.33,3.33,3.28,3.30,16313.67,3.30
2019-08-14 00:00:00,3.33,3.35,3.29,3.30,23417.00,3.30
2019-08-15 00:00:00,3.26,3.29,3.20,3.29,25398.00,3.29
2019-08-16 00:00:00,3.29,3.31,3.25,3.28,27137.00,3.28
2019-08-19 00:00:00,3.30,3.36,3.28,3.36,47763.76,3.36
2019-08-20 00:00:00,3.37,3.42,3.36,3.39,44321.16,3.39
2019-08-21 00:00:00,3.37,3.40,3.35,3.37,24939.00,3.37
2019-08-22 00:00:00,3.39,3.39,3.34,3.37,23380.00,3.37
2019-08-23 00:00:00,3.38,3.39,3.35,3.37,29676.00,3.37
2019-08-26 00:00:00,3.32,3.41,3.28,3.41,48121.44,3.41
2019-08-27 00:00:00,3.40,3.47,3.39,3.46,53172.89,3.46
2019-08-28 00:00:00,3.49,3.55,3.45,3.50,55729.20,3.50
2019-08-29 00:00:00,3.53,3.53,3.45,3.45,53351.00,3.45
2019-08-30 00:00:00,3.47,3.47,3.36,3.38,49039.43,3.38
2019-09-02 00:00:00,3.37,3.47,3.36,3.46,35424.74,3.46
2019-09-03 00:00:00,3.46,3.50,3.44,3.46,31417.00,3.46
2019-09-04 00:00:00,3.46,3.49,3.43,3.48,39708.51,3.48
2019-09-05 00:00:00,3.50,3.54,3.48,3.49,68335.49,3.49
2019-09-06 00:00:00,3.50,3.52,3.45,3.50,44586.23,3.50
2019-09-09 00:00:00,3.52,3.55,3.50,3.55,57522.80,3.55
2019-09-10 00:00:00,3.54,3.56,3.52,3.55,49796.00,3.55
2019-09-11 00:00:00,3.54,3.61,3.54,3.56,63982.00,3.56
2019-09-12 00:00:00,3.56,3.59,3.54,3.58,36997.00,3.58
2019-09-16 00:00:00,3.59,3.60,3.54,3.55,41213.03,3.55
2019-09-17 00:00:00,3.56,3.56,3.44,3.46,59033.00,3.46
2019-09-18 00:00:00,3.48,3.51,3.45,3.47,27559.36,3.47
2019-09-19 00:00:00,3.48,3.49,3.43,3.49,24883.00,3.49
2019-09-20 00:00:00,3.49,3.54,3.48,3.49,40037.89,3.49
2019-09-23 00:00:00,3.52,3.84,3.49,3.84,415861.67,3.84
2019-09-24 00:00:00,3.98,4.22,3.98,4.22,860845.97,4.22
2019-09-25 00:00:00,3.99,4.16,3.88,3.90,568843.21,3.90
2019-09-26 00:00:00,3.92,4.28,3.92,4.10,560262.33,4.10
2019-09-27 00:00:00,4.00,4.11,3.69,4.01,400127.13,4.01
2019-09-30 00:00:00,3.99,4.05,3.73,3.74,278371.85,3.74
2019-10-08 00:00:00,3.76,4.11,3.74,4.11,202066.90,4.11
2019-10-09 00:00:00,4.25,4.50,4.13,4.23,644486.62,4.23
2019-10-10 00:00:00,4.27,4.56,4.24,4.40,550448.63,4.40
2019-10-11 00:00:00,4.28,4.34,4.18,4.19,389362.60,4.19
2019-10-14 00:00:00,4.20,4.35,4.13,4.32,332620.94,4.32
2019-10-15 00:00:00,4.30,4.55,4.23,4.30,411543.85,4.30
2019-10-16 00:00:00,4.29,4.31,4.12,4.19,249911.18,4.19
2019-10-17 00:00:00,4.16,4.19,3.97,4.08,213123.54,4.08
2019-10-18 00:00:00,4.09,4.25,4.04,4.10,211537.43,4.10
2019-10-21 00:00:00,4.03,4.07,3.86,3.93,214923.27,3.93
2019-10-22 00:00:00,3.94,3.97,3.86,3.94,120715.66,3.94
2019-10-23 00:00:00,3.92,3.96,3.87,3.88,100475.41,3.88
2019-10-24 00:00:00,3.87,3.91,3.85,3.85,87530.74,3.85
2019-10-25 00:00:00,3.89,4.06,3.86,4.02,201880.64,4.02
2019-10-28 00:00:00,3.96,4.05,3.96,4.03,143159.69,4.03
2019-10-29 00:00:00,4.03,4.04,3.86,3.87,159084.97,3.87
2019-10-30 00:00:00,3.85,3.87,3.72,3.75,110495.33,3.75
2019-10-31 00:00:00,3.75,3.92,3.75,3.82,115634.02,3.82
2019-11-01 00:00:00,3.80,3.90,3.77,3.85,86986.00,3.85
2019-11-04 00:00:00,3.90,3.90,3.80,3.82,75712.00,3.82
2019-11-05 00:00:00,3.80,3.85,3.76,3.82,66891.00,3.82
2019-11-06 00:00:00,3.84,3.87,3.77,3.80,72129.27,3.80
2019-11-07 00:00:00,3.77,3.83,3.76,3.80,52480.80,3.80
2019-11-08 00:00:00,3.81,3.96,3.81,3.86,134804.27,3.86
2019-11-11 00:00:00,3.83,3.84,3.66,3.68,117224.80,3.68
2019-11-12 00:00:00,3.66,3.70,3.59,3.70,75664.65,3.70
2019-11-13 00:00:00,3.66,3.70,3.64,3.69,47795.00,3.69
2019-11-14 00:00:00,3.62,3.74,3.62,3.72,58974.25,3.72
2019-11-15 00:00:00,3.73,3.74,3.65,3.66,38542.09,3.66
2019-11-18 00:00:00,3.66,3.73,3.64,3.72,34439.21,3.72
2019-11-19 00:00:00,3.73,3.80,3.69,3.80,71236.27,3.80
2019-11-20 00:00:00,3.82,4.06,3.78,3.98,286902.32,3.98
2019-11-21 00:00:00,3.92,3.95,3.87,3.89,117318.58,3.89
2019-11-22 00:00:00,3.88,3.97,3.82,3.87,91995.43,3.87
2019-11-25 00:00:00,3.92,3.93,3.81,3.88,60904.38,3.88
2019-11-26 00:00:00,3.88,3.94,3.83,3.93,66752.93,3.93
2019-11-27 00:00:00,3.91,3.92,3.83,3.85,69054.46,3.85
2019-11-28 00:00:00,3.84,3.91,3.83,3.87,50712.25,3.87
2019-11-29 00:00:00,3.88,3.88,3.82,3.84,43255.02,3.84
2019-12-02 00:00:00,3.85,3.86,3.73,3.73,80384.74,3.73
2019-12-03 00:00:00,3.71,3.77,3.68,3.76,51611.24,3.76
2019-12-04 00:00:00,3.74,3.91,3.72,3.89,114584.17,3.89
2019-12-05 00:00:00,3.90,3.98,3.86,3.97,147255.56,3.97
2019-12-06 00:00:00,3.96,3.96,3.89,3.94,87200.00,3.94
2019-12-09 00:00:00,3.93,4.00,3.92,3.96,80380.43,3.96
2019-12-10 00:00:00,3.93,3.94,3.88,3.93,78064.20,3.93
2019-12-11 00:00:00,3.91,4.06,3.89,4.05,213447.59,4.05
2019-12-12 00:00:00,4.03,4.08,3.98,4.00,143049.43,4.00
2019-12-13 00:00:00,4.00,4.03,3.97,4.02,101027.49,4.02
2019-12-16 00:00:00,4.04,4.05,3.97,4.05,128522.54,4.05
2019-12-17 00:00:00,4.04,4.09,4.01,4.08,153168.59,4.08
2019-12-18 00:00:00,4.06,4.08,4.01,4.01,125838.85,4.01
2019-12-19 00:00:00,4.00,4.06,3.96,4.04,124836.97,4.04
2019-12-20 00:00:00,4.02,4.16,4.00,4.08,171093.15,4.08
2019-12-23 00:00:00,4.10,4.13,4.01,4.01,143248.90,4.01
2019-12-24 00:00:00,4.00,4.04,3.97,4.03,98855.03,4.03
2019-12-25 00:00:00,4.01,4.12,4.01,4.08,104513.18,4.08
2019-12-26 00:00:00,4.09,4.09,4.00,4.04,122210.66,4.04
2019-12-27 00:00:00,4.05,4.05,3.93,3.94,171819.95,3.94
2019-12-30 00:00:00,3.94,3.96,3.83,3.94,89030.64,3.94
2019-12-31 00:00:00,3.92,3.97,3.90,3.93,59581.23,3.93
2020-01-02 00:00:00,3.96,4.06,3.96,4.05,129633.00,4.05
2020-01-03 00:00:00,4.08,4.12,4.04,4.09,125460.04,4.09
2020-01-06 00:00:00,4.09,4.34,4.06,4.23,321576.11,4.23
2020-01-07 00:00:00,4.55,4.65,4.55,4.65,129602.50,4.65
2020-01-08 00:00:00,5.12,5.12,4.98,5.12,291607.58,5.12
2020-01-09 00:00:00,5.63,5.63,5.63,5.63,52749.24,5.63
2020-01-10 00:00:00,6.17,6.17,5.37,5.93,1559262.66,5.93
2020-01-13 00:00:00,6.34,6.52,6.29,6.52,1136614.71,6.52
2020-01-14 00:00:00,7.17,7.17,6.31,6.31,1164865.05,6.31
2020-01-15 00:00:00,6.45,6.94,6.40,6.94,1559162.15,6.94
2020-01-16 00:00:00,6.70,7.63,6.60,7.63,1087338.95,7.63
2020-01-17 00:00:00,8.15,8.39,7.74,8.39,1994436.69,8.39
2020-01-20 00:00:00,8.55,9.23,8.55,9.23,1077016.27,9.23
2020-01-21 00:00:00,9.51,10.15,9.51,10.15,1278343.80,10.15
2020-01-22 00:00:00,10.58,11.17,9.65,11.17,1895964.79,11.17
2020-01-23 00:00:00,11.00,12.29,10.70,12.29,1782108.37,12.29
2020-02-03 00:00:00,11.20,12.27,11.06,11.06,1532144.95,11.06
2020-02-04 00:00:00,11.59,12.17,11.53,12.17,1222088.65,12.17
2020-02-05 00:00:00,13.39,13.39,13.05,13.39,403992.68,13.39
2020-02-06 00:00:00,13.50,14.73,13.33,14.73,1482506.77,14.73
2020-02-07 00:00:00,15.70,16.20,13.96,14.24,2902838.82,14.24
2020-02-10 00:00:00,13.68,15.66,13.68,15.66,2335085.63,15.66
2020-02-11 00:00:00,16.11,16.50,14.09,14.09,2255354.43,14.09
2020-02-12 00:00:00,12.75,14.38,12.75,13.58,1696142.72,13.58
2020-02-13 00:00:00,13.32,14.80,12.80,14.11,2201491.40,14.11
2020-02-14 00:00:00,13.80,14.45,13.44,13.51,1745162.94,13.51
2020-02-17 00:00:00,12.96,13.87,12.95,13.71,1520955.25,13.71
2020-02-18 00:00:00,13.82,14.97,13.82,14.18,2063947.41,14.18
2020-02-19 00:00:00,14.40,15.60,14.10,15.60,2692614.16,15.60
2020-02-20 00:00:00,14.80,15.77,14.18,14.54,2513734.18,14.54
2020-02-21 00:00:00,13.86,14.89,13.58,14.10,1938343.63,14.10
2020-02-24 00:00:00,13.80,14.50,13.80,14.01,1343871.81,14.01
2020-02-25 00:00:00,13.51,14.14,12.75,13.81,1793940.28,13.81
2020-02-26 00:00:00,13.42,13.63,12.43,12.43,1464710.94,12.43
2020-02-27 00:00:00,12.11,12.32,11.76,12.02,1006556.82,12.02
2020-02-28 00:00:00,11.40,11.43,10.82,10.88,1233137.54,10.88
2020-03-02 00:00:00,11.19,11.65,10.90,11.29,956434.96,11.29
2020-03-03 00:00:00,11.82,12.42,11.60,12.42,1916008.63,12.42
2020-03-04 00:00:00,11.96,12.39,11.29,11.97,1588774.45,11.97
2020-03-05 00:00:00,12.09,12.94,11.77,12.59,1756643.77,12.59
2020-03-06 00:00:00,12.05,13.85,11.80,13.67,2275372.74,13.67
2020-03-09 00:00:00,13.00,13.85,12.30,12.30,1870895.01,12.30
2020-03-10 00:00:00,11.16,12.41,11.10,11.98,1349280.67,11.98
2020-03-11 00:00:00,12.00,12.34,11.58,11.59,1012832.85,11.59
2020-03-12 00:00:00,11.10,11.55,10.50,10.80,924409.98,10.80
2020-03-13 00:00:00,10.01,10.57,9.85,10.50,921225.43,10.50
2020-03-16 00:00:00,10.52,10.68,9.45,9.45,949550.08,9.45
2020-03-17 00:00:00,9.75,10.40,9.63,10.40,1524411.18,10.40
2020-03-18 00:00:00,10.61,10.68,9.80,9.93,1501643.68,9.93
2020-03-19 00:00:00,9.92,10.10,9.66,10.06,899853.31,10.06
2020-03-20 00:00:00,10.39,10.63,9.74,9.91,925021.19,9.91
2020-03-23 00:00:00,9.30,9.40,8.92,8.92,768775.74,8.92
2020-03-24 00:00:00,9.10,9.19,8.52,9.01,762662.25,9.01
2020-03-25 00:00:00,9.44,9.66,9.23,9.34,810902.35,9.34
2020-03-26 00:00:00,9.23,10.00,9.23,9.38,995739.52,9.38
2020-03-27 00:00:00,9.51,9.58,8.91,8.94,712013.17,8.94
2020-03-30 00:00:00,8.82,9.08,8.41,8.74,586481.40,8.74
2020-03-31 00:00:00,8.88,8.93,8.48,8.51,480333.29,8.51
2020-04-01 00:00:00,8.66,8.97,8.55,8.61,699164.91,8.61
2020-04-02 00:00:00,8.47,9.15,8.38,9.11,882645.55,9.11
2020-04-03 00:00:00,9.15,9.17,8.75,8.88,697161.64,8.88
2020-04-07 00:00:00,9.14,9.62,8.90,9.51,1199860.92,9.51
2020-04-08 00:00:00,9.38,9.38,9.18,9.26,748358.55,9.26
2020-04-09 00:00:00,9.28,9.44,9.18,9.44,644829.71,9.44
2020-04-10 00:00:00,9.44,9.44,8.90,8.94,530908.90,8.94
2020-04-13 00:00:00,8.70,8.80,8.60,8.72,259428.64,8.72
2020-04-14 00:00:00,9.01,9.30,9.01,9.25,770940.58,9.25
2020-04-15 00:00:00,9.20,9.40,9.00,9.00,796211.29,9.00
2020-04-16 00:00:00,8.76,8.98,8.72,8.79,504566.11,8.79
2020-04-17 00:00:00,8.90,9.08,8.70,8.77,491786.25,8.77
2020-04-20 00:00:00,8.53,8.82,8.53,8.79,331397.08,8.79
2020-04-21 00:00:00,8.71,8.76,8.54,8.66,302705.89,8.66
2020-04-22 00:00:00,8.58,8.79,8.50,8.67,287180.07,8.67
2020-04-23 00:00:00,8.75,8.77,8.40,8.41,374366.91,8.41
2020-04-24 00:00:00,8.44,8.56,8.01,8.12,395104.21,8.12
2020-04-27 00:00:00,8.22,8.24,7.95,8.09,242335.72,8.09
2020-04-28 00:00:00,8.15,8.19,7.58,8.09,401103.94,8.09
2020-04-29 00:00:00,7.95,8.08,7.68,7.77,373629.51,7.77
2020-04-30 00:00:00,7.99,8.24,7.90,8.09,512777.57,8.09
2020-05-06 00:00:00,7.96,8.46,7.93,8.35,581173.48,8.35
2020-05-07 00:00:00,8.30,8.32,8.12,8.14,398658.91,8.14
2020-05-08 00:00:00,8.20,8.41,8.14,8.29,467415.46,8.29
2020-05-11 00:00:00,8.34,8.43,8.16,8.21,366642.70,8.21
2020-05-12 00:00:00,8.21,9.03,8.13,9.03,1191088.07,9.03
2020-05-13 00:00:00,8.95,8.95,8.62,8.76,923177.72,8.76
2020-05-14 00:00:00,8.60,8.69,8.45,8.56,567561.12,8.56
2020-05-15 00:00:00,8.60,8.65,8.42,8.47,455963.70,8.47
2020-05-18 00:00:00,8.67,8.67,8.15,8.19,502797.13,8.19
2020-05-19 00:00:00,8.25,8.42,8.14,8.26,363676.23,8.26
2020-05-20 00:00:00,8.22,8.44,8.04,8.29,483590.99,8.29
2020-05-21 00:00:00,8.22,8.22,7.79,7.79,471209.17,7.79
2020-05-22 00:00:00,7.76,7.83,7.27,7.34,402813.62,7.34
2020-05-25 00:00:00,7.35,7.35,7.09,7.19,253003.93,7.19
2020-05-26 00:00:00,7.22,7.35,7.21,7.35,245099.45,7.35
2020-05-27 00:00:00,7.35,7.37,7.09,7.13,243616.86,7.13
2020-05-28 00:00:00,7.16,7.30,6.96,7.30,320130.03,7.30
2020-05-29 00:00:00,7.20,7.40,7.18,7.19,230624.65,7.19
2020-06-01 00:00:00,7.19,7.70,7.18,7.50,421364.24,7.50
2020-06-02 00:00:00,7.65,7.70,7.47,7.52,315250.68,7.52
2020-06-03 00:00:00,7.57,7.63,7.42,7.51,303674.10,7.51
2020-06-04 00:00:00,7.55,7.55,7.37,7.45,196936.35,7.45
2020-06-05 00:00:00,7.46,7.49,7.35,7.38,167940.63,7.38
2020-06-08 00:00:00,7.42,7.53,7.32,7.34,223689.21,7.34
2020-06-09 00:00:00,7.46,7.77,7.46,7.52,453038.90,7.52
2020-06-10 00:00:00,7.43,7.46,7.18,7.22,356686.53,7.22
2020-06-11 00:00:00,7.38,7.94,7.38,7.94,782239.97,7.94
2020-06-12 00:00:00,7.73,8.46,7.66,8.26,1460296.15,8.26
2020-06-15 00:00:00,7.99,7.99,7.65,7.74,784803.42,7.74
2020-06-16 00:00:00,7.94,8.00,7.65,7.86,538560.57,7.86
2020-06-17 00:00:00,7.76,7.83,7.51,7.64,510496.52,7.64
2020-06-18 00:00:00,7.60,7.76,7.46,7.60,367135.21,7.60
2020-06-19 00:00:00,7.55,7.71,7.52,7.61,338062.22,7.61
2020-06-22 00:00:00,7.56,7.95,7.53,7.88,603796.13,7.88
2020-06-23 00:00:00,7.79,7.82,7.60,7.67,345150.31,7.67
2020-06-24 00:00:00,7.70,7.79,7.58,7.60,282840.10,7.60
2020-06-29 00:00:00,7.51,7.51,7.24,7.30,340616.08,7.30
2020-06-30 00:00:00,7.37,7.78,7.35,7.48,404117.71,7.48
2020-07-01 00:00:00,7.83,8.23,7.80,8.07,1345461.79,8.07
2020-07-02 00:00:00,8.00,8.07,7.70,7.88,895485.44,7.88
2020-07-03 00:00:00,8.15,8.38,7.92,7.97,788436.59,7.97
2020-07-06 00:00:00,8.02,8.55,8.02,8.44,997642.93,8.44
2020-07-07 00:00:00,8.88,9.07,8.45,8.59,1205029.93,8.59
2020-07-08 00:00:00,8.49,8.78,8.45,8.68,882382.92,8.68
2020-07-09 00:00:00,8.65,9.55,8.51,9.43,1285237.83,9.43
2020-07-10 00:00:00,9.30,9.30,8.89,8.98,938769.39,8.98
2020-07-13 00:00:00,9.11,9.69,9.10,9.45,906459.30,9.45
2020-07-14 00:00:00,9.18,9.24,8.85,9.06,807205.50,9.06
2020-07-15 00:00:00,9.00,9.06,8.38,8.47,557779.72,8.47
2020-07-16 00:00:00,8.30,8.58,7.70,7.91,437621.44,7.91
2020-07-17 00:00:00,7.85,8.08,7.71,7.88,252345.91,7.88
2020-07-20 00:00:00,7.88,8.16,7.85,8.10,263669.79,8.10
2020-07-21 00:00:00,8.23,8.38,8.13,8.20,296843.37,8.20
2020-07-22 00:00:00,8.13,8.25,8.07,8.10,288097.05,8.10
2020-07-23 00:00:00,8.10,8.16,7.66,7.97,361311.05,7.97
2020-07-24 00:00:00,7.85,8.06,7.29,7.39,381177.38,7.39
2020-07-27 00:00:00,7.38,7.45,7.12,7.29,238756.21,7.29
2020-07-28 00:00:00,7.40,7.56,7.30,7.39,202713.17,7.39
2020-07-29 00:00:00,7.31,7.60,7.20,7.60,278522.76,7.60
2020-07-30 00:00:00,7.56,7.78,7.40,7.51,339702.13,7.51
2020-07-31 00:00:00,7.43,7.55,7.36,7.48,262142.66,7.48
2020-08-03 00:00:00,7.50,7.90,7.46,7.74,403577.80,7.74
2020-08-04 00:00:00,7.70,8.36,7.66,8.16,770174.78,8.16
2020-08-05 00:00:00,8.00,8.05,7.82,7.93,396684.60,7.93
2020-08-06 00:00:00,7.88,7.94,7.66,7.74,300913.49,7.74
2020-08-07 00:00:00,7.68,7.82,7.56,7.66,231291.98,7.66
2020-08-10 00:00:00,7.67,7.81,7.61,7.75,175470.56,7.75
2020-08-11 00:00:00,7.79,7.88,7.50,7.51,236149.34,7.51
2020-08-12 00:00:00,7.52,7.91,7.27,7.78,310158.23,7.78
2020-08-13 00:00:00,7.98,8.25,7.82,7.85,527166.12,7.85
2020-08-14 00:00:00,7.68,7.99,7.62,7.82,279415.01,7.82
2020-08-17 00:00:00,7.79,7.97,7.69,7.92,245277.22,7.92
2020-08-18 00:00:00,8.08,8.50,7.85,8.23,579610.56,8.23
2020-08-19 00:00:00,8.11,8.20,7.90,7.93,369278.79,7.93
2020-08-20 00:00:00,7.77,7.90,7.71,7.85,166663.53,7.85
2020-08-21 00:00:00,7.82,7.88,7.65,7.66,188187.93,7.66
2020-08-24 00:00:00,7.68,7.69,7.45,7.58,184593.31,7.58
2020-08-25 00:00:00,7.61,7.62,7.40,7.43,213942.45,7.43
2020-08-26 00:00:00,7.41,7.51,7.34,7.39,153943.96,7.39
2020-08-27 00:00:00,7.42,7.64,7.42,7.53,196382.04,7.53
2020-08-28 00:00:00,7.54,7.59,7.43,7.48,168262.75,7.48
2020-08-31 00:00:00,7.45,7.53,7.40,7.40,157299.77,7.40
2020-09-01 00:00:00,7.46,7.67,7.44,7.58,233591.98,7.58
2020-09-02 00:00:00,7.51,7.54,7.38,7.42,193802.34,7.42
2020-09-03 00:00:00,7.39,7.42,7.24,7.25,189342.21,7.25
2020-09-04 00:00:00,7.06,7.29,6.99,7.22,122297.55,7.22
2020-09-07 00:00:00,7.25,7.31,7.04,7.10,145609.78,7.10
2020-09-08 00:00:00,7.11,7.21,6.99,7.15,125215.73,7.15
2020-09-09 00:00:00,7.03,7.15,6.92,6.97,162551.64,6.97
2020-09-10 00:00:00,7.19,7.20,6.81,6.86,134179.30,6.86
2020-09-11 00:00:00,6.72,7.01,6.62,6.89,154531.30,6.89
2020-09-14 00:00:00,6.84,6.95,6.79,6.90,92229.97,6.90
2020-09-15 00:00:00,6.95,7.09,6.90,6.97,142514.74,6.97
2020-09-16 00:00:00,7.00,7.00,6.79,6.86,113467.31,6.86
2020-09-17 00:00:00,6.88,6.93,6.73,6.84,98511.02,6.84
2020-09-18 00:00:00,6.81,6.90,6.75,6.90,122635.63,6.90
2020-09-21 00:00:00,6.90,6.95,6.82,6.84,108570.50,6.84
2020-09-22 00:00:00,6.79,6.79,6.62,6.65,113214.20,6.65
2020-09-23 00:00:00,6.65,6.69,6.39,6.46,199149.26,6.46
2020-09-24 00:00:00,6.40,6.40,6.12,6.12,174665.54,6.12
2020-09-25 00:00:00,6.17,6.25,6.05,6.18,121194.31,6.18
2020-09-28 00:00:00,6.17,6.24,6.05,6.05,75098.55,6.05
2020-09-29 00:00:00,6.10,6.21,6.06,6.12,94389.00,6.12
2020-09-30 00:00:00,6.10,6.18,6.05,6.07,78111.00,6.07
2020-10-09 00:00:00,6.18,6.38,6.13,6.26,123053.32,6.26
2020-10-12 00:00:00,6.33,6.54,6.30,6.48,157123.79,6.48
2020-10-13 00:00:00,6.48,6.53,6.41,6.47,125216.12,6.47
2020-10-14 00:00:00,6.53,6.66,6.35,6.40,162262.00,6.40
2020-10-15 00:00:00,6.41,6.51,6.32,6.32,103903.76,6.32
2020-10-16 00:00:00,6.31,6.32,6.17,6.23,106988.50,6.23
2020-10-19 00:00:00,6.24,6.31,6.17,6.22,75228.61,6.22
2020-10-20 00:00:00,6.21,6.33,6.13,6.32,100895.30,6.32
2020-10-21 00:00:00,6.28,6.38,6.16,6.19,103488.62,6.19
2020-10-22 00:00:00,6.19,6.27,6.09,6.20,89839.09,6.20
2020-10-23 00:00:00,6.20,6.36,6.18,6.23,124658.87,6.23
2020-10-26 00:00:00,6.30,6.50,6.22,6.26,149929.63,6.26
2020-10-27 00:00:00,6.21,6.30,6.12,6.18,84481.98,6.18
2020-10-28 00:00:00,6.17,6.29,6.06,6.22,130441.55,6.22
2020-10-29 00:00:00,6.12,6.16,6.06,6.08,122781.70,6.08
2020-10-30 00:00:00,6.08,6.09,5.80,5.80,166342.74,5.80
2020-11-02 00:00:00,5.77,5.85,5.69,5.78,110576.50,5.78
2020-11-03 00:00:00,5.84,6.00,5.79,5.96,152377.53,5.96
2020-11-04 00:00:00,5.96,6.33,5.96,6.17,273264.91,6.17
2020-11-05 00:00:00,6.17,6.45,6.15,6.43,302898.31,6.43
2020-11-06 00:00:00,6.39,6.40,6.24,6.27,184836.10,6.27
2020-11-09 00:00:00,6.27,6.41,6.23,6.37,171253.81,6.37
2020-11-10 00:00:00,6.42,6.48,6.22,6.24,113940.43,6.24
2020-11-11 00:00:00,6.21,6.25,6.06,6.06,113453.21,6.06
2020-11-12 00:00:00,6.06,6.15,6.02,6.07,80333.94,6.07
2020-11-13 00:00:00,6.07,6.12,6.01,6.05,72995.00,6.05
2020-11-16 00:00:00,6.08,6.09,5.97,6.01,119013.22,6.01
2020-11-17 00:00:00,6.01,6.12,5.98,6.05,112977.88,6.05
2020-11-18 00:00:00,6.06,6.08,5.98,6.00,108854.82,6.00
2020-11-19 00:00:00,6.03,6.07,5.92,6.00,90709.11,6.00
2020-11-20 00:00:00,6.00,6.24,5.96,6.21,245325.57,6.21
2020-11-23 00:00:00,6.19,6.38,6.11,6.28,235994.18,6.28
2020-11-24 00:00:00,6.27,6.45,6.26,6.28,207516.56,6.28
2020-11-25 00:00:00,6.34,6.43,6.24,6.26,224709.03,6.26
2020-11-26 00:00:00,6.44,6.89,6.39,6.89,301546.31,6.89
2020-11-27 00:00:00,7.00,7.38,6.77,6.79,950777.77,6.79
2020-11-30 00:00:00,6.63,6.79,6.42,6.61,497911.89,6.61
2020-12-01 00:00:00,6.54,6.68,6.47,6.63,306836.54,6.63
2020-12-02 00:00:00,6.60,6.60,6.43,6.46,298027.56,6.46
2020-12-03 00:00:00,6.39,6.44,6.28,6.30,223956.07,6.30
2020-12-04 00:00:00,6.28,6.40,6.23,6.39,207418.11,6.39
2020-12-07 00:00:00,6.44,6.53,6.30,6.30,164600.47,6.30
2020-12-08 00:00:00,6.37,6.37,6.25,6.34,119809.53,6.34
2020-12-09 00:00:00,6.35,6.36,6.06,6.08,183792.78,6.08
2020-12-10 00:00:00,6.10,6.12,6.01,6.06,90755.15,6.06
2020-12-11 00:00:00,6.07,6.08,5.80,5.90,135587.36,5.90
2020-12-14 00:00:00,5.91,6.00,5.84,6.00,79887.62,6.00
2020-12-15 00:00:00,6.00,6.06,5.95,6.01,65497.07,6.01
2020-12-16 00:00:00,6.02,6.06,5.81,5.82,98078.06,5.82
2020-12-17 00:00:00,5.82,6.15,5.75,6.00,150218.80,6.00
2020-12-18 00:00:00,5.96,6.06,5.92,5.94,80910.99,5.94
2020-12-21 00:00:00,5.94,6.04,5.91,6.00,90400.52,6.00
2020-12-22 00:00:00,5.95,5.96,5.83,5.85,105901.93,5.85
2020-12-23 00:00:00,5.83,5.92,5.82,5.85,82399.85,5.85
2020-12-24 00:00:00,5.84,5.84,5.60,5.61,131314.94,5.61
2020-12-25 00:00:00,5.61,5.63,5.45,5.46,105367.96,5.46
2020-12-28 00:00:00,5.45,5.46,5.26,5.34,118689.39,5.34
2020-12-29 00:00:00,5.34,5.54,5.32,5.41,102004.14,5.41
2020-12-30 00:00:00,5.37,5.46,5.34,5.37,80134.98,5.37
2020-12-31 00:00:00,5.41,5.50,5.37,5.45,91211.44,5.45
2021-01-04 00:00:00,6.00,6.00,6.00,6.00,51939.21,6.00
2021-01-05 00:00:00,6.60,6.60,6.60,6.60,79213.91,6.60
2021-01-06 00:00:00,6.60,6.60,6.07,6.22,652591.42,6.22
2021-01-07 00:00:00,6.00,6.84,5.90,6.84,1305842.23,6.84
2021-01-08 00:00:00,6.53,6.79,6.16,6.38,1118816.84,6.38
2021-01-11 00:00:00,6.20,6.75,6.14,6.41,640748.94,6.41
2021-01-12 00:00:00,6.31,6.36,6.15,6.19,386269.83,6.19
2021-01-13 00:00:00,6.20,6.24,5.89,5.89,340381.60,5.89
2021-01-14 00:00:00,5.86,5.86,5.55,5.68,234910.32,5.68
2021-01-15 00:00:00,5.65,5.85,5.60,5.71,159783.19,5.71
2021-01-18 00:00:00,5.72,5.85,5.63,5.80,164555.90,5.80
2021-01-19 00:00:00,5.80,5.89,5.70,5.73,159156.65,5.73
2021-01-20 00:00:00,5.71,6.09,5.70,5.88,247685.93,5.88
2021-01-21 00:00:00,5.78,5.95,5.72,5.91,205903.65,5.91
2021-01-22 00:00:00,5.87,5.87,5.76,5.80,144904.34,5.80
2021-01-25 00:00:00,5.81,5.81,5.57,5.61,196131.45,5.61
2021-01-26 00:00:00,5.75,5.79,5.60,5.63,116672.62,5.63
2021-01-27 00:00:00,5.61,5.75,5.45,5.63,137464.39,5.63
2021-01-28 00:00:00,5.52,5.69,5.48,5.52,110631.38,5.52
2021-01-29 00:00:00,5.50,5.55,5.30,5.33,124407.20,5.33
2021-02-01 00:00:00,5.31,5.42,5.23,5.26,75652.72,5.26
2021-02-02 00:00:00,5.26,5.38,5.24,5.25,103390.99,5.25
2021-02-03 00:00:00,5.28,5.29,5.02,5.05,132611.01,5.05
2021-02-04 00:00:00,5.06,5.15,4.83,4.92,174052.72,4.92
2021-02-05 00:00:00,4.94,5.05,4.76,4.79,105157.68,4.79
2021-02-08 00:00:00,4.76,4.79,4.68,4.68,88249.65,4.68
2021-02-09 00:00:00,4.68,4.89,4.68,4.86,93138.69,4.86
2021-02-10 00:00:00,4.86,4.91,4.81,4.84,70528.76,4.84
2021-02-18 00:00:00,4.88,5.05,4.88,5.02,111778.48,5.02
2021-02-19 00:00:00,5.05,5.19,5.00,5.18,109566.07,5.18
2021-02-22 00:00:00,5.19,5.39,5.19,5.21,176394.15,5.21
2021-02-23 00:00:00,5.20,5.29,5.11,5.19,117182.53,5.19
2021-02-24 00:00:00,5.15,5.26,5.14,5.18,86950.59,5.18
2021-02-25 00:00:00,5.19,5.22,5.08,5.08,88817.00,5.08
2021-02-26 00:00:00,5.11,5.11,5.00,5.07,79321.58,5.07
2021-03-01 00:00:00,5.07,5.22,5.07,5.20,88914.75,5.20
2021-03-02 00:00:00,5.21,5.22,5.13,5.16,69601.20,5.16
2021-03-03 00:00:00,5.16,5.20,5.14,5.19,68299.68,5.19
2021-03-04 00:00:00,5.18,5.25,5.16,5.19,97575.02,5.19
2021-03-05 00:00:00,5.18,5.35,5.15,5.32,135090.82,5.32
2021-03-08 00:00:00,5.35,5.36,5.17,5.18,109280.02,5.18
2021-03-09 00:00:00,5.18,5.22,4.96,5.03,111782.80,5.03
2021-03-10 00:00:00,5.18,5.30,5.02,5.06,102912.07,5.06
2021-03-11 00:00:00,5.01,5.14,4.95,5.06,96839.56,5.06
2021-03-12 00:00:00,5.03,5.05,4.97,4.99,77061.51,4.99
2021-03-15 00:00:00,4.96,5.02,4.91,4.96,62689.67,4.96
2021-03-16 00:00:00,4.96,5.04,4.95,5.01,71400.85,5.01
2021-03-17 00:00:00,5.01,5.07,4.97,5.03,69668.95,5.03
2021-03-18 00:00:00,5.03,5.04,4.97,4.97,58886.65,4.97
2021-03-19 00:00:00,4.95,4.98,4.86,4.87,74050.00,4.87
2021-03-22 00:00:00,4.87,4.94,4.85,4.90,63039.00,4.90
2021-03-23 00:00:00,4.90,4.91,4.85,4.87,60259.84,4.87
2021-03-24 00:00:00,4.87,4.89,4.74,4.76,90943.39,4.76
2021-03-25 00:00:00,4.75,4.79,4.71,4.77,49205.40,4.77
2021-03-26 00:00:00,4.78,4.87,4.75,4.85,54729.27,4.85
2021-03-29 00:00:00,4.84,4.88,4.81,4.85,47143.20,4.85
2021-03-30 00:00:00,4.85,4.85,4.75,4.78,57396.00,4.78
2021-03-31 00:00:00,4.79,4.84,4.75,4.78,51342.06,4.78
2021-04-01 00:00:00,4.83,4.89,4.77,4.87,82197.18,4.87
2021-04-02 00:00:00,4.88,4.90,4.81,4.82,68410.00,4.82
2021-04-06 00:00:00,4.83,4.88,4.82,4.87,58973.60,4.87
2021-04-07 00:00:00,4.86,4.93,4.83,4.89,76107.03,4.89
2021-04-08 00:00:00,4.90,4.97,4.88,4.91,88918.00,4.91
2021-04-09 00:00:00,4.93,4.93,4.84,4.91,66135.67,4.91
2021-04-12 00:00:00,4.90,4.91,4.80,4.80,66748.67,4.80
2021-04-13 00:00:00,4.82,4.82,4.74,4.74,68004.45,4.74
2021-04-14 00:00:00,4.75,5.11,4.75,4.91,160113.98,4.91
2021-04-15 00:00:00,4.96,5.03,4.89,4.94,115270.43,4.94
2021-04-16 00:00:00,4.92,5.29,4.91,5.13,293340.88,5.13
2021-04-19 00:00:00,5.22,5.64,5.15,5.64,660792.27,5.64
2021-04-20 00:00:00,5.50,5.63,5.32,5.36,598041.66,5.36
2021-04-21 00:00:00,5.22,5.30,5.19,5.20,290313.68,5.20
2021-04-22 00:00:00,5.24,5.33,5.18,5.20,214489.20,5.20
2021-04-23 00:00:00,5.19,5.27,5.10,5.12,205051.73,5.12
2021-04-26 00:00:00,5.10,5.15,5.02,5.09,156599.27,5.09
2021-04-27 00:00:00,5.08,5.12,5.00,5.06,95605.49,5.06
2021-04-28 00:00:00,5.02,5.12,5.01,5.11,103801.10,5.11
2021-04-29 00:00:00,5.30,5.48,5.17,5.18,288337.97,5.18
2021-04-30 00:00:00,5.14,5.24,5.07,5.10,155827.59,5.10
2021-05-06 00:00:00,5.05,5.17,5.02,5.13,120853.34,5.13
2021-05-07 00:00:00,5.13,5.14,5.05,5.07,137541.92,5.07
2021-05-10 00:00:00,5.09,5.16,5.01,5.12,122898.46,5.12
2021-05-11 00:00:00,5.06,5.21,5.04,5.21,155892.58,5.21
2021-05-12 00:00:00,5.20,5.29,5.17,5.28,181645.07,5.28
2021-05-13 00:00:00,5.49,5.81,5.48,5.81,715333.56,5.81
2021-05-14 00:00:00,5.65,5.85,5.61,5.68,832880.85,5.68
2021-05-17 00:00:00,5.66,5.67,5.46,5.51,431817.67,5.51
2021-05-18 00:00:00,5.45,5.59,5.40,5.56,268087.07,5.56
2021-05-19 00:00:00,5.55,5.75,5.47,5.70,372833.19,5.70
2021-05-20 00:00:00,5.69,5.69,5.51,5.52,259243.55,5.52
2021-05-21 00:00:00,5.50,5.69,5.48,5.60,231210.86,5.60
2021-05-24 00:00:00,5.59,5.84,5.51,5.80,424867.23,5.80
2021-05-25 00:00:00,5.77,5.79,5.66,5.75,302707.26,5.75
2021-05-26 00:00:00,5.74,5.82,5.61,5.66,275918.61,5.66
2021-05-27 00:00:00,5.67,5.74,5.60,5.65,223942.69,5.65
2021-05-28 00:00:00,5.71,5.71,5.60,5.61,173126.21,5.61
2021-05-31 00:00:00,5.62,5.79,5.47,5.74,300958.44,5.74
2021-06-01 00:00:00,5.74,6.03,5.70,5.99,486504.99,5.99
2021-06-02 00:00:00,5.99,6.05,5.78,5.81,274443.49,5.81
2021-06-03 00:00:00,5.77,5.85,5.65,5.66,221871.01,5.66
2021-06-04 00:00:00,5.62,5.78,5.60,5.74,179827.97,5.74
2021-06-07 00:00:00,5.79,5.80,5.65,5.74,162261.68,5.74
2021-06-08 00:00:00,5.71,5.74,5.62,5.64,148936.02,5.64
2021-06-09 00:00:00,5.60,5.68,5.57,5.61,163398.04,5.61
2021-06-10 00:00:00,5.64,5.76,5.62,5.75,191496.25,5.75
2021-06-11 00:00:00,5.77,5.79,5.46,5.46,241154.76,5.46
2021-06-15 00:00:00,5.45,5.49,5.32,5.38,155105.09,5.38
2021-06-16 00:00:00,5.37,5.44,5.32,5.37,109038.58,5.37
2021-06-17 00:00:00,5.33,5.43,5.33,5.39,91341.94,5.39
2021-06-18 00:00:00,5.39,5.68,5.34,5.62,258988.52,5.62
2021-06-21 00:00:00,5.62,5.70,5.59,5.63,131165.74,5.63
2021-06-22 00:00:00,5.62,5.71,5.55,5.68,158386.11,5.68
2021-06-23 00:00:00,5.67,5.76,5.64,5.73,159492.87,5.73
2021-06-24 00:00:00,5.74,5.81,5.67,5.77,211594.04,5.77
2021-06-25 00:00:00,5.83,5.85,5.64,5.73,140116.03,5.73
2021-06-28 00:00:00,5.71,5.73,5.61,5.67,119180.88,5.67
2021-06-29 00:00:00,5.67,5.69,5.52,5.59,151487.02,5.59
2021-06-30 00:00:00,5.58,5.70,5.54,5.55,118667.16,5.55
2021-07-01 00:00:00,5.54,5.60,5.48,5.50,121471.31,5.50
2021-07-02 00:00:00,5.50,5.54,5.45,5.50,79138.10,5.50
2021-07-05 00:00:00,5.50,5.57,5.47,5.57,113608.82,5.57
2021-07-06 00:00:00,5.57,5.60,5.50,5.55,105133.77,5.55
2021-07-07 00:00:00,5.55,5.62,5.50,5.62,133624.24,5.62
2021-07-08 00:00:00,5.71,5.73,5.59,5.66,173227.62,5.66
2021-07-09 00:00:00,5.65,6.02,5.60,5.90,384051.49,5.90
2021-07-12 00:00:00,5.89,5.98,5.81,5.84,249731.18,5.84
2021-07-13 00:00:00,5.84,5.92,5.76,5.90,191374.50,5.90
2021-07-14 00:00:00,5.87,5.88,5.73,5.75,175818.61,5.75
2021-07-15 00:00:00,5.65,5.73,5.54,5.58,231995.09,5.58
2021-07-16 00:00:00,5.49,5.58,5.45,5.47,170469.81,5.47
2021-07-19 00:00:00,5.47,5.61,5.36,5.61,230120.96,5.61
2021-07-20 00:00:00,5.57,5.58,5.49,5.56,122247.75,5.56
2021-07-21 00:00:00,5.56,5.63,5.52,5.57,143124.46,5.57
2021-07-22 00:00:00,5.58,5.75,5.54,5.74,283797.33,5.74
2021-07-23 00:00:00,5.75,5.83,5.66,5.70,213400.54,5.70
2021-07-26 00:00:00,5.65,5.71,5.49,5.55,194417.15,5.55
2021-07-27 00:00:00,5.64,5.73,5.40,5.44,184063.49,5.44
2021-07-28 00:00:00,5.41,5.46,5.05,5.17,252483.44,5.17
2021-07-29 00:00:00,5.22,5.31,5.20,5.23,139499.02,5.23
2021-07-30 00:00:00,5.27,5.39,5.21,5.37,144469.32,5.37
2021-08-02 00:00:00,5.37,5.91,5.37,5.74,407722.08,5.74
2021-08-03 00:00:00,5.77,5.90,5.70,5.78,340552.77,5.78
2021-08-04 00:00:00,5.79,5.90,5.76,5.86,257858.84,5.86
2021-08-05 00:00:00,5.87,6.17,5.79,6.07,432070.25,6.07
2021-08-06 00:00:00,6.12,6.27,6.02,6.15,396632.76,6.15
2021-08-09 00:00:00,6.16,6.26,6.06,6.08,243677.57,6.08
2021-08-10 00:00:00,6.06,6.13,6.02,6.10,196332.53,6.10
2021-08-11 00:00:00,6.09,6.20,6.03,6.16,207122.04,6.16
2021-08-12 00:00:00,6.19,6.25,6.09,6.20,210081.33,6.20
2021-08-13 00:00:00,6.18,6.40,6.17,6.34,323850.93,6.34
2021-08-16 00:00:00,6.30,6.33,6.15,6.18,210729.67,6.18
2021-08-17 00:00:00,6.13,6.19,5.94,5.95,219123.28,5.95
2021-08-18 00:00:00,5.99,6.08,5.94,6.01,134514.42,6.01
2021-08-19 00:00:00,6.01,6.02,5.87,5.90,150529.00,5.90
2021-08-20 00:00:00,5.87,6.00,5.75,5.98,182458.52,5.98
2021-08-23 00:00:00,6.01,6.16,6.00,6.11,174818.68,6.11
2021-08-24 00:00:00,6.12,6.16,6.00,6.10,128011.46,6.10
2021-08-25 00:00:00,6.10,6.27,6.10,6.23,183214.31,6.23
2021-08-26 00:00:00,6.20,6.68,6.18,6.46,428013.54,6.46
2021-08-27 00:00:00,6.41,6.41,6.16,6.26,291375.85,6.26
2021-08-30 00:00:00,6.29,6.30,6.10,6.15,204644.53,6.15
2021-08-31 00:00:00,6.15,6.16,5.93,6.09,213310.55,6.09
2021-09-01 00:00:00,6.05,6.23,5.94,6.00,223001.07,6.00
2021-09-02 00:00:00,5.95,6.09,5.95,6.02,154236.41,6.02
2021-09-03 00:00:00,6.02,6.17,5.96,6.00,194631.81,6.00
2021-09-06 00:00:00,6.01,6.07,5.86,6.07,170738.94,6.07
2021-09-07 00:00:00,6.07,6.38,6.06,6.37,388881.27,6.37
2021-09-08 00:00:00,6.44,6.44,6.27,6.32,232123.55,6.32
2021-09-09 00:00:00,6.31,6.31,6.17,6.25,222827.25,6.25
2021-09-10 00:00:00,6.26,6.28,6.11,6.14,204319.31,6.14
2021-09-13 00:00:00,6.15,6.24,6.05,6.24,178137.18,6.24
2021-09-14 00:00:00,6.11,6.13,5.62,5.62,769561.32,5.62
2021-09-15 00:00:00,5.50,5.59,5.43,5.51,340064.21,5.51
2021-09-16 00:00:00,5.49,5.57,5.36,5.37,220462.56,5.37
2021-09-17 00:00:00,5.36,5.44,5.15,5.26,261598.36,5.26
2021-09-22 00:00:00,5.18,5.29,5.15,5.20,141501.85,5.20
2021-09-23 00:00:00,5.23,5.32,5.22,5.27,158883.07,5.27
2021-09-24 00:00:00,5.24,5.25,5.11,5.11,164639.00,5.11
2021-09-27 00:00:00,5.11,5.17,4.94,4.98,166733.56,4.98
2021-09-28 00:00:00,4.95,5.02,4.88,5.00,127476.35,5.00
2021-09-29 00:00:00,4.95,4.98,4.88,4.93,116127.76,4.93
2021-09-30 00:00:00,4.91,4.93,4.86,4.91,101941.30,4.91
2021-10-08 00:00:00,4.95,5.09,4.93,5.08,153981.19,5.08
2021-10-11 00:00:00,5.08,5.13,5.00,5.09,108127.02,5.09
2021-10-12 00:00:00,5.15,5.17,5.03,5.09,83841.26,5.09
2021-10-13 00:00:00,5.10,5.12,5.02,5.07,78430.13,5.07
2021-10-14 00:00:00,5.06,5.14,5.03,5.12,82130.55,5.12
2021-10-15 00:00:00,5.07,5.10,5.05,5.07,90017.00,5.07
2021-10-18 00:00:00,4.77,4.81,4.56,4.81,288003.73,4.81
2021-10-19 00:00:00,4.73,4.84,4.71,4.74,147218.11,4.74
2021-10-20 00:00:00,4.73,4.78,4.69,4.75,124627.68,4.75
2021-10-21 00:00:00,4.75,4.75,4.66,4.70,105442.03,4.70
2021-10-22 00:00:00,4.70,4.71,4.58,4.62,96419.02,4.62
2021-10-25 00:00:00,4.61,4.61,4.49,4.56,109187.64,4.56
2021-10-26 00:00:00,4.68,4.93,4.65,4.67,203726.57,4.67
2021-10-27 00:00:00,4.55,4.65,4.49,4.54,138800.49,4.54
2021-10-28 00:00:00,4.54,4.55,4.38,4.38,105287.00,4.38
2021-10-29 00:00:00,4.38,4.53,4.37,4.50,100159.83,4.50
2021-11-01 00:00:00,4.46,4.55,4.41,4.51,97787.00,4.51
2021-11-02 00:00:00,4.52,4.58,4.40,4.45,93119.14,4.45
2021-11-03 00:00:00,4.41,4.45,4.36,4.42,72216.38,4.42
2021-11-04 00:00:00,4.86,4.86,4.86,4.86,111856.28,4.86
2021-11-05 00:00:00,5.35,5.35,5.11,5.35,704364.85,5.35
2021-11-08 00:00:00,5.35,5.54,5.11,5.28,809124.78,5.28
2021-11-09 00:00:00,5.16,5.21,5.04,5.10,455290.75,5.10
2021-11-10 00:00:00,5.05,5.29,4.95,5.18,462184.22,5.18
2021-11-11 00:00:00,5.13,5.26,5.05,5.14,322796.68,5.14
2021-11-12 00:00:00,5.17,5.24,5.05,5.13,272470.09,5.13
2021-11-15 00:00:00,5.60,5.63,5.28,5.29,593484.37,5.29
2021-11-16 00:00:00,5.30,5.37,5.14,5.19,416292.37,5.19
2021-11-17 00:00:00,5.16,5.24,5.10,5.15,235603.31,5.15
2021-11-18 00:00:00,5.14,5.18,5.04,5.05,217470.61,5.05
2021-11-19 00:00:00,5.03,5.12,4.99,5.09,167594.62,5.09
2021-11-22 00:00:00,5.07,5.12,5.04,5.11,145612.92,5.11
2021-11-23 00:00:00,5.10,5.18,5.05,5.09,160780.56,5.09
2021-11-24 00:00:00,5.08,5.11,5.04,5.06,131632.76,5.06
2021-11-25 00:00:00,5.06,5.08,5.01,5.02,115102.00,5.02
2021-11-26 00:00:00,5.03,5.04,4.96,4.97,119765.54,4.97
2021-11-29 00:00:00,4.91,4.96,4.83,4.94,94718.57,4.94
2021-11-30 00:00:00,4.97,5.04,4.95,4.97,96670.00,4.97
2021-12-01 00:00:00,4.97,5.04,4.97,5.02,114439.73,5.02
2021-12-02 00:00:00,5.03,5.07,4.96,4.97,102740.00,4.97
2021-12-03 00:00:00,4.96,5.01,4.92,4.97,87153.76,4.97
2021-12-06 00:00:00,4.96,5.00,4.85,4.96,160585.50,4.96
2021-12-07 00:00:00,4.97,5.02,4.83,4.87,118296.00,4.87
2021-12-08 00:00:00,4.83,4.90,4.75,4.87,94891.33,4.87
2021-12-09 00:00:00,4.90,4.92,4.84,4.87,74084.64,4.87
2021-12-10 00:00:00,4.87,4.94,4.83,4.89,79592.96,4.89
2021-12-13 00:00:00,4.89,4.90,4.83,4.84,81239.42,4.84
2021-12-14 00:00:00,4.84,4.91,4.82,4.88,91281.21,4.88
2021-12-15 00:00:00,4.87,4.90,4.85,4.85,58584.00,4.85
2021-12-16 00:00:00,4.88,4.90,4.84,4.89,77108.82,4.89
2021-12-17 00:00:00,4.89,4.90,4.85,4.86,57097.76,4.86
2021-12-20 00:00:00,4.85,5.28,4.84,5.13,507581.85,5.13
2021-12-21 00:00:00,5.04,5.12,5.00,5.09,231594.95,5.09
2021-12-22 00:00:00,5.06,5.16,5.04,5.08,154121.11,5.08
2021-12-23 00:00:00,5.12,5.16,5.07,5.12,160484.19,5.12
2021-12-24 00:00:00,5.12,5.21,5.02,5.03,158616.82,5.03
2021-12-27 00:00:00,5.40,5.41,5.08,5.10,281672.00,5.10
2021-12-28 00:00:00,5.06,5.13,5.02,5.09,130195.40,5.09
2021-12-29 00:00:00,5.06,5.13,5.04,5.10,86999.76,5.10
2021-12-30 00:00:00,5.10,5.15,5.05,5.11,101722.00,5.11
2021-12-31 00:00:00,5.12,5.17,5.08,5.10,88642.51,5.10
2022-01-04 00:00:00,5.10,5.19,5.10,5.17,152751.21,5.17
2022-01-05 00:00:00,5.20,5.20,5.08,5.10,101878.16,5.10
2022-01-06 00:00:00,5.06,5.12,5.06,5.11,79815.69,5.11
2022-01-07 00:00:00,5.11,5.13,5.01,5.03,99830.00,5.03
2022-01-10 00:00:00,5.00,5.06,4.96,5.06,71245.81,5.06
2022-01-11 00:00:00,5.05,5.09,5.02,5.03,58060.68,5.03
2022-01-12 00:00:00,5.03,5.13,5.01,5.10,75177.59,5.10
2022-01-13 00:00:00,5.10,5.13,5.05,5.06,63949.00,5.06
2022-01-14 00:00:00,5.05,5.09,4.99,4.99,87395.66,4.99
2022-01-17 00:00:00,4.97,5.09,4.96,5.08,92969.62,5.08
2022-01-18 00:00:00,5.07,5.12,5.00,5.02,98462.00,5.02
2022-01-19 00:00:00,5.00,5.06,4.96,5.00,80842.90,5.00
2022-01-20 00:00:00,5.00,5.00,4.77,4.79,113568.72,4.79
2022-01-21 00:00:00,4.80,4.82,4.74,4.79,49666.00,4.79
2022-01-24 00:00:00,4.80,4.81,4.67,4.72,65485.02,4.72
2022-01-25 00:00:00,4.71,4.72,4.53,4.60,83519.00,4.60
2022-01-26 00:00:00,4.58,4.61,4.53,4.61,47740.00,4.61
2022-01-27 00:00:00,4.58,4.67,4.51,4.67,69065.36,4.67
2022-01-28 00:00:00,4.67,4.92,4.65,4.87,134548.42,4.87
2022-02-07 00:00:00,4.88,4.88,4.70,4.80,73166.32,4.80
2022-02-08 00:00:00,4.78,4.87,4.75,4.84,42825.59,4.84
2022-02-09 00:00:00,4.84,4.94,4.80,4.90,76622.77,4.90
2022-02-10 00:00:00,4.90,4.95,4.87,4.90,37935.00,4.90
2022-02-11 00:00:00,4.90,4.90,4.80,4.81,48671.00,4.81
2022-02-14 00:00:00,4.81,4.83,4.77,4.80,28665.13,4.80
2022-02-15 00:00:00,4.80,4.81,4.76,4.78,28861.65,4.78
2022-02-16 00:00:00,4.78,4.82,4.78,4.79,26556.43,4.79
2022-02-17 00:00:00,4.77,4.80,4.75,4.78,33187.43,4.78
2022-02-18 00:00:00,4.77,4.80,4.75,4.80,27445.43,4.80
2022-02-21 00:00:00,4.81,4.89,4.79,4.89,54185.93,4.89
2022-02-22 00:00:00,4.86,4.89,4.81,4.86,52030.02,4.86
2022-02-23 00:00:00,4.85,4.92,4.84,4.90,64054.76,4.90
2022-02-24 00:00:00,4.92,4.94,4.73,4.79,92820.77,4.79
2022-02-25 00:00:00,4.81,4.89,4.79,4.81,50462.48,4.81
2022-02-28 00:00:00,4.78,4.78,4.68,4.74,47417.33,4.74
2022-03-01 00:00:00,4.77,4.81,4.74,4.79,45082.84,4.79
2022-03-02 00:00:00,4.78,4.85,4.75,4.84,58587.44,4.84
2022-03-03 00:00:00,4.84,4.86,4.81,4.83,44948.00,4.83
2022-03-04 00:00:00,4.83,4.84,4.77,4.80,47836.02,4.80
2022-03-07 00:00:00,4.80,4.82,4.73,4.76,66711.00,4.76
2022-03-08 00:00:00,4.77,4.81,4.60,4.74,83237.44,4.74
2022-03-09 00:00:00,4.73,4.74,4.48,4.63,92445.00,4.63
2022-03-10 00:00:00,4.67,4.72,4.63,4.65,42748.01,4.65
2022-03-11 00:00:00,4.57,4.70,4.51,4.70,52503.57,4.70
2022-03-14 00:00:00,4.68,4.69,4.61,4.62,39707.47,4.62
2022-03-15 00:00:00,4.65,4.65,4.37,4.45,84882.57,4.45
2022-03-16 00:00:00,4.49,4.53,4.23,4.48,71949.86,4.48
2022-03-17 00:00:00,4.50,4.57,4.49,4.50,74438.00,4.50
2022-03-18 00:00:00,4.50,4.54,4.44,4.53,36059.00,4.53
2022-03-21 00:00:00,4.52,4.55,4.51,4.54,42927.37,4.54
2022-03-22 00:00:00,4.53,4.69,4.50,4.60,72078.92,4.60
2022-03-23 00:00:00,4.60,4.62,4.56,4.61,33434.02,4.61
2022-03-24 00:00:00,4.57,4.60,4.53,4.57,32283.95,4.57
2022-03-25 00:00:00,4.56,4.62,4.55,4.56,43961.73,4.56
2022-03-28 00:00:00,4.55,4.57,4.47,4.54,38311.37,4.54
2022-03-29 00:00:00,4.55,4.57,4.50,4.50,30332.00,4.50
2022-03-30 00:00:00,4.51,4.55,4.50,4.55,29270.20,4.55
2022-03-31 00:00:00,4.53,4.54,4.49,4.51,30366.00,4.51
2022-04-01 00:00:00,4.50,4.52,4.46,4.49,24896.00,4.49
2022-04-06 00:00:00,4.49,4.59,4.47,4.57,46009.00,4.57
2022-04-07 00:00:00,4.54,4.59,4.49,4.53,33801.33,4.53
2022-04-08 00:00:00,4.51,4.51,4.41,4.49,49948.00,4.49
2022-04-11 00:00:00,4.45,4.45,4.34,4.42,44695.00,4.42
2022-04-12 00:00:00,4.37,4.42,4.28,4.40,49407.78,4.40
2022-04-13 00:00:00,4.39,4.39,4.32,4.32,31749.80,4.32
2022-04-14 00:00:00,4.35,4.37,4.29,4.31,30352.00,4.31
2022-04-15 00:00:00,4.35,4.35,4.21,4.29,43421.40,4.29
2022-04-18 00:00:00,4.26,4.42,4.26,4.40,52462.00,4.40
2022-04-19 00:00:00,4.44,4.47,4.40,4.42,45172.01,4.42
2022-04-20 00:00:00,4.37,4.47,4.35,4.38,38155.00,4.38
2022-04-21 00:00:00,4.37,4.37,4.22,4.24,50485.62,4.24
2022-04-22 00:00:00,4.26,4.26,4.15,4.22,32131.87,4.22
2022-04-25 00:00:00,4.16,4.18,3.86,3.96,73905.00,3.96
2022-04-26 00:00:00,3.96,3.96,3.62,3.66,82601.22,3.66
2022-04-27 00:00:00,3.60,3.70,3.47,3.69,84468.20,3.69
2022-04-28 00:00:00,3.75,3.87,3.60,3.67,58787.00,3.67
2022-04-29 00:00:00,3.61,3.99,3.61,3.93,110486.95,3.93
2022-05-05 00:00:00,4.10,4.32,4.10,4.32,46940.78,4.32
2022-05-06 00:00:00,4.40,4.50,4.27,4.31,244481.94,4.31
2022-05-09 00:00:00,4.16,4.32,4.16,4.23,147207.63,4.23
2022-05-10 00:00:00,4.17,4.20,4.08,4.18,83574.00,4.18
2022-05-11 00:00:00,4.17,4.30,4.17,4.20,103580.00,4.20
2022-05-12 00:00:00,4.18,4.35,4.15,4.28,78812.69,4.28
2022-05-13 00:00:00,4.28,4.45,4.26,4.37,134300.85,4.37
2022-05-16 00:00:00,4.38,4.52,4.38,4.41,138407.18,4.41
2022-05-17 00:00:00,4.42,4.47,4.34,4.44,113412.65,4.44
2022-05-18 00:00:00,4.44,4.69,4.40,4.53,183033.99,4.53
2022-05-19 00:00:00,4.49,4.57,4.45,4.55,122895.47,4.55
2022-05-20 00:00:00,4.56,4.60,4.49,4.57,113562.69,4.57
2022-05-23 00:00:00,4.57,4.69,4.57,4.69,123600.97,4.69
2022-05-24 00:00:00,4.69,4.83,4.50,4.54,189215.67,4.54
2022-05-25 00:00:00,4.50,4.65,4.50,4.64,98711.56,4.64
2022-05-26 00:00:00,4.65,4.70,4.49,4.61,84328.38,4.61
2022-05-27 00:00:00,4.61,4.64,4.52,4.56,65257.00,4.56
2022-05-30 00:00:00,4.59,4.64,4.52,4.56,59057.00,4.56
2022-05-31 00:00:00,4.57,4.73,4.50,4.60,130391.84,4.60
2022-06-01 00:00:00,4.58,4.73,4.54,4.65,163577.68,4.65
2022-06-02 00:00:00,4.64,4.89,4.60,4.81,196027.43,4.81
2022-06-06 00:00:00,4.80,4.88,4.75,4.78,153974.00,4.78
2022-06-07 00:00:00,4.75,4.80,4.66,4.70,90836.00,4.70
2022-06-08 00:00:00,4.68,4.74,4.57,4.73,97304.00,4.73
2022-06-09 00:00:00,4.73,4.94,4.66,4.70,291327.02,4.70
2022-06-10 00:00:00,4.62,4.83,4.61,4.79,212669.21,4.79
2022-06-13 00:00:00,4.80,4.87,4.71,4.78,144908.40,4.78
2022-06-14 00:00:00,4.77,4.92,4.67,4.90,193840.00,4.90
2022-06-15 00:00:00,4.92,5.39,4.90,5.39,270904.88,5.39
2022-06-16 00:00:00,5.65,5.75,5.18,5.23,946064.14,5.23
2022-06-17 00:00:00,5.03,5.68,5.03,5.43,792190.24,5.43
2022-06-20 00:00:00,5.36,5.46,5.21,5.26,549420.05,5.26
2022-06-21 00:00:00,5.22,5.31,5.13,5.20,342244.01,5.20
2022-06-22 00:00:00,5.20,5.72,5.18,5.72,744335.26,5.72
2022-06-23 00:00:00,5.79,6.29,5.72,5.82,1304599.03,5.82
2022-06-24 00:00:00,5.77,5.95,5.58,5.73,763876.59,5.73
2022-06-27 00:00:00,5.68,5.85,5.48,5.77,664249.93,5.77
2022-06-28 00:00:00,5.66,5.73,5.56,5.68,476785.43,5.68
2022-06-29 00:00:00,5.69,5.70,5.19,5.20,578039.36,5.20
2022-06-30 00:00:00,5.16,5.30,5.11,5.21,310134.93,5.21
2022-07-01 00:00:00,5.28,5.43,5.22,5.30,406551.40,5.30
2022-07-04 00:00:00,5.23,5.29,5.15,5.22,302456.32,5.22
2022-07-05 00:00:00,5.22,5.32,5.14,5.21,209539.63,5.21
2022-07-06 00:00:00,5.17,5.29,5.15,5.21,157012.97,5.21
2022-07-07 00:00:00,5.23,5.32,5.18,5.28,242867.44,5.28
2022-07-08 00:00:00,5.26,5.41,5.22,5.30,199708.18,5.30
2022-07-11 00:00:00,5.31,5.31,5.13,5.16,159521.94,5.16
2022-07-12 00:00:00,5.16,5.20,5.03,5.04,167086.43,5.04
2022-07-13 00:00:00,5.04,5.17,5.02,5.14,131346.59,5.14
2022-07-14 00:00:00,5.14,5.27,5.10,5.23,141814.20,5.23
2022-07-15 00:00:00,5.20,5.31,5.16,5.17,143273.41,5.17
2022-07-18 00:00:00,5.21,5.43,5.20,5.43,239834.84,5.43
2022-07-19 00:00:00,5.43,5.63,5.38,5.52,333240.13,5.52
2022-07-20 00:00:00,5.50,5.56,5.42,5.48,167110.00,5.48
2022-07-21 00:00:00,5.45,5.57,5.35,5.48,213678.82,5.48
2022-07-22 00:00:00,5.56,5.64,5.44,5.52,206730.70,5.52
2022-07-25 00:00:00,5.61,5.65,5.47,5.53,195833.00,5.53
2022-07-26 00:00:00,5.47,5.61,5.37,5.59,193202.52,5.59
2022-07-27 00:00:00,5.54,5.73,5.53,5.69,229339.53,5.69
2022-07-28 00:00:00,5.80,5.80,5.68,5.70,190693.00,5.70
2022-07-29 00:00:00,5.72,5.78,5.66,5.71,169981.02,5.71
2022-08-01 00:00:00,5.69,5.79,5.59,5.72,166729.00,5.72
2022-08-02 00:00:00,5.66,5.72,5.33,5.41,222227.84,5.41
2022-08-03 00:00:00,5.43,5.63,5.24,5.27,197070.84,5.27
2022-08-04 00:00:00,5.28,5.39,5.17,5.28,141778.11,5.28
2022-08-05 00:00:00,5.27,5.39,5.17,5.27,133297.36,5.27
2022-08-08 00:00:00,5.28,5.80,5.24,5.80,276377.53,5.80
2022-08-09 00:00:00,5.93,6.02,5.73,5.80,750644.82,5.80
2022-08-10 00:00:00,5.79,5.94,5.67,5.84,498348.45,5.84
2022-08-11 00:00:00,5.87,5.88,5.75,5.80,299813.40,5.80
2022-08-12 00:00:00,5.81,5.85,5.67,5.69,260476.10,5.69
2022-08-15 00:00:00,5.69,5.73,5.63,5.70,186317.20,5.70
2022-08-16 00:00:00,5.69,5.85,5.68,5.83,367277.32,5.83
2022-08-17 00:00:00,5.83,5.97,5.76,5.84,275206.31,5.84
2022-08-18 00:00:00,5.83,5.94,5.78,5.88,272483.89,5.88
2022-08-19 00:00:00,5.89,5.89,5.69,5.71,228240.04,5.71
2022-08-22 00:00:00,5.71,5.77,5.62,5.74,169741.81,5.74
2022-08-23 00:00:00,5.94,6.31,5.88,6.31,702738.62,6.31
2022-08-24 00:00:00,6.42,6.52,5.94,5.99,989846.46,5.99
2022-08-25 00:00:00,6.09,6.10,5.61,5.82,533193.33,5.82
2022-08-26 00:00:00,5.95,5.98,5.70,5.73,285830.82,5.73
2022-08-29 00:00:00,5.56,5.71,5.50,5.66,221018.35,5.66
2022-08-30 00:00:00,5.66,5.79,5.59,5.68,238122.36,5.68
2022-08-31 00:00:00,5.62,5.67,5.38,5.40,262377.24,5.40
2022-09-01 00:00:00,5.42,5.53,5.41,5.47,153783.79,5.47
2022-09-02 00:00:00,5.50,5.63,5.46,5.59,159308.71,5.59
2022-09-05 00:00:00,5.60,5.61,5.48,5.56,121505.14,5.56
2022-09-06 00:00:00,5.56,5.64,5.49,5.63,135621.57,5.63
2022-09-07 00:00:00,5.60,5.76,5.59,5.75,195824.24,5.75
2022-09-08 00:00:00,5.73,5.88,5.66,5.68,184568.50,5.68
2022-09-09 00:00:00,5.75,5.75,5.54,5.58,139071.87,5.58
2022-09-13 00:00:00,5.59,5.68,5.51,5.55,116303.53,5.55
2022-09-14 00:00:00,5.42,5.48,5.33,5.43,170489.19,5.43
2022-09-15 00:00:00,5.47,5.48,5.05,5.11,217866.10,5.11
2022-09-16 00:00:00,5.11,5.13,4.95,4.98,151066.59,4.98
2022-09-19 00:00:00,5.00,5.00,4.81,4.88,108242.12,4.88
2022-09-20 00:00:00,4.96,5.06,4.88,4.99,112318.19,4.99
2022-09-21 00:00:00,4.99,5.06,4.87,5.04,94727.00,5.04
2022-09-22 00:00:00,4.98,5.06,4.93,4.98,87476.82,4.98
2022-09-23 00:00:00,4.98,4.98,4.78,4.88,110769.96,4.88
2022-09-26 00:00:00,4.81,4.85,4.73,4.77,86812.00,4.77
2022-09-27 00:00:00,4.80,4.89,4.70,4.82,113921.81,4.82
2022-09-28 00:00:00,4.77,4.84,4.64,4.65,107349.00,4.65
2022-09-29 00:00:00,4.71,4.73,4.55,4.64,101964.10,4.64
2022-09-30 00:00:00,4.59,4.64,4.49,4.58,87919.72,4.58
2022-10-10 00:00:00,4.57,4.58,4.41,4.44,78279.98,4.44
2022-10-11 00:00:00,4.47,4.59,4.42,4.55,80046.59,4.55
2022-10-12 00:00:00,4.59,4.71,4.50,4.70,100910.57,4.70
2022-10-13 00:00:00,4.73,4.80,4.69,4.78,102761.74,4.78
2022-10-14 00:00:00,4.78,4.86,4.75,4.85,90511.81,4.85
2022-10-17 00:00:00,5.19,5.19,4.97,5.10,370010.01,5.10
2022-10-18 00:00:00,5.10,5.37,5.06,5.22,312331.81,5.22
2022-10-19 00:00:00,5.18,5.21,5.06,5.08,180918.02,5.08
2022-10-20 00:00:00,5.05,5.08,4.95,5.01,142468.00,5.01
2022-10-21 00:00:00,4.98,5.05,4.95,5.03,112993.60,5.03
2022-10-24 00:00:00,5.05,5.36,5.04,5.18,288440.27,5.18
2022-10-25 00:00:00,5.10,5.35,5.09,5.30,240634.00,5.30
2022-10-26 00:00:00,5.30,5.36,5.25,5.28,172421.35,5.28
2022-10-27 00:00:00,5.32,5.45,5.32,5.36,186034.74,5.36
2022-10-28 00:00:00,5.32,5.35,5.10,5.12,186692.73,5.12
2022-10-31 00:00:00,5.20,5.37,5.20,5.28,210131.00,5.28
2022-11-01 00:00:00,5.31,5.36,5.25,5.33,159391.41,5.33
2022-11-02 00:00:00,5.34,5.54,5.32,5.50,240364.15,5.50
2022-11-03 00:00:00,5.42,5.54,5.40,5.51,140252.04,5.51
2022-11-04 00:00:00,5.53,5.84,5.45,5.66,357587.96,5.66
2022-11-07 00:00:00,5.70,5.73,5.60,5.66,166611.31,5.66
2022-11-08 00:00:00,5.63,5.68,5.55,5.60,135519.23,5.60
2022-11-09 00:00:00,5.58,5.64,5.52,5.58,99608.80,5.58
2022-11-10 00:00:00,5.53,5.58,5.49,5.53,126167.65,5.53
2022-11-11 00:00:00,5.62,5.69,5.52,5.56,157511.89,5.56
2022-11-14 00:00:00,5.54,5.57,5.44,5.46,107684.23,5.46
2022-11-15 00:00:00,5.46,5.57,5.44,5.57,126928.89,5.57
2022-11-16 00:00:00,5.57,5.64,5.47,5.50,106503.00,5.50
2022-11-17 00:00:00,5.52,5.52,5.45,5.50,92965.00,5.50
2022-11-18 00:00:00,5.50,5.52,5.40,5.41,145012.14,5.41
2022-11-21 00:00:00,5.37,5.49,5.34,5.47,108432.06,5.47
2022-11-22 00:00:00,5.50,5.50,5.35,5.39,93611.00,5.39
2022-11-23 00:00:00,5.41,5.43,5.23,5.35,105928.00,5.35
2022-11-24 00:00:00,5.02,5.08,4.82,4.82,532533.25,4.82
2022-11-25 00:00:00,4.80,4.91,4.75,4.83,315572.20,4.83
2022-11-28 00:00:00,4.75,4.82,4.67,4.80,149910.02,4.80
2022-11-29 00:00:00,4.78,4.87,4.77,4.85,116757.37,4.85
2022-11-30 00:00:00,4.84,5.10,4.82,5.03,246719.36,5.03
2022-12-01 00:00:00,5.03,5.10,4.90,4.95,156982.29,4.95
2022-12-02 00:00:00,4.99,4.99,4.92,4.95,94901.00,4.95
2022-12-05 00:00:00,4.94,4.99,4.93,4.99,100789.29,4.99
2022-12-06 00:00:00,4.99,4.99,4.90,4.92,94574.00,4.92
2022-12-07 00:00:00,4.94,4.97,4.90,4.93,71270.73,4.93
2022-12-08 00:00:00,4.93,4.94,4.87,4.88,100637.64,4.88
2022-12-09 00:00:00,4.90,4.90,4.80,4.82,114803.36,4.82
2022-12-12 00:00:00,4.82,4.87,4.77,4.84,98663.00,4.84
2022-12-13 00:00:00,4.82,4.83,4.72,4.73,130030.89,4.73
2022-12-14 00:00:00,4.71,4.73,4.66,4.69,85335.38,4.69
2022-12-15 00:00:00,4.68,4.81,4.65,4.80,88651.48,4.80
2022-12-16 00:00:00,4.80,4.82,4.69,4.69,71614.91,4.69
2022-12-19 00:00:00,4.70,4.73,4.61,4.63,79921.29,4.63
2022-12-20 00:00:00,4.57,4.70,4.57,4.66,72602.91,4.66
2022-12-21 00:00:00,4.70,4.70,4.56,4.59,71915.12,4.59
2022-12-22 00:00:00,4.60,4.65,4.52,4.53,75441.10,4.53
2022-12-23 00:00:00,4.53,4.57,4.48,4.54,60845.64,4.54
2022-12-26 00:00:00,4.58,4.65,4.50,4.65,71692.26,4.65
2022-12-27 00:00:00,4.65,4.69,4.60,4.65,59847.76,4.65
2022-12-28 00:00:00,4.61,4.64,4.55,4.59,83614.36,4.59
2022-12-29 00:00:00,4.62,4.70,4.58,4.60,86699.89,4.60
2022-12-30 00:00:00,4.64,4.69,4.61,4.64,60813.89,4.64
