Date Time,Open,High,Low,Close,Volume,Adj Close
2010-04-30 00:00:00,161.00,165.88,155.55,157.31,178453.46,157.31
2010-05-04 00:00:00,143.33,168.58,143.33,162.43,69880.92,162.43
2010-05-05 00:00:00,165.00,173.49,164.11,168.99,52446.29,168.99
2010-05-06 00:00:00,170.09,183.77,167.50,177.00,46296.55,177.00
2010-05-07 00:00:00,175.50,183.50,162.20,163.50,59988.65,163.50
2010-05-10 00:00:00,163.60,166.00,152.00,160.15,39862.48,160.15
2010-05-11 00:00:00,162.78,162.79,149.00,153.92,37343.19,153.92
2010-05-12 00:00:00,150.00,159.00,146.66,157.15,26295.10,157.15
2010-05-13 00:00:00,157.00,159.80,148.91,155.90,26382.52,155.90
2010-05-14 00:00:00,153.00,153.26,143.52,148.38,34983.95,148.38
2010-05-17 00:00:00,143.99,153.16,143.13,145.00,24853.87,145.00
2010-05-18 00:00:00,144.99,145.70,132.00,139.93,28439.68,139.93
2010-05-19 00:00:00,137.10,153.92,136.23,148.98,26309.77,148.98
2010-05-20 00:00:00,145.97,152.30,142.90,143.90,20418.11,143.90
2010-05-21 00:00:00,138.00,158.29,137.06,158.29,23749.26,158.29
2010-05-24 00:00:00,161.00,167.90,160.01,165.10,37030.53,165.10
2010-05-25 00:00:00,162.75,170.00,161.08,164.88,23856.57,164.88
2010-05-26 00:00:00,165.88,169.00,157.85,160.80,22751.03,160.80
2010-05-27 00:00:00,160.00,176.88,157.05,174.80,26958.16,174.80
2010-05-28 00:00:00,174.20,179.17,169.11,174.70,22917.96,174.70
2010-05-31 00:00:00,170.00,174.20,162.10,162.21,22506.38,162.21
2010-06-01 00:00:00,156.00,159.00,150.00,152.30,29542.14,152.30
2010-06-02 00:00:00,150.30,153.99,143.66,151.32,27529.11,151.32
2010-06-03 00:00:00,149.23,149.23,136.19,136.31,51842.85,136.31
2010-06-04 00:00:00,131.99,140.71,131.91,138.88,32130.63,138.88
2010-06-07 00:00:00,135.00,142.50,132.80,136.99,26156.56,136.99
2010-06-08 00:00:00,135.00,136.50,132.10,133.70,24949.30,133.70
2010-06-10 00:00:00,138.15,146.98,136.66,145.49,28552.09,145.49
2010-06-11 00:00:00,145.46,148.59,144.03,145.77,18273.52,145.77
2010-06-17 00:00:00,146.30,150.45,142.13,142.49,15534.12,142.49
2010-06-18 00:00:00,140.58,141.78,136.08,136.60,13182.88,136.60
2010-06-21 00:00:00,135.60,147.78,135.60,145.90,12896.58,145.90
2010-06-22 00:00:00,146.00,146.00,141.44,141.50,10912.17,141.50
2010-06-23 00:00:00,139.79,145.50,139.32,142.70,9558.00,142.70
2010-06-24 00:00:00,143.30,144.98,142.00,143.01,8982.24,143.01
2010-06-25 00:00:00,141.70,141.87,132.88,134.40,18497.24,134.40
2010-06-28 00:00:00,130.50,134.50,128.70,128.80,13604.78,128.80
2010-06-29 00:00:00,131.00,132.88,115.92,117.44,27238.32,117.44
2010-06-30 00:00:00,115.44,117.43,111.60,116.75,16840.98,116.75
2010-07-01 00:00:00,115.24,116.59,110.49,110.78,14147.57,110.78
2010-07-02 00:00:00,110.16,112.85,103.00,106.82,18640.16,106.82
2010-07-05 00:00:00,105.20,108.03,102.01,108.00,11813.40,108.00
2010-07-06 00:00:00,107.40,112.00,106.67,110.92,13271.39,110.92
2010-07-07 00:00:00,110.68,115.20,108.60,114.50,13333.14,114.50
2010-07-08 00:00:00,114.70,116.22,110.90,114.18,14435.47,114.18
2010-07-09 00:00:00,113.91,116.78,111.10,115.65,12949.22,115.65
2010-07-12 00:00:00,116.16,118.38,115.01,115.72,12029.02,115.72
2010-07-13 00:00:00,115.07,115.07,107.50,112.50,17709.25,112.50
2010-07-14 00:00:00,111.01,113.28,108.92,110.44,11586.63,110.44
2010-07-15 00:00:00,112.49,121.48,112.29,117.43,33723.49,117.43
2010-07-16 00:00:00,114.99,117.00,109.21,115.70,19406.02,115.70
2010-07-19 00:00:00,113.00,117.78,112.22,117.00,10990.23,117.00
2010-07-20 00:00:00,118.00,121.65,116.20,120.33,15519.35,120.33
2010-07-21 00:00:00,121.31,123.33,118.95,119.39,15149.30,119.39
2010-07-22 00:00:00,118.80,120.97,118.22,120.28,9840.06,120.28
2010-07-23 00:00:00,120.00,122.99,119.80,120.95,12778.50,120.95
2010-07-26 00:00:00,121.88,121.95,118.96,121.10,11104.11,121.10
2010-07-27 00:00:00,120.50,126.79,119.21,126.40,18396.89,126.40
2010-07-28 00:00:00,126.00,130.00,124.00,128.27,18504.23,128.27
2010-07-29 00:00:00,128.00,129.99,126.21,127.39,15391.17,127.39
2010-07-30 00:00:00,124.66,124.66,120.72,121.10,24606.50,121.10
2010-08-02 00:00:00,121.21,123.70,118.50,123.65,31025.64,123.65
2010-08-03 00:00:00,123.90,123.90,119.79,119.79,22463.67,119.79
2010-08-04 00:00:00,118.91,120.00,116.52,119.43,17157.56,119.43
2010-08-05 00:00:00,119.44,123.45,118.80,120.31,15372.91,120.31
2010-08-06 00:00:00,120.50,123.40,120.11,123.30,16600.04,123.30
2010-08-09 00:00:00,124.00,126.30,123.58,125.91,19361.40,125.91
2010-08-10 00:00:00,126.00,126.29,120.76,120.76,19249.26,120.76
2010-08-11 00:00:00,120.33,122.14,119.50,121.06,10797.44,121.06
2010-08-12 00:00:00,119.88,120.00,117.00,117.00,18464.61,117.00
2010-08-13 00:00:00,117.20,120.15,117.00,119.60,12445.19,119.60
2010-08-16 00:00:00,120.22,122.20,119.93,122.10,14249.69,122.10
2010-08-17 00:00:00,122.10,124.32,121.88,122.91,13733.31,122.91
2010-08-18 00:00:00,123.09,124.19,121.21,124.00,14731.83,124.00
2010-08-19 00:00:00,126.31,129.38,125.30,127.10,27651.48,127.10
2010-08-20 00:00:00,126.00,127.00,122.00,122.70,16844.39,122.70
2010-08-23 00:00:00,122.48,122.48,120.27,120.73,12198.40,120.73
2010-08-24 00:00:00,120.81,121.88,118.88,121.00,9518.84,121.00
2010-08-25 00:00:00,120.00,120.00,116.50,116.65,13344.08,116.65
2010-08-26 00:00:00,117.10,118.95,116.80,117.60,7577.30,117.60
2010-08-27 00:00:00,117.75,122.50,116.75,122.20,12849.16,122.20
2010-08-30 00:00:00,123.01,129.37,123.01,128.28,28184.19,128.28
2010-08-31 00:00:00,127.70,132.20,127.70,130.60,23395.65,130.60
2010-09-01 00:00:00,131.08,134.99,126.51,128.00,27301.41,128.00
2010-09-02 00:00:00,129.85,140.80,129.81,139.48,28076.79,139.48
2010-09-03 00:00:00,141.00,147.98,139.10,143.65,38407.88,143.65
2010-09-06 00:00:00,145.52,147.00,138.60,139.90,22412.84,139.90
2010-09-07 00:00:00,140.62,150.30,140.00,149.85,23400.41,149.85
2010-09-08 00:00:00,149.00,150.20,145.70,148.15,13537.33,148.15
2010-09-09 00:00:00,147.88,149.00,141.28,142.75,16497.51,142.75
2010-09-10 00:00:00,143.35,148.50,142.58,143.70,12721.74,143.70
2010-09-13 00:00:00,142.16,145.33,141.00,144.39,9726.69,144.39
2010-09-14 00:00:00,144.96,146.20,137.51,137.99,21969.45,137.99
2010-09-15 00:00:00,136.39,137.80,130.60,131.01,24221.73,131.01
2010-09-16 00:00:00,132.00,133.50,129.20,132.99,14383.13,132.99
2010-09-17 00:00:00,135.00,135.00,129.90,130.25,8487.62,130.25
2010-09-20 00:00:00,130.10,130.80,126.80,127.38,9984.09,127.38
2010-09-21 00:00:00,128.00,129.74,127.02,129.07,6428.38,129.07
2010-09-27 00:00:00,130.00,130.88,126.82,130.39,7371.73,130.39
2010-09-28 00:00:00,129.89,129.90,126.60,127.16,8169.38,127.16
2010-09-29 00:00:00,124.97,126.10,117.57,118.77,24369.12,118.77
2010-09-30 00:00:00,117.99,120.80,117.10,120.20,9233.71,120.20
2010-10-08 00:00:00,120.18,122.79,118.10,121.44,10666.08,121.44
2010-10-11 00:00:00,122.20,122.28,117.85,119.09,16509.77,119.09
2010-10-12 00:00:00,119.74,123.70,119.10,122.34,14295.17,122.34
2010-10-13 00:00:00,122.88,122.89,118.85,121.00,10447.91,121.00
2010-10-14 00:00:00,121.11,122.98,119.96,122.25,12002.88,122.25
2010-10-15 00:00:00,122.00,123.20,119.00,119.40,10103.90,119.40
2010-10-18 00:00:00,119.00,119.10,114.08,118.78,13146.04,118.78
2010-10-19 00:00:00,119.00,130.66,119.00,130.30,29738.43,130.30
2010-10-20 00:00:00,127.45,132.00,127.45,129.17,22491.82,129.17
2010-10-21 00:00:00,129.16,129.23,125.88,128.00,12354.28,128.00
2010-10-22 00:00:00,128.10,131.20,126.77,128.70,11886.42,128.70
2010-10-25 00:00:00,128.40,134.50,127.91,131.11,14325.97,131.11
2010-10-26 00:00:00,131.00,132.82,128.52,129.17,10691.25,129.17
2010-10-27 00:00:00,129.25,132.08,125.68,126.65,13163.62,126.65
2010-10-28 00:00:00,126.39,126.39,122.28,124.67,13288.38,124.67
2010-10-29 00:00:00,125.05,131.07,125.05,129.18,15199.15,129.18
2010-11-01 00:00:00,129.30,136.95,129.25,135.00,19623.12,135.00
2010-11-02 00:00:00,134.60,134.60,127.00,128.40,20071.96,128.40
2010-11-03 00:00:00,127.43,127.75,124.00,124.50,10006.16,124.50
2010-11-04 00:00:00,125.08,126.98,125.08,126.63,7582.75,126.63
2010-11-05 00:00:00,127.50,128.49,125.10,126.93,9333.57,126.93
2010-11-08 00:00:00,127.03,132.90,127.03,132.12,14102.70,132.12
2010-11-09 00:00:00,132.13,133.25,131.02,132.04,10282.08,132.04
2010-11-10 00:00:00,132.00,142.00,132.00,138.62,22724.06,138.62
2010-11-11 00:00:00,137.97,142.62,136.50,136.75,18219.64,136.75
2010-11-12 00:00:00,135.50,141.30,132.50,134.39,21013.76,134.39
2010-11-15 00:00:00,137.20,146.50,136.50,146.50,24345.46,146.50
2010-11-16 00:00:00,147.91,149.88,140.03,143.12,25874.82,143.12
2010-11-17 00:00:00,141.00,144.89,135.09,135.60,18268.73,135.60
2010-11-18 00:00:00,136.64,139.88,132.50,139.70,13794.21,139.70
2010-11-19 00:00:00,139.85,144.90,138.18,144.90,16524.62,144.90
2010-11-22 00:00:00,148.00,158.32,146.50,147.79,24912.42,147.79
2010-11-23 00:00:00,148.00,156.12,146.00,155.90,22012.92,155.90
2010-11-24 00:00:00,154.00,157.62,153.02,156.09,17918.00,156.09
2010-11-25 00:00:00,155.99,157.48,149.50,149.90,20241.82,149.90
2010-11-26 00:00:00,148.84,153.90,147.06,151.30,12646.65,151.30
2010-11-29 00:00:00,153.35,155.18,149.60,155.18,13706.08,155.18
2010-11-30 00:00:00,155.58,155.88,144.62,150.22,20715.80,150.22
2010-12-02 00:00:00,150.29,150.50,147.10,147.27,11679.54,147.27
2010-12-03 00:00:00,147.79,147.79,141.45,143.13,12601.65,143.13
2010-12-06 00:00:00,143.08,143.76,138.32,139.01,9481.11,139.01
2010-12-07 00:00:00,138.32,142.45,137.90,141.85,8053.43,141.85
2010-12-08 00:00:00,141.15,142.99,139.00,139.00,7632.00,139.00
2010-12-09 00:00:00,139.30,140.44,136.13,136.70,7698.35,136.70
2010-12-10 00:00:00,136.88,141.29,136.02,141.16,9484.91,141.16
2010-12-13 00:00:00,142.62,148.00,141.86,145.77,12774.72,145.77
2010-12-14 00:00:00,145.65,146.95,144.27,144.77,10308.68,144.77
2010-12-15 00:00:00,144.70,145.25,142.00,143.00,9844.81,143.00
2010-12-16 00:00:00,141.47,145.69,141.45,143.19,8499.50,143.19
2010-12-17 00:00:00,144.00,144.99,142.00,142.90,6814.79,142.90
2010-12-20 00:00:00,143.04,143.49,135.24,137.52,16283.90,137.52
2010-12-21 00:00:00,138.50,139.35,135.50,139.20,7299.30,139.20
2010-12-22 00:00:00,138.01,139.18,136.68,137.13,5315.16,137.13
2010-12-23 00:00:00,136.30,136.89,134.15,134.76,7735.94,134.76
2010-12-24 00:00:00,135.00,135.45,129.51,129.99,10130.21,129.99
2010-12-27 00:00:00,130.26,132.00,126.01,126.29,8290.41,126.29
2010-12-28 00:00:00,126.28,127.23,124.75,125.00,8132.65,125.00
2010-12-29 00:00:00,125.73,127.20,125.05,126.50,7679.74,126.50
2010-12-30 00:00:00,126.70,126.70,124.80,125.01,8715.53,125.01
2010-12-31 00:00:00,125.42,128.99,125.39,128.88,9303.86,128.88
2011-01-04 00:00:00,127.80,131.30,127.53,128.88,13576.73,128.88
2011-01-05 00:00:00,128.03,128.03,125.50,126.00,14974.96,126.00
2011-01-06 00:00:00,126.00,126.57,121.40,121.50,17877.47,121.50
2011-01-07 00:00:00,120.65,123.90,120.22,122.92,9829.01,122.92
2011-01-10 00:00:00,122.80,123.00,119.00,119.13,7805.60,119.13
2011-01-11 00:00:00,118.80,118.80,116.20,117.41,7130.41,117.41
2011-01-12 00:00:00,119.00,120.00,117.50,119.82,5855.45,119.82
2011-01-13 00:00:00,120.85,123.00,120.85,122.36,10237.23,122.36
2011-01-14 00:00:00,122.98,122.98,118.58,119.40,5579.11,119.40
2011-01-17 00:00:00,119.00,124.49,119.00,120.70,10172.21,120.70
2011-01-18 00:00:00,119.50,120.55,118.10,119.33,5651.06,119.33
2011-01-19 00:00:00,119.20,122.90,118.28,122.37,5557.59,122.37
2011-01-20 00:00:00,122.37,122.49,118.80,118.90,6133.32,118.90
2011-01-21 00:00:00,118.30,122.20,118.01,119.49,4761.99,119.49
2011-01-24 00:00:00,119.98,120.99,111.44,111.56,11870.46,111.56
2011-01-25 00:00:00,110.98,112.64,107.58,109.35,6246.32,109.35
2011-01-26 00:00:00,110.00,111.48,109.02,110.71,3619.61,110.71
2011-01-27 00:00:00,110.00,112.45,108.63,111.80,5174.62,111.80
2011-01-28 00:00:00,111.60,112.94,110.80,112.51,3950.87,112.51
2011-01-31 00:00:00,111.79,113.99,111.00,113.70,4017.23,113.70
2011-02-01 00:00:00,113.70,114.24,112.78,113.66,3236.11,113.66
2011-02-09 00:00:00,112.84,115.88,112.02,113.88,4943.13,113.88
2011-02-10 00:00:00,115.00,119.24,114.21,119.11,8808.86,119.11
2011-02-11 00:00:00,119.50,119.50,117.71,118.20,6818.17,118.20
2011-02-14 00:00:00,118.26,119.89,117.50,119.28,7693.20,119.28
2011-02-15 00:00:00,119.36,119.97,117.86,118.50,7571.53,118.50
2011-02-16 00:00:00,119.01,121.80,118.01,121.61,8053.42,121.61
2011-02-17 00:00:00,122.00,124.02,121.11,122.07,8278.13,122.07
2011-02-18 00:00:00,122.00,122.99,120.68,120.89,5100.61,120.89
2011-02-21 00:00:00,120.02,121.89,120.01,121.81,5914.85,121.81
2011-02-22 00:00:00,122.00,124.49,119.38,119.40,9388.01,119.40
2011-02-23 00:00:00,119.30,121.79,118.99,121.46,7427.88,121.46
2011-02-24 00:00:00,121.00,121.50,118.52,119.15,6545.67,119.15
2011-02-25 00:00:00,119.17,120.80,118.00,119.95,4985.36,119.95
2011-02-28 00:00:00,120.00,120.00,117.65,118.67,6980.67,118.67
2011-03-01 00:00:00,118.89,121.15,118.29,119.47,6230.75,119.47
2011-03-02 00:00:00,118.60,119.03,115.70,116.57,9395.23,116.57
2011-03-03 00:00:00,116.57,117.19,113.40,114.10,9018.38,114.10
2011-03-04 00:00:00,114.10,114.60,112.53,114.30,5179.04,114.30
2011-03-07 00:00:00,114.00,116.00,113.53,115.80,5645.35,115.80
2011-03-08 00:00:00,116.40,116.85,115.11,116.27,4635.18,116.27
2011-03-09 00:00:00,116.50,121.70,115.90,121.48,11889.88,121.48
2011-03-10 00:00:00,121.00,124.99,121.00,122.99,14767.13,122.99
2011-03-11 00:00:00,122.99,129.05,122.59,128.39,21468.57,128.39
2011-03-14 00:00:00,129.60,133.38,126.80,127.27,16510.60,127.27
2011-03-15 00:00:00,129.00,130.99,125.00,127.39,29852.29,127.39
2011-03-16 00:00:00,127.62,129.01,124.98,125.16,15604.87,125.16
2011-03-17 00:00:00,124.56,127.65,122.54,125.70,10439.65,125.70
2011-03-18 00:00:00,124.90,126.95,123.58,124.50,7069.38,124.50
2011-03-21 00:00:00,124.70,124.70,120.23,120.24,9698.63,120.24
2011-03-22 00:00:00,121.00,121.30,116.90,117.25,8780.67,117.25
2011-03-23 00:00:00,118.00,119.89,117.30,119.18,5217.48,119.18
2011-03-24 00:00:00,119.88,119.88,117.50,118.25,4338.96,118.25
2011-03-25 00:00:00,118.25,119.20,117.25,119.20,6553.82,119.20
2011-03-28 00:00:00,119.22,121.68,118.70,119.32,6860.89,119.32
2011-03-29 00:00:00,118.00,118.60,113.65,113.84,10094.17,113.84
2011-03-30 00:00:00,113.82,114.80,111.50,111.90,5823.43,111.90
2011-03-31 00:00:00,112.86,114.20,111.91,112.59,4284.58,112.59
2011-04-01 00:00:00,112.60,114.36,112.00,114.12,3232.04,114.12
2011-04-06 00:00:00,114.12,114.17,110.00,110.15,9361.86,110.15
2011-04-08 00:00:00,111.65,114.48,111.65,113.98,6105.01,113.98
2011-04-11 00:00:00,113.78,114.30,110.60,111.05,6647.34,111.05
2011-04-12 00:00:00,110.01,113.05,110.01,110.90,3753.87,110.90
2011-04-13 00:00:00,110.60,112.71,110.60,112.27,3833.86,112.27
2011-04-14 00:00:00,112.02,112.69,111.20,111.30,3559.39,111.30
2011-04-15 00:00:00,111.29,111.70,110.21,110.72,3439.40,110.72
2011-04-18 00:00:00,111.02,111.24,107.75,108.10,7167.32,108.10
2011-04-19 00:00:00,107.89,107.89,102.87,103.50,10893.96,103.50
2011-04-20 00:00:00,104.00,104.80,103.03,103.96,4731.57,103.96
2011-04-21 00:00:00,103.90,104.40,102.10,102.40,9416.68,102.40
2011-04-22 00:00:00,102.58,102.58,99.00,100.30,8788.52,100.30
2011-04-25 00:00:00,98.00,98.98,92.98,93.15,13315.87,93.15
2011-04-26 00:00:00,90.00,92.60,88.01,90.82,7887.74,90.82
2011-04-27 00:00:00,90.83,91.35,88.21,88.80,5913.22,88.80
2011-04-28 00:00:00,88.60,88.75,80.88,81.35,14239.20,81.35
2011-04-29 00:00:00,81.28,81.79,78.30,80.23,9896.85,80.23
2011-05-03 00:00:00,79.90,83.47,79.10,82.73,7086.57,82.73
2011-05-04 00:00:00,82.78,83.61,81.55,83.20,6612.59,83.20
2011-05-05 00:00:00,83.19,85.75,82.20,84.01,6266.39,84.01
2011-05-06 00:00:00,83.26,84.49,82.39,84.19,3745.77,84.19
2011-05-09 00:00:00,84.20,85.58,83.50,84.26,3973.37,84.26
2011-05-10 00:00:00,85.50,92.00,85.50,91.68,14693.92,91.68
2011-05-11 00:00:00,90.88,91.97,88.31,90.30,7853.91,90.30
2011-05-12 00:00:00,90.98,90.98,88.50,88.50,4450.11,88.50
2011-05-13 00:00:00,88.51,89.67,86.50,88.76,5816.18,88.76
2011-05-16 00:00:00,89.30,90.61,87.00,87.40,6194.31,87.40
2011-05-17 00:00:00,33.60,34.19,31.29,31.35,25905.79,31.35
2011-05-18 00:00:00,30.50,30.70,29.71,29.79,26611.67,29.79
2011-05-19 00:00:00,29.60,30.37,29.01,29.19,16145.33,29.19
2011-05-20 00:00:00,29.00,29.29,28.07,28.18,21128.09,28.18
2011-05-23 00:00:00,28.00,28.58,27.09,28.45,23580.20,28.45
2011-05-24 00:00:00,28.02,31.00,27.51,29.96,37149.77,29.96
2011-05-25 00:00:00,29.85,29.85,27.00,27.25,49132.12,27.25
2011-05-26 00:00:00,27.46,27.89,27.00,27.08,17797.42,27.08
2011-05-27 00:00:00,29.38,29.39,27.70,27.89,35047.69,27.89
2011-05-30 00:00:00,27.01,29.30,27.00,28.20,53716.16,28.20
2011-05-31 00:00:00,28.34,28.40,27.45,28.31,49384.80,28.31
2011-06-01 00:00:00,28.28,29.11,28.03,28.75,39552.31,28.75
2011-06-02 00:00:00,28.15,28.30,27.02,27.92,30968.76,27.92
2011-06-03 00:00:00,27.82,28.27,27.42,27.98,20476.03,27.98
2011-06-07 00:00:00,27.98,28.09,27.40,27.64,20321.74,27.64
2011-06-08 00:00:00,27.65,28.49,27.64,28.11,35071.49,28.11
2011-06-09 00:00:00,28.12,28.19,27.36,27.47,27213.81,27.47
2011-06-10 00:00:00,27.21,27.50,25.91,26.60,38039.60,26.60
2011-06-13 00:00:00,26.30,29.00,26.02,28.22,65399.55,28.22
2011-06-14 00:00:00,27.95,28.62,27.73,27.93,59002.10,27.93
2011-06-15 00:00:00,28.10,28.38,27.30,27.44,39733.16,27.44
2011-06-16 00:00:00,27.39,27.39,26.35,26.41,55755.82,26.41
2011-06-17 00:00:00,26.18,26.48,25.53,25.60,30416.14,25.60
2011-06-20 00:00:00,25.31,26.66,25.10,25.97,33977.58,25.97
2011-06-21 00:00:00,26.00,26.39,25.72,26.39,27750.86,26.39
2011-06-22 00:00:00,26.49,26.57,25.82,26.19,23071.98,26.19
2011-06-23 00:00:00,25.60,27.20,25.10,26.60,87760.84,26.60
2011-06-24 00:00:00,26.68,27.75,26.68,27.32,72192.00,27.32
2011-06-27 00:00:00,27.44,28.59,27.34,28.26,75110.88,28.26
2011-06-28 00:00:00,28.00,28.17,27.63,28.04,44988.95,28.04
2011-06-29 00:00:00,27.10,27.38,26.12,26.22,105001.70,26.22
2011-06-30 00:00:00,26.01,26.58,26.00,26.39,42695.20,26.39
2011-07-01 00:00:00,26.50,26.95,26.31,26.67,42244.15,26.67
2011-07-04 00:00:00,26.63,27.30,26.61,27.22,47790.48,27.22
2011-07-05 00:00:00,27.20,27.99,27.01,27.90,57808.89,27.90
2011-07-06 00:00:00,27.75,28.70,27.62,28.23,61110.47,28.23
2011-07-07 00:00:00,28.15,29.79,28.12,29.01,86998.95,29.01
2011-07-08 00:00:00,28.86,29.45,28.31,28.48,54773.40,28.48
2011-07-11 00:00:00,28.45,28.52,27.84,28.48,34515.36,28.48
2011-07-12 00:00:00,28.13,28.16,27.61,27.67,35834.17,27.67
2011-07-13 00:00:00,27.58,28.47,27.58,28.40,36202.08,28.40
2011-07-14 00:00:00,28.31,29.55,28.31,29.49,67894.28,29.49
2011-07-15 00:00:00,29.55,30.33,29.32,29.65,73617.65,29.65
2011-07-18 00:00:00,30.00,30.97,29.48,29.75,60320.39,29.75
2011-07-19 00:00:00,29.48,29.48,28.50,28.77,48194.89,28.77
2011-07-20 00:00:00,29.00,29.31,28.39,29.20,34897.41,29.20
2011-07-21 00:00:00,29.50,29.50,28.11,28.24,34629.64,28.24
2011-07-22 00:00:00,28.49,28.88,28.37,28.49,27905.15,28.49
2011-07-25 00:00:00,28.49,28.86,26.38,26.53,45523.43,26.53
2011-07-26 00:00:00,26.30,26.69,26.06,26.33,26845.85,26.33
2011-07-27 00:00:00,26.19,26.70,25.70,26.54,28291.65,26.54
2011-07-28 00:00:00,26.20,26.27,25.71,26.01,31956.27,26.01
2011-07-29 00:00:00,26.15,26.54,25.86,26.01,22016.39,26.01
2011-08-01 00:00:00,26.00,26.47,25.50,26.21,26796.70,26.21
2011-08-02 00:00:00,26.00,26.30,25.20,26.30,27903.47,26.30
2011-08-03 00:00:00,26.01,28.93,25.92,28.20,116836.14,28.20
2011-08-04 00:00:00,27.96,28.39,27.35,27.40,64013.59,27.40
2011-08-05 00:00:00,25.98,26.60,25.56,26.36,39795.70,26.36
2011-08-08 00:00:00,25.99,26.28,24.00,24.10,55891.92,24.10
2011-08-09 00:00:00,22.97,24.10,22.31,23.79,38582.55,23.79
2011-08-10 00:00:00,24.46,24.59,23.85,23.92,28278.20,23.92
2011-08-11 00:00:00,22.91,24.98,22.91,24.76,40204.09,24.76
2011-08-12 00:00:00,24.98,25.77,24.90,25.32,37175.64,25.32
2011-08-15 00:00:00,25.50,26.15,25.03,25.93,34891.49,25.93
2011-08-16 00:00:00,25.94,26.13,25.31,25.40,28221.61,25.40
2011-08-17 00:00:00,25.25,26.40,25.25,25.75,29880.77,25.75
2011-08-18 00:00:00,25.66,25.95,25.03,25.03,20883.49,25.03
2011-08-19 00:00:00,24.30,24.94,24.01,24.77,20830.10,24.77
2011-08-22 00:00:00,25.08,26.26,24.98,25.64,39555.58,25.64
2011-08-23 00:00:00,25.61,26.70,25.59,26.61,59247.61,26.61
2011-08-24 00:00:00,26.80,27.98,26.78,27.70,141148.10,27.70
2011-08-25 00:00:00,27.53,28.00,26.45,27.73,96420.76,27.73
2011-08-26 00:00:00,27.20,28.68,27.10,28.55,79160.25,28.55
2011-08-29 00:00:00,28.10,28.98,27.91,28.42,59290.20,28.42
2011-08-30 00:00:00,28.41,28.59,27.18,27.21,62281.03,27.21
2011-08-31 00:00:00,27.08,27.65,26.42,26.84,36152.07,26.84
2011-09-01 00:00:00,26.96,27.10,26.23,26.40,27381.13,26.40
2011-09-02 00:00:00,26.41,27.47,26.14,26.99,45857.71,26.99
2011-09-05 00:00:00,26.70,26.75,25.11,25.12,32971.87,25.12
2011-09-06 00:00:00,24.80,25.15,24.36,24.47,33535.92,24.47
2011-09-07 00:00:00,24.69,25.36,24.60,25.30,22421.20,25.30
2011-09-08 00:00:00,25.58,26.39,25.20,25.83,44324.49,25.83
2011-09-09 00:00:00,25.73,26.63,25.31,25.37,36093.35,25.37
2011-09-13 00:00:00,24.92,25.29,24.60,24.98,17440.98,24.98
2011-09-14 00:00:00,25.12,26.05,25.01,26.04,31092.67,26.04
2011-09-15 00:00:00,26.10,26.27,25.85,25.92,26743.09,25.92
2011-09-16 00:00:00,26.13,26.33,25.93,26.00,22031.40,26.00
2011-09-19 00:00:00,25.61,25.70,24.72,24.83,21195.51,24.83
2011-09-20 00:00:00,24.66,25.27,24.55,24.74,19023.33,24.74
2011-09-21 00:00:00,24.80,25.80,24.65,25.78,47752.21,25.78
2011-09-22 00:00:00,25.30,25.48,24.60,24.63,31363.70,24.63
2011-09-23 00:00:00,24.29,24.85,24.01,24.49,19392.59,24.49
2011-09-26 00:00:00,24.40,24.90,24.24,24.30,15855.29,24.30
2011-09-27 00:00:00,24.65,24.80,23.97,24.02,25321.18,24.02
2011-09-28 00:00:00,24.26,24.39,23.50,23.61,19013.99,23.61
2011-09-29 00:00:00,23.50,23.73,22.80,22.80,18550.92,22.80
2011-09-30 00:00:00,23.01,23.43,22.73,23.13,16677.17,23.13
2011-10-10 00:00:00,23.12,23.18,22.26,22.40,24269.24,22.40
2011-10-11 00:00:00,22.91,23.15,22.22,22.55,14565.64,22.55
2011-10-12 00:00:00,22.50,23.61,22.28,23.53,22862.81,23.53
2011-10-13 00:00:00,23.26,23.99,23.26,23.78,19422.46,23.78
2011-10-14 00:00:00,23.78,23.98,23.37,23.71,18757.47,23.71
2011-10-17 00:00:00,23.65,23.86,23.26,23.43,18847.83,23.43
2011-10-18 00:00:00,23.20,23.44,22.50,22.51,18603.61,22.51
2011-10-19 00:00:00,22.63,22.77,21.36,21.83,34978.22,21.83
2011-10-20 00:00:00,21.60,21.74,20.83,21.08,24132.00,21.08
2011-10-21 00:00:00,20.91,21.30,20.80,20.83,8669.95,20.83
2011-10-24 00:00:00,20.86,21.00,20.14,20.92,24182.40,20.92
2011-10-25 00:00:00,20.86,21.50,20.42,21.46,28320.11,21.46
2011-10-26 00:00:00,21.20,21.96,21.12,21.65,31155.63,21.65
2011-10-27 00:00:00,21.73,22.20,21.15,21.35,24975.12,21.35
2011-10-28 00:00:00,21.62,22.12,21.50,21.89,29779.37,21.89
2011-10-31 00:00:00,21.80,22.83,21.79,22.56,30732.32,22.56
2011-11-01 00:00:00,22.11,22.70,21.98,22.58,30541.28,22.58
2011-11-02 00:00:00,22.04,23.30,21.85,23.15,61371.95,23.15
2011-11-03 00:00:00,23.55,24.40,23.55,23.65,98862.63,23.65
2011-11-04 00:00:00,23.91,24.28,23.45,23.95,52001.28,23.95
2011-11-07 00:00:00,23.75,23.84,23.18,23.23,38637.49,23.23
2011-11-08 00:00:00,23.26,23.84,23.12,23.20,29039.34,23.20
2011-11-09 00:00:00,23.40,24.24,23.18,24.21,47021.32,24.21
2011-11-10 00:00:00,23.90,25.14,23.81,24.37,80353.44,24.37
2011-11-11 00:00:00,24.40,24.68,23.42,23.56,68791.83,23.56
2011-11-14 00:00:00,24.20,25.92,24.20,24.78,140178.89,24.78
2011-11-15 00:00:00,24.50,25.25,24.29,25.21,100671.18,25.21
2011-11-16 00:00:00,25.01,26.90,24.61,26.45,192524.89,26.45
2011-11-17 00:00:00,26.20,28.85,26.11,28.44,189393.54,28.44
2011-11-18 00:00:00,27.82,28.21,27.10,27.47,113842.65,27.47
2011-11-21 00:00:00,27.53,27.74,26.28,26.78,86657.56,26.78
2011-11-22 00:00:00,26.44,27.14,26.22,26.72,63662.37,26.72
2011-11-23 00:00:00,26.78,26.80,25.27,25.40,117799.70,25.40
2011-11-24 00:00:00,25.08,26.00,24.92,25.44,69484.05,25.44
2011-11-25 00:00:00,25.30,25.94,25.00,25.00,45624.80,25.00
2011-11-28 00:00:00,25.28,26.99,25.10,26.98,91685.90,26.98
2011-11-29 00:00:00,27.24,27.80,26.56,27.36,92256.39,27.36
2011-11-30 00:00:00,27.30,27.30,25.31,25.60,92842.95,25.60
2011-12-01 00:00:00,26.51,26.92,25.80,25.80,74112.26,25.80
2011-12-02 00:00:00,25.60,25.62,24.40,24.44,51587.89,24.44
2011-12-05 00:00:00,24.15,24.18,22.60,22.90,59459.36,22.90
2011-12-06 00:00:00,22.78,23.19,22.50,23.00,27084.10,23.00
2011-12-07 00:00:00,23.80,24.13,23.01,23.30,38213.21,23.30
2011-12-08 00:00:00,23.31,25.63,22.50,25.60,113722.62,25.60
2011-12-09 00:00:00,24.90,25.40,24.45,24.56,76169.66,24.56
2011-12-12 00:00:00,24.70,25.61,24.56,25.19,71577.15,25.19
2011-12-13 00:00:00,24.88,24.96,23.89,23.99,50808.28,23.99
2011-12-14 00:00:00,23.70,24.38,23.26,23.94,33126.18,23.94
2011-12-15 00:00:00,23.68,25.14,23.50,24.20,70620.33,24.20
2011-12-16 00:00:00,24.01,26.62,23.83,26.62,136970.18,26.62
2011-12-19 00:00:00,26.55,28.17,26.20,28.10,196870.72,28.10
2011-12-20 00:00:00,28.80,29.26,26.34,26.40,173230.67,26.40
2011-12-21 00:00:00,26.55,27.48,26.32,26.90,122857.88,26.90
2011-12-22 00:00:00,26.00,29.26,25.11,28.40,178716.27,28.40
2011-12-23 00:00:00,27.90,29.52,27.58,28.60,137784.98,28.60
2011-12-26 00:00:00,28.60,29.21,27.35,27.40,89573.17,27.40
2011-12-27 00:00:00,27.08,28.80,26.92,27.41,100354.85,27.41
2011-12-28 00:00:00,26.77,27.90,26.21,27.16,84719.14,27.16
2011-12-29 00:00:00,26.95,27.36,26.48,26.58,54357.93,26.58
2011-12-30 00:00:00,26.40,28.57,26.40,27.89,91477.77,27.89
2012-01-04 00:00:00,28.27,29.28,27.00,27.10,101381.97,27.10
2012-01-05 00:00:00,26.54,26.84,24.40,24.59,110412.05,24.59
2012-01-06 00:00:00,24.16,25.08,23.28,24.90,75217.18,24.90
2012-01-09 00:00:00,24.70,26.15,24.08,26.04,92324.71,26.04
2012-01-10 00:00:00,25.90,27.73,25.55,27.14,123795.19,27.14
2012-01-11 00:00:00,27.00,28.48,26.80,28.35,142224.29,28.35
2012-01-12 00:00:00,28.01,28.70,27.68,27.77,113056.60,27.77
2012-01-13 00:00:00,27.77,28.60,26.90,27.91,137871.34,27.91
2012-01-16 00:00:00,27.00,27.23,25.12,25.12,116035.51,25.12
2012-01-17 00:00:00,24.40,26.56,24.18,26.38,113173.47,26.38
2012-01-18 00:00:00,26.30,26.77,23.74,23.75,137135.96,23.75
2012-01-19 00:00:00,23.00,23.10,21.40,22.49,108766.48,22.49
2012-01-20 00:00:00,22.26,23.05,22.25,22.53,59042.30,22.53
2012-01-30 00:00:00,22.80,23.38,22.54,23.16,47131.27,23.16
2012-01-31 00:00:00,23.10,23.12,22.35,22.94,31029.02,22.94
2012-02-01 00:00:00,22.91,23.66,22.80,22.91,42645.32,22.91
2012-02-02 00:00:00,23.00,23.29,22.55,23.24,41883.33,23.24
2012-02-03 00:00:00,23.18,24.33,23.00,24.26,60763.61,24.26
2012-02-06 00:00:00,24.00,24.33,23.71,24.04,46154.44,24.04
2012-02-07 00:00:00,23.80,24.38,23.53,23.64,53120.11,23.64
2012-02-08 00:00:00,23.57,24.34,23.45,24.21,43870.38,24.21
2012-02-09 00:00:00,24.23,26.44,24.01,25.53,101262.91,25.53
2012-02-10 00:00:00,25.36,25.79,24.97,25.47,64295.57,25.47
2012-02-13 00:00:00,25.15,26.38,25.01,25.95,71182.43,25.95
2012-02-14 00:00:00,25.89,26.93,25.35,25.40,78512.05,25.40
2012-02-15 00:00:00,25.31,26.38,24.80,26.06,84723.94,26.06
2012-02-16 00:00:00,25.98,26.18,25.11,25.56,68098.40,25.56
2012-02-17 00:00:00,25.72,26.00,25.25,25.95,54464.10,25.95
2012-02-20 00:00:00,26.30,26.90,25.70,25.70,87790.41,25.70
2012-02-21 00:00:00,25.71,27.30,25.62,27.14,147469.21,27.14
2012-02-22 00:00:00,26.99,27.67,26.83,27.37,122980.32,27.37
2012-02-23 00:00:00,27.36,27.67,26.68,27.08,95234.91,27.08
2012-02-24 00:00:00,27.16,27.28,26.55,27.07,79434.18,27.07
2012-02-27 00:00:00,27.47,28.56,26.90,26.91,121805.64,26.91
2012-02-28 00:00:00,26.70,26.94,26.00,26.26,85584.48,26.26
2012-02-29 00:00:00,26.28,26.76,26.01,26.51,68853.54,26.51
2012-03-01 00:00:00,26.33,29.16,26.30,28.78,286075.77,28.78
2012-03-02 00:00:00,28.36,29.00,28.34,28.86,145935.37,28.86
2012-03-06 00:00:00,29.30,31.70,28.91,30.39,257035.24,30.39
2012-03-07 00:00:00,29.79,31.97,29.68,30.96,187560.84,30.96
2012-03-08 00:00:00,31.20,31.42,30.61,31.21,100778.27,31.21
2012-03-09 00:00:00,31.49,32.60,30.83,31.25,139294.69,31.25
2012-03-12 00:00:00,31.24,31.45,30.42,30.80,137334.87,30.80
2012-03-13 00:00:00,30.71,31.18,30.02,30.86,106865.62,30.86
2012-03-14 00:00:00,30.90,31.48,28.23,28.60,179244.79,28.60
2012-03-15 00:00:00,28.50,28.82,27.21,27.86,105147.58,27.86
2012-03-16 00:00:00,27.91,28.80,27.49,28.69,95393.87,28.69
2012-03-19 00:00:00,27.80,28.50,27.66,28.40,96001.00,28.40
2012-03-20 00:00:00,28.11,28.16,26.80,26.80,116656.61,26.80
2012-03-21 00:00:00,26.99,27.30,26.40,27.15,85683.32,27.15
2012-03-22 00:00:00,27.15,27.77,26.94,27.26,73568.25,27.26
2012-03-23 00:00:00,27.01,27.40,26.52,27.24,53885.74,27.24
2012-03-26 00:00:00,27.29,28.10,27.12,27.81,84670.53,27.81
2012-03-27 00:00:00,27.93,28.58,27.65,28.24,76078.78,28.24
2012-03-28 00:00:00,27.98,27.98,26.58,26.58,87768.74,26.58
2012-03-29 00:00:00,26.32,26.32,23.99,24.70,74331.84,24.70
2012-03-30 00:00:00,24.55,25.07,24.09,24.45,42898.85,24.45
2012-04-05 00:00:00,24.45,25.17,24.40,25.08,50649.41,25.08
2012-04-06 00:00:00,24.89,25.47,24.80,25.09,50423.81,25.09
2012-04-09 00:00:00,25.07,25.07,23.48,23.48,69838.87,23.48
2012-04-10 00:00:00,23.08,24.33,22.80,24.31,69683.16,24.31
2012-04-11 00:00:00,23.81,24.40,23.67,23.95,45623.27,23.95
2012-04-12 00:00:00,24.08,24.66,24.03,24.63,54276.96,24.63
2012-04-13 00:00:00,24.52,25.19,24.52,24.68,49480.42,24.68
2012-04-16 00:00:00,24.48,24.84,24.18,24.29,36215.39,24.29
2012-04-17 00:00:00,24.38,24.46,23.70,23.72,42916.92,23.72
2012-04-18 00:00:00,23.90,24.77,23.81,24.65,45961.28,24.65
2012-04-19 00:00:00,24.55,25.04,24.36,24.62,44788.23,24.62
2012-04-20 00:00:00,24.45,25.67,24.38,25.48,65245.72,25.48
2012-04-23 00:00:00,25.11,25.30,22.93,23.14,127462.26,23.14
2012-04-24 00:00:00,22.50,23.28,22.18,22.92,66796.51,22.92
2012-04-25 00:00:00,22.86,22.95,22.24,22.49,48803.86,22.49
2012-04-26 00:00:00,22.70,22.87,21.68,22.04,50989.38,22.04
2012-04-27 00:00:00,21.84,22.65,21.84,22.26,33215.25,22.26
2012-05-02 00:00:00,22.54,22.74,22.20,22.57,30331.35,22.57
2012-05-03 00:00:00,22.64,23.13,22.57,23.03,31441.32,23.03
2012-05-07 00:00:00,23.60,24.35,23.46,23.77,53004.79,23.77
2012-05-08 00:00:00,23.76,24.55,23.51,24.18,51227.93,24.18
2012-05-09 00:00:00,24.03,24.03,23.21,23.35,40501.44,23.35
2012-05-10 00:00:00,23.43,23.74,23.25,23.37,22442.39,23.37
2012-05-11 00:00:00,23.37,23.55,23.14,23.18,20311.65,23.18
2012-05-14 00:00:00,23.48,23.85,23.10,23.12,27063.91,23.12
2012-05-15 00:00:00,22.95,22.95,22.49,22.78,25209.84,22.78
2012-05-16 00:00:00,22.78,22.98,22.35,22.39,17401.44,22.39
2012-05-17 00:00:00,22.38,22.86,22.35,22.75,17118.61,22.75
2012-05-18 00:00:00,22.88,24.63,22.78,23.67,78681.93,23.67
2012-05-21 00:00:00,23.50,23.99,23.33,23.73,36579.63,23.73
2012-05-22 00:00:00,24.00,24.15,23.57,23.85,28633.27,23.85
2012-05-23 00:00:00,23.90,23.93,23.02,23.16,31834.54,23.16
2012-05-24 00:00:00,23.20,23.99,23.14,23.60,30901.05,23.60
2012-05-25 00:00:00,23.70,23.75,22.81,22.99,26421.95,22.99
2012-05-28 00:00:00,22.72,22.84,22.06,22.61,37979.38,22.61
2012-05-29 00:00:00,22.47,22.92,22.36,22.70,35363.96,22.70
2012-05-30 00:00:00,23.16,23.25,22.71,22.78,34348.81,22.78
2012-05-31 00:00:00,22.75,23.77,22.74,23.55,66454.07,23.55
2012-06-01 00:00:00,23.42,23.67,23.14,23.60,41757.53,23.60
2012-06-04 00:00:00,23.25,23.55,22.50,22.50,41276.24,22.50
2012-06-05 00:00:00,22.61,22.76,22.22,22.31,27531.69,22.31
2012-06-06 00:00:00,22.50,22.69,22.00,22.17,27076.59,22.17
2012-06-07 00:00:00,22.50,22.59,22.00,22.09,21239.78,22.09
2012-06-08 00:00:00,22.36,22.63,21.95,22.20,25227.26,22.20
2012-06-11 00:00:00,22.47,23.00,22.25,23.00,32601.87,23.00
2012-06-12 00:00:00,22.90,22.94,22.63,22.79,18485.02,22.79
2012-06-13 00:00:00,22.93,23.30,22.82,23.18,31201.35,23.18
2012-06-14 00:00:00,23.14,23.26,22.40,22.44,30844.81,22.44
2012-06-15 00:00:00,22.50,23.10,22.19,22.90,34976.13,22.90
2012-06-18 00:00:00,22.91,23.28,22.82,23.08,34202.26,23.08
2012-06-19 00:00:00,23.02,23.68,22.94,23.46,57246.76,23.46
2012-06-20 00:00:00,23.35,23.46,23.01,23.33,46509.05,23.33
2012-06-21 00:00:00,23.38,23.55,21.86,22.31,58592.55,22.31
2012-06-25 00:00:00,22.15,22.25,21.40,21.41,38021.07,21.41
2012-06-26 00:00:00,21.20,21.59,21.10,21.44,16964.58,21.44
2012-06-27 00:00:00,21.50,21.67,20.70,20.78,33856.71,20.78
2012-06-28 00:00:00,20.82,20.94,20.00,20.06,35633.90,20.06
2012-06-29 00:00:00,20.04,20.38,19.90,20.31,21450.72,20.31
2012-07-02 00:00:00,20.15,20.65,20.12,20.40,24746.67,20.40
2012-07-03 00:00:00,20.35,20.38,20.02,20.16,31282.03,20.16
2012-07-04 00:00:00,20.07,20.30,20.00,20.05,20574.81,20.05
2012-07-05 00:00:00,19.98,19.99,18.05,18.05,80004.92,18.05
2012-07-06 00:00:00,18.00,18.33,17.50,18.21,38124.21,18.21
2012-07-09 00:00:00,18.01,18.01,17.31,17.33,33490.38,17.33
2012-07-10 00:00:00,17.18,17.30,16.88,17.18,23694.61,17.18
2012-07-11 00:00:00,17.20,17.45,17.03,17.40,14088.18,17.40
2012-07-12 00:00:00,17.30,17.81,17.25,17.78,31288.43,17.78
2012-07-13 00:00:00,17.60,17.78,17.20,17.25,30721.36,17.25
2012-07-16 00:00:00,17.32,17.39,15.76,16.00,47238.36,16.00
2012-07-17 00:00:00,15.90,16.30,15.75,16.19,21792.80,16.19
2012-07-18 00:00:00,16.18,16.40,15.78,16.31,24415.89,16.31
2012-07-19 00:00:00,16.26,16.74,16.20,16.52,31016.13,16.52
2012-07-20 00:00:00,16.52,16.83,16.35,16.43,23354.94,16.43
2012-07-23 00:00:00,16.24,16.39,16.02,16.18,17191.48,16.18
2012-07-24 00:00:00,16.10,17.20,16.04,16.76,39961.27,16.76
2012-07-25 00:00:00,16.60,16.98,16.42,16.53,22899.03,16.53
2012-07-26 00:00:00,16.53,16.68,16.27,16.30,15150.81,16.30
2012-07-27 00:00:00,16.38,16.61,16.13,16.49,17022.37,16.49
2012-07-30 00:00:00,16.44,16.77,15.98,16.01,20044.69,16.01
2012-07-31 00:00:00,15.97,16.10,15.25,15.39,24053.73,15.39
2012-08-01 00:00:00,15.40,15.79,15.40,15.52,16445.26,15.52
2012-08-02 00:00:00,15.39,15.67,15.30,15.57,15761.02,15.57
2012-08-03 00:00:00,15.68,16.11,15.45,16.11,25392.38,16.11
2012-08-06 00:00:00,15.88,16.64,15.88,16.55,30868.49,16.55
2012-08-07 00:00:00,16.54,16.74,16.37,16.55,26014.67,16.55
2012-08-08 00:00:00,16.45,16.96,16.40,16.74,31237.57,16.74
2012-08-09 00:00:00,16.70,16.84,16.14,16.75,24878.50,16.75
2012-08-10 00:00:00,16.90,17.00,16.53,16.62,19109.70,16.62
2012-08-13 00:00:00,16.52,16.60,15.75,15.80,29798.66,15.80
2012-08-14 00:00:00,15.78,16.07,15.55,16.00,19997.22,16.00
2012-08-15 00:00:00,16.00,16.00,15.64,15.70,12508.19,15.70
2012-08-16 00:00:00,15.65,15.78,15.55,15.60,10821.13,15.60
2012-08-17 00:00:00,15.61,16.03,15.58,16.03,16903.66,16.03
2012-08-20 00:00:00,15.90,16.15,15.67,16.03,14044.92,16.03
2012-08-21 00:00:00,16.01,17.17,16.01,16.86,54156.10,16.86
2012-08-22 00:00:00,16.80,16.95,16.40,16.50,30604.31,16.50
2012-08-23 00:00:00,16.52,16.98,16.47,16.88,29893.05,16.88
2012-08-24 00:00:00,16.88,17.28,16.40,16.41,37320.50,16.41
2012-08-27 00:00:00,16.41,16.59,15.66,15.87,24033.13,15.87
2012-08-28 00:00:00,15.84,16.19,15.80,15.99,16639.40,15.99
2012-08-29 00:00:00,15.99,16.43,15.84,16.15,23540.13,16.15
2012-08-30 00:00:00,16.06,16.40,15.02,15.37,34891.20,15.37
2012-08-31 00:00:00,15.35,15.65,15.20,15.52,16344.88,15.52
2012-09-03 00:00:00,15.48,15.87,15.44,15.65,17111.38,15.65
2012-09-04 00:00:00,15.57,17.22,15.55,17.22,60498.09,17.22
2012-09-05 00:00:00,17.50,18.18,17.10,17.60,134113.44,17.60
2012-09-06 00:00:00,17.44,18.06,17.25,17.86,98805.20,17.86
2012-09-07 00:00:00,17.88,18.55,17.70,18.22,93122.60,18.22
2012-09-10 00:00:00,18.02,18.70,17.81,18.19,82719.78,18.19
2012-09-11 00:00:00,18.39,19.59,18.38,18.47,112102.20,18.47
2012-09-12 00:00:00,18.25,18.60,17.89,18.42,72338.29,18.42
2012-09-13 00:00:00,18.24,18.33,17.80,17.80,41438.13,17.80
2012-09-14 00:00:00,17.95,18.59,17.95,18.19,65358.55,18.19
2012-09-17 00:00:00,18.10,18.18,17.40,17.51,39623.06,17.51
2012-09-18 00:00:00,17.47,17.88,17.30,17.36,24060.78,17.36
2012-09-19 00:00:00,17.50,18.04,17.40,17.78,39713.15,17.78
2012-09-20 00:00:00,17.88,18.28,16.68,16.70,51465.18,16.70
2012-09-21 00:00:00,16.71,16.79,16.11,16.12,37035.55,16.12
2012-09-24 00:00:00,16.10,16.46,15.74,16.30,23230.08,16.30
2012-09-25 00:00:00,16.21,16.60,16.09,16.16,18863.91,16.16
2012-09-26 00:00:00,16.23,16.68,16.12,16.19,32093.31,16.19
2012-09-27 00:00:00,16.40,16.74,16.10,16.65,32156.46,16.65
2012-09-28 00:00:00,16.60,16.98,16.48,16.96,34274.77,16.96
2012-10-08 00:00:00,16.90,17.13,16.44,16.80,29167.35,16.80
2012-10-09 00:00:00,16.71,17.32,16.71,17.25,33968.63,17.25
2012-10-10 00:00:00,17.20,17.52,16.92,17.45,34344.29,17.45
2012-10-11 00:00:00,17.30,17.45,16.72,16.73,32777.51,16.73
2012-10-12 00:00:00,16.84,17.05,16.37,16.94,31913.38,16.94
2012-10-15 00:00:00,16.81,16.82,15.98,16.24,31257.34,16.24
2012-10-16 00:00:00,16.20,16.42,15.91,15.95,27399.86,15.95
2012-10-17 00:00:00,16.05,16.12,15.75,16.06,20062.49,16.06
2012-10-18 00:00:00,16.14,16.49,16.08,16.36,23451.49,16.36
2012-10-19 00:00:00,16.50,16.67,16.23,16.45,21640.08,16.45
2012-10-22 00:00:00,16.25,16.35,15.99,16.29,21274.20,16.29
2012-10-23 00:00:00,16.29,16.32,15.91,15.94,20638.97,15.94
2012-10-24 00:00:00,15.75,16.13,15.62,15.96,18192.55,15.96
2012-10-25 00:00:00,15.88,16.08,15.76,15.76,17881.16,15.76
2012-10-26 00:00:00,15.78,15.78,15.00,15.23,29347.71,15.23
2012-10-29 00:00:00,15.22,15.25,15.04,15.09,11480.03,15.09
2012-10-30 00:00:00,15.10,15.24,15.05,15.10,11269.55,15.10
2012-10-31 00:00:00,15.12,15.15,14.30,14.54,35596.48,14.54
2012-11-01 00:00:00,14.54,14.80,14.41,14.77,18058.19,14.77
2012-11-02 00:00:00,14.72,15.11,14.61,15.01,27116.33,15.01
2012-11-05 00:00:00,14.91,15.03,14.65,14.71,16214.12,14.71
2012-11-06 00:00:00,14.71,14.71,13.82,14.30,33450.13,14.30
2012-11-07 00:00:00,14.34,14.39,14.09,14.18,15509.34,14.18
2012-11-08 00:00:00,14.09,14.13,13.63,13.63,19620.07,13.63
2012-11-09 00:00:00,13.57,13.87,13.39,13.75,23406.64,13.75
2012-11-12 00:00:00,13.74,13.93,13.61,13.82,12299.17,13.82
2012-11-13 00:00:00,13.83,13.85,13.31,13.33,19606.37,13.33
2012-11-14 00:00:00,13.39,13.54,13.32,13.51,11724.70,13.51
2012-11-15 00:00:00,13.36,13.51,13.21,13.21,12921.18,13.21
2012-11-16 00:00:00,13.20,13.58,13.19,13.42,16338.98,13.42
2012-11-19 00:00:00,13.60,13.75,13.37,13.73,14934.99,13.73
2012-11-20 00:00:00,13.72,13.82,13.61,13.75,13152.17,13.75
2012-11-21 00:00:00,13.78,14.09,13.72,14.06,26058.86,14.06
2012-11-22 00:00:00,14.00,14.00,13.51,13.57,19791.54,13.57
2012-11-23 00:00:00,13.58,13.78,13.52,13.52,12258.64,13.52
2012-11-26 00:00:00,13.51,13.58,13.12,13.16,15860.99,13.16
2012-11-27 00:00:00,13.10,13.10,12.53,12.56,17749.93,12.56
2012-11-28 00:00:00,12.45,12.56,12.34,12.39,12655.25,12.39
2012-11-29 00:00:00,12.44,12.65,12.21,12.27,11931.73,12.27
2012-11-30 00:00:00,12.26,12.51,12.03,12.41,11653.97,12.41
2012-12-03 00:00:00,12.40,12.45,11.96,11.99,11249.67,11.99
2012-12-04 00:00:00,12.01,12.40,11.92,12.37,17219.87,12.37
2012-12-05 00:00:00,12.36,12.96,12.27,12.88,26582.11,12.88
2012-12-06 00:00:00,13.09,13.45,12.96,13.17,36052.95,13.17
2012-12-07 00:00:00,13.10,13.41,12.82,13.39,38373.26,13.39
2012-12-10 00:00:00,13.28,13.70,13.18,13.64,33939.76,13.64
2012-12-11 00:00:00,13.49,13.58,13.31,13.32,30543.52,13.32
2012-12-12 00:00:00,13.32,13.67,13.24,13.42,21138.10,13.42
2012-12-13 00:00:00,13.30,14.48,13.26,13.62,47025.24,13.62
2012-12-14 00:00:00,13.42,14.18,13.37,14.05,50306.48,14.05
2012-12-17 00:00:00,14.08,14.20,13.71,14.09,40241.28,14.09
2012-12-18 00:00:00,14.05,14.24,13.80,13.96,38871.66,13.96
2012-12-19 00:00:00,13.90,14.08,13.80,13.81,30123.82,13.81
2012-12-20 00:00:00,13.80,14.27,13.71,13.94,34898.62,13.94
2012-12-21 00:00:00,14.09,14.15,13.84,14.08,39184.01,14.08
2012-12-24 00:00:00,14.01,14.30,13.92,14.22,36868.61,14.22
2012-12-25 00:00:00,14.22,14.60,14.18,14.55,46001.73,14.55
2012-12-26 00:00:00,14.51,14.83,14.42,14.78,41850.86,14.78
2012-12-27 00:00:00,14.80,14.84,14.20,14.22,52273.78,14.22
2012-12-28 00:00:00,14.22,14.39,14.05,14.30,34217.20,14.30
2012-12-31 00:00:00,14.24,14.56,14.24,14.37,27689.28,14.37
2013-01-04 00:00:00,14.47,14.50,13.98,14.14,32962.86,14.14
2013-01-07 00:00:00,14.19,14.45,14.03,14.41,29730.33,14.41
2013-01-08 00:00:00,14.41,14.93,14.37,14.80,57647.12,14.80
2013-01-09 00:00:00,14.70,14.95,14.43,14.63,50880.83,14.63
2013-01-10 00:00:00,14.65,15.16,14.65,14.93,51907.09,14.93
2013-01-11 00:00:00,14.88,16.05,14.86,15.40,112051.35,15.40
2013-01-14 00:00:00,15.30,15.89,15.18,15.82,74230.49,15.82
2013-01-15 00:00:00,15.83,16.14,15.65,15.82,64584.07,15.82
2013-01-16 00:00:00,15.99,16.97,15.98,16.30,83208.08,16.30
2013-01-17 00:00:00,16.25,16.45,15.45,15.55,53663.33,15.55
2013-01-18 00:00:00,15.75,15.90,15.24,15.66,62260.94,15.66
2013-01-21 00:00:00,15.66,15.85,15.37,15.66,41225.96,15.66
2013-01-22 00:00:00,15.55,15.77,15.12,15.24,34542.29,15.24
2013-01-23 00:00:00,15.25,15.33,14.90,15.31,42157.45,15.31
2013-01-24 00:00:00,15.31,15.45,14.60,14.74,48213.99,14.74
2013-01-25 00:00:00,14.70,14.81,14.52,14.54,22912.53,14.54
2013-01-28 00:00:00,14.61,14.90,14.56,14.90,27712.72,14.90
2013-01-29 00:00:00,14.90,15.21,14.90,15.10,33417.36,15.10
2013-01-30 00:00:00,15.15,15.15,14.83,15.00,29417.11,15.00
2013-01-31 00:00:00,15.12,15.29,14.95,14.99,34860.35,14.99
2013-02-01 00:00:00,15.01,15.26,14.97,15.12,20066.85,15.12
2013-02-04 00:00:00,15.12,15.28,14.51,14.55,39834.85,14.55
2013-02-05 00:00:00,14.58,14.76,14.40,14.67,23710.33,14.67
2013-02-06 00:00:00,14.73,15.06,14.69,14.96,28035.36,14.96
2013-02-07 00:00:00,15.00,15.51,14.90,15.46,44950.97,15.46
2013-02-08 00:00:00,15.57,15.68,15.47,15.60,37022.42,15.60
2013-02-18 00:00:00,15.66,15.96,15.45,15.62,38673.61,15.62
2013-02-19 00:00:00,15.60,15.83,15.22,15.28,35921.50,15.28
2013-02-20 00:00:00,15.34,15.82,15.27,15.82,38006.40,15.82
2013-02-21 00:00:00,15.71,15.97,15.47,15.51,44892.78,15.51
2013-02-22 00:00:00,15.54,15.66,15.36,15.42,26480.23,15.42
2013-02-25 00:00:00,15.42,15.54,15.25,15.47,29676.47,15.47
2013-02-26 00:00:00,16.41,16.97,15.90,16.02,114005.97,16.02
2013-02-27 00:00:00,16.09,17.60,15.88,17.02,141606.53,17.02
2013-02-28 00:00:00,16.60,17.09,16.51,17.05,85910.76,17.05
2013-03-01 00:00:00,17.06,17.37,16.82,17.25,68745.75,17.25
2013-03-04 00:00:00,16.97,17.13,16.25,16.48,64906.51,16.48
2013-03-05 00:00:00,16.48,16.95,16.30,16.82,47988.08,16.82
2013-03-06 00:00:00,16.82,17.45,16.76,17.15,55630.91,17.15
2013-03-07 00:00:00,17.35,17.70,16.51,16.88,61321.21,16.88
2013-03-08 00:00:00,16.88,16.88,16.37,16.46,38575.43,16.46
2013-03-11 00:00:00,16.56,16.60,16.21,16.38,20338.09,16.38
2013-03-12 00:00:00,16.42,16.49,15.49,15.69,37012.56,15.69
2013-03-13 00:00:00,15.75,15.92,15.34,15.84,25976.68,15.84
2013-03-14 00:00:00,15.78,15.86,15.51,15.57,21673.13,15.57
2013-03-15 00:00:00,15.59,15.86,15.24,15.57,28891.68,15.57
2013-03-18 00:00:00,15.50,15.70,15.27,15.28,17780.39,15.28
2013-03-19 00:00:00,15.37,15.88,15.32,15.78,32529.04,15.78
2013-03-20 00:00:00,15.86,16.16,15.65,16.11,32208.82,16.11
2013-03-21 00:00:00,16.02,16.43,15.97,16.31,35715.17,16.31
2013-03-22 00:00:00,16.31,16.45,16.04,16.19,21233.42,16.19
2013-03-25 00:00:00,16.18,16.89,15.89,16.69,48971.97,16.69
2013-03-26 00:00:00,16.67,16.67,16.05,16.30,35375.62,16.30
2013-03-27 00:00:00,16.32,16.55,16.18,16.32,21838.21,16.32
2013-03-28 00:00:00,16.17,16.17,15.41,15.50,30378.85,15.50
2013-03-29 00:00:00,15.50,15.68,15.40,15.55,16933.86,15.55
2013-04-01 00:00:00,15.55,15.68,15.38,15.53,15219.19,15.53
2013-04-02 00:00:00,15.00,15.00,13.98,13.98,87997.83,13.98
2013-04-03 00:00:00,13.88,14.12,13.70,13.79,27943.99,13.79
2013-04-08 00:00:00,13.50,13.79,13.30,13.79,21196.43,13.79
2013-04-09 00:00:00,13.80,14.09,13.80,14.05,19614.17,14.05
2013-04-10 00:00:00,14.03,14.03,13.63,13.81,14670.24,13.81
2013-04-11 00:00:00,13.95,13.95,13.56,13.58,17043.03,13.58
2013-04-12 00:00:00,13.61,13.80,13.41,13.45,11401.86,13.45
2013-04-15 00:00:00,13.52,13.62,13.40,13.45,12708.96,13.45
2013-04-16 00:00:00,13.35,13.65,13.20,13.62,12534.87,13.62
2013-04-17 00:00:00,13.70,14.61,13.70,14.25,45650.41,14.25
2013-04-18 00:00:00,14.02,14.81,14.00,14.80,50835.30,14.80
2013-04-19 00:00:00,14.61,14.95,14.53,14.80,46789.59,14.80
2013-04-22 00:00:00,14.65,14.90,14.56,14.80,26194.92,14.80
2013-04-23 00:00:00,14.80,14.80,13.96,14.00,30363.79,14.00
2013-04-24 00:00:00,14.00,14.40,13.99,14.24,24800.71,14.24
2013-04-25 00:00:00,14.24,14.27,13.71,13.75,26281.26,13.75
2013-04-26 00:00:00,13.70,13.84,13.50,13.51,16540.29,13.51
2013-05-02 00:00:00,13.41,13.71,13.31,13.68,11217.35,13.68
2013-05-03 00:00:00,13.77,14.64,13.71,14.52,35917.16,14.52
2013-05-06 00:00:00,15.40,15.97,15.40,15.97,45394.74,15.97
2013-05-07 00:00:00,17.00,17.00,16.03,16.23,134436.42,16.23
2013-05-08 00:00:00,16.38,17.76,15.98,17.40,162380.48,17.40
2013-05-09 00:00:00,17.02,18.40,17.01,17.54,142721.59,17.54
2013-05-10 00:00:00,17.79,18.60,17.31,18.11,139968.42,18.11
2013-05-13 00:00:00,18.37,18.37,17.36,17.76,91909.21,17.76
2013-05-14 00:00:00,17.63,17.63,16.88,17.06,83573.74,17.06
2013-05-15 00:00:00,17.02,17.98,17.02,17.78,75618.63,17.78
2013-05-16 00:00:00,17.70,17.70,17.03,17.19,61894.14,17.19
2013-05-17 00:00:00,17.10,17.43,16.87,17.29,37157.62,17.29
2013-05-20 00:00:00,17.33,17.95,17.15,17.63,86196.42,17.63
2013-05-21 00:00:00,17.63,18.30,17.30,18.28,103667.53,18.28
2013-05-22 00:00:00,18.29,18.29,16.46,16.83,122225.95,16.83
2013-05-23 00:00:00,16.82,17.22,16.65,16.76,52534.53,16.76
2013-05-24 00:00:00,16.78,17.28,16.70,17.18,73856.45,17.18
2013-05-27 00:00:00,17.18,17.84,17.05,17.43,68995.60,17.43
2013-05-28 00:00:00,17.43,17.59,16.76,16.93,56273.13,16.93
2013-05-29 00:00:00,16.93,17.15,16.71,17.12,34022.06,17.12
2013-05-30 00:00:00,16.96,17.48,16.75,17.29,56485.64,17.29
2013-05-31 00:00:00,17.38,17.98,17.00,17.51,72323.20,17.51
2013-06-03 00:00:00,17.38,17.92,17.33,17.61,72397.52,17.61
2013-06-04 00:00:00,17.70,17.70,16.90,16.90,46506.59,16.90
2013-06-05 00:00:00,16.91,17.10,16.72,16.91,24071.37,16.91
2013-06-06 00:00:00,16.74,17.35,16.61,16.96,37888.09,16.96
2013-06-07 00:00:00,17.19,18.30,17.10,17.93,113735.04,17.93
2013-06-13 00:00:00,17.80,18.80,17.30,18.54,183038.86,18.54
2013-06-14 00:00:00,18.35,18.97,18.09,18.78,155369.18,18.78
2013-06-17 00:00:00,18.78,18.86,18.17,18.30,129604.58,18.30
2013-06-18 00:00:00,18.13,18.15,17.03,17.60,118051.47,17.60
2013-06-19 00:00:00,17.35,17.35,16.86,17.11,71965.98,17.11
2013-06-20 00:00:00,16.90,17.44,16.09,16.10,69345.91,16.10
2013-06-21 00:00:00,15.79,15.83,15.00,15.79,57774.50,15.79
2013-06-24 00:00:00,15.94,16.08,14.48,14.90,76402.18,14.90
2013-06-25 00:00:00,14.68,15.30,13.50,15.20,68816.52,15.20
2013-06-26 00:00:00,15.00,16.26,14.88,16.19,100628.29,16.19
2013-06-27 00:00:00,16.25,16.75,15.58,15.70,72928.55,15.70
2013-06-28 00:00:00,15.51,15.92,15.09,15.34,34799.75,15.34
2013-07-01 00:00:00,15.26,15.94,15.25,15.91,38420.38,15.91
2013-07-02 00:00:00,15.79,16.61,15.71,16.38,55214.77,16.38
2013-07-03 00:00:00,16.23,16.68,15.81,16.62,60979.19,16.62
2013-07-04 00:00:00,16.56,17.58,16.55,17.00,117584.28,17.00
2013-07-05 00:00:00,16.87,17.67,16.30,16.30,121430.82,16.30
2013-07-08 00:00:00,15.66,15.92,14.77,15.27,68080.11,15.27
2013-07-09 00:00:00,15.15,15.68,15.11,15.67,40309.59,15.67
2013-07-10 00:00:00,15.80,16.49,15.67,16.42,69920.64,16.42
2013-07-11 00:00:00,16.63,16.96,16.18,16.71,65121.69,16.71
2013-07-12 00:00:00,16.65,17.34,16.58,16.82,90707.66,16.82
2013-07-15 00:00:00,17.25,17.48,16.94,17.45,95401.79,17.45
2013-07-16 00:00:00,17.55,17.95,16.80,17.20,100555.01,17.20
2013-07-17 00:00:00,17.18,18.92,17.02,18.22,225257.94,18.22
2013-07-18 00:00:00,18.03,19.55,18.02,18.87,198184.85,18.87
2013-07-19 00:00:00,18.60,19.40,17.80,17.80,143577.05,17.80
2013-07-22 00:00:00,17.50,19.58,17.40,19.58,173382.42,19.58
2013-07-23 00:00:00,20.00,20.48,19.46,20.15,181047.97,20.15
2013-07-24 00:00:00,19.90,20.93,19.79,20.14,155927.52,20.14
2013-07-25 00:00:00,20.07,20.09,18.56,18.61,158906.76,18.61
2013-07-26 00:00:00,18.60,19.42,18.08,18.80,118101.29,18.80
2013-07-29 00:00:00,18.46,19.30,18.24,18.40,100173.67,18.40
2013-07-30 00:00:00,18.40,18.65,17.32,17.79,93175.86,17.79
2013-07-31 00:00:00,17.89,18.31,17.77,17.93,70767.90,17.93
2013-08-01 00:00:00,17.95,18.86,17.80,18.78,94126.26,18.78
2013-08-02 00:00:00,18.78,19.29,18.60,18.61,98993.08,18.61
2013-08-05 00:00:00,18.50,19.24,18.40,19.04,71266.65,19.04
2013-08-06 00:00:00,19.05,19.78,18.89,19.22,96094.74,19.22
2013-08-07 00:00:00,19.09,19.30,18.04,18.10,103697.35,18.10
2013-08-08 00:00:00,18.03,18.46,17.89,18.38,62649.92,18.38
2013-08-09 00:00:00,18.50,18.64,17.39,17.78,115488.71,17.78
2013-08-12 00:00:00,17.63,17.89,17.15,17.57,77894.63,17.57
2013-08-13 00:00:00,17.54,17.95,17.46,17.88,58594.72,17.88
2013-08-14 00:00:00,17.88,18.30,17.45,18.08,87520.59,18.08
2013-08-15 00:00:00,18.45,18.79,18.18,18.19,112527.18,18.19
2013-08-16 00:00:00,17.98,18.75,17.75,18.37,119845.94,18.37
2013-08-19 00:00:00,18.44,19.55,18.30,19.48,161161.42,19.48
2013-08-20 00:00:00,19.55,19.78,19.13,19.64,125662.03,19.64
2013-08-21 00:00:00,19.47,20.10,19.18,19.60,107152.41,19.60
2013-08-22 00:00:00,19.50,20.48,19.37,19.67,137106.80,19.67
2013-08-23 00:00:00,19.75,20.06,18.78,19.27,125473.60,19.27
2013-08-26 00:00:00,19.35,20.73,19.25,20.44,157884.03,20.44
2013-08-27 00:00:00,20.21,20.39,19.81,20.30,97459.97,20.30
2013-08-28 00:00:00,19.95,20.15,19.22,19.24,100025.15,19.24
2013-08-29 00:00:00,19.01,19.70,18.91,19.53,73679.03,19.53
2013-08-30 00:00:00,19.40,19.52,17.89,17.97,98788.93,17.97
2013-09-02 00:00:00,18.08,18.42,17.90,18.30,41496.41,18.30
2013-09-03 00:00:00,18.40,18.60,18.00,18.52,55364.03,18.52
2013-09-04 00:00:00,18.38,18.75,18.30,18.48,48110.39,18.48
2013-09-05 00:00:00,18.48,18.96,18.25,18.76,59777.53,18.76
2013-09-06 00:00:00,18.88,19.15,18.46,18.94,80752.31,18.94
2013-09-09 00:00:00,19.05,19.17,18.28,18.52,71890.11,18.52
2013-09-10 00:00:00,18.50,19.15,18.35,19.07,74134.93,19.07
2013-09-11 00:00:00,19.00,19.09,17.92,18.10,88728.38,18.10
2013-09-12 00:00:00,18.07,18.40,17.65,17.89,54724.29,17.89
2013-09-13 00:00:00,17.79,18.25,17.52,18.08,49490.46,18.08
2013-09-16 00:00:00,18.15,18.80,18.12,18.46,61526.25,18.46
2013-09-17 00:00:00,18.55,18.68,18.20,18.24,46387.50,18.24
2013-09-18 00:00:00,18.25,19.22,18.25,19.19,94394.97,19.19
2013-09-23 00:00:00,19.48,19.89,19.11,19.71,107866.91,19.71
2013-09-24 00:00:00,20.50,21.68,20.00,21.68,213406.13,21.68
2013-12-12 00:00:00,20.61,23.85,20.58,23.83,336805.00,23.83
2013-12-13 00:00:00,23.49,23.88,22.80,22.80,196702.63,22.80
2013-12-16 00:00:00,22.40,24.80,22.36,23.70,189210.45,23.70
2013-12-17 00:00:00,23.30,24.20,22.89,23.37,94551.23,23.37
2013-12-18 00:00:00,23.44,23.58,22.30,22.88,76439.12,22.88
2013-12-19 00:00:00,22.95,24.30,22.75,23.50,100234.81,23.50
2013-12-20 00:00:00,23.46,24.68,23.30,23.44,113969.33,23.44
2013-12-23 00:00:00,23.08,24.11,22.95,24.11,86351.61,24.11
2013-12-24 00:00:00,24.15,26.52,23.81,25.62,190868.80,25.62
2013-12-25 00:00:00,25.55,26.55,25.10,26.01,142732.42,26.01
2013-12-26 00:00:00,26.09,27.76,25.71,26.42,162853.15,26.42
2013-12-27 00:00:00,26.05,27.20,25.80,26.10,110132.54,26.10
2013-12-30 00:00:00,26.19,26.74,25.13,25.21,109711.58,25.21
2013-12-31 00:00:00,25.11,25.48,24.48,24.90,69489.44,24.90
2014-01-02 00:00:00,24.77,25.85,24.71,25.61,70768.21,25.61
2014-01-03 00:00:00,25.50,25.55,24.52,24.90,84840.32,24.90
2014-01-06 00:00:00,24.71,24.78,23.80,23.90,56743.33,23.90
2014-01-07 00:00:00,23.80,24.63,23.55,24.16,47048.54,24.16
2014-01-08 00:00:00,24.06,25.26,24.06,25.14,70338.72,25.14
2014-01-09 00:00:00,25.15,25.45,23.80,23.87,70479.00,23.87
2014-01-10 00:00:00,23.65,24.45,23.50,23.98,45329.57,23.98
2014-01-13 00:00:00,24.00,24.00,22.95,23.50,53435.31,23.50
2014-01-14 00:00:00,23.49,24.70,23.38,24.70,50815.20,24.70
2014-01-15 00:00:00,24.80,25.60,24.60,24.96,53525.80,24.96
2014-01-16 00:00:00,24.99,25.48,24.00,24.16,59110.23,24.16
2014-01-17 00:00:00,24.16,25.28,23.83,24.46,64474.64,24.46
2014-01-20 00:00:00,23.26,24.77,23.25,23.88,65384.16,23.88
2014-01-21 00:00:00,23.80,24.71,23.71,24.57,37502.74,24.57
2014-01-22 00:00:00,24.20,25.80,24.20,25.66,89342.71,25.66
2014-01-23 00:00:00,25.58,26.45,25.30,25.84,85866.66,25.84
2014-01-24 00:00:00,25.71,26.38,25.62,26.05,58565.41,26.05
2014-01-27 00:00:00,26.30,27.73,26.30,26.79,101850.56,26.79
2014-01-28 00:00:00,26.68,27.13,25.68,26.21,52996.56,26.21
2014-01-29 00:00:00,26.51,27.03,26.08,26.75,41425.93,26.75
2014-01-30 00:00:00,26.60,27.78,26.31,27.60,57167.56,27.60
2014-02-07 00:00:00,27.82,30.25,27.62,29.80,109394.68,29.80
2014-02-10 00:00:00,29.82,30.59,29.20,30.33,107361.54,30.33
2014-02-11 00:00:00,29.98,30.69,28.98,29.31,83303.73,29.31
2014-02-12 00:00:00,29.28,30.30,29.11,30.10,65545.21,30.10
2014-02-13 00:00:00,30.00,30.60,28.00,28.40,73002.31,28.40
2014-02-14 00:00:00,28.40,28.85,27.50,28.42,56307.76,28.42
2014-02-17 00:00:00,28.61,30.18,28.39,30.10,63752.91,30.10
2014-02-18 00:00:00,30.12,32.12,29.57,31.47,96599.43,31.47
2014-02-19 00:00:00,31.38,34.62,31.00,34.62,170525.22,34.62
2014-02-20 00:00:00,36.00,36.00,33.60,34.30,130210.42,34.30
2014-02-21 00:00:00,33.99,34.26,32.80,33.84,100166.43,33.84
2014-02-24 00:00:00,33.70,35.45,33.50,35.40,103459.63,35.40
2014-02-25 00:00:00,35.12,35.88,31.86,31.86,140491.34,31.86
2014-02-26 00:00:00,30.50,30.65,28.75,30.39,129320.55,30.39
2014-02-27 00:00:00,30.01,31.28,27.58,28.00,100782.16,28.00
2014-02-28 00:00:00,29.25,29.90,27.77,28.40,74549.88,28.40
2014-03-03 00:00:00,28.03,29.46,27.94,28.99,63549.01,28.99
2014-03-04 00:00:00,28.90,28.90,26.90,27.18,106321.94,27.18
2014-03-05 00:00:00,27.29,28.32,26.60,28.29,113096.41,28.29
2014-03-06 00:00:00,28.00,28.22,27.30,27.94,64620.79,27.94
2014-03-07 00:00:00,27.95,28.69,27.09,27.40,71151.83,27.40
2014-03-10 00:00:00,27.35,27.35,24.80,25.05,101740.19,25.05
2014-03-11 00:00:00,24.92,25.89,24.70,25.58,45901.88,25.58
2014-03-12 00:00:00,25.22,26.10,25.00,25.58,44284.16,25.58
2014-03-13 00:00:00,25.70,26.54,25.70,26.12,43260.15,26.12
2014-03-14 00:00:00,25.86,27.08,25.83,26.94,56395.04,26.94
2014-03-17 00:00:00,26.81,27.55,26.60,27.44,48223.33,27.44
2014-03-18 00:00:00,27.31,27.52,26.66,26.90,79427.33,26.90
2014-03-19 00:00:00,26.70,26.75,25.02,25.56,69508.55,25.56
2014-03-20 00:00:00,25.56,25.75,24.57,24.57,53252.48,24.57
2014-03-21 00:00:00,24.00,25.20,23.80,24.65,59848.97,24.65
2014-03-24 00:00:00,24.50,25.34,24.41,24.90,30992.14,24.90
2014-03-25 00:00:00,25.12,25.79,24.70,25.44,49878.59,25.44
2014-03-26 00:00:00,25.23,25.96,24.70,24.70,43539.45,24.70
2014-03-27 00:00:00,24.35,24.45,23.28,23.29,73931.59,23.29
2014-03-28 00:00:00,23.40,23.74,22.35,23.45,66455.43,23.45
2014-03-31 00:00:00,23.45,23.79,22.75,23.38,54855.20,23.38
2014-04-01 00:00:00,23.45,23.60,22.80,23.03,82673.95,23.03
2014-04-02 00:00:00,23.00,23.12,22.37,22.63,51488.61,22.63
2014-04-03 00:00:00,22.63,23.77,22.52,23.13,59829.07,23.13
2014-04-04 00:00:00,23.15,24.29,22.87,24.01,72812.29,24.01
2014-04-08 00:00:00,23.69,24.38,23.68,24.10,47800.72,24.10
2014-04-09 00:00:00,23.90,24.81,23.69,24.61,61839.26,24.61
2014-04-10 00:00:00,24.72,24.93,24.08,24.14,58310.05,24.14
2014-04-11 00:00:00,24.12,24.20,23.71,23.95,33544.12,23.95
2014-04-14 00:00:00,23.82,25.25,23.80,24.96,55665.07,24.96
2014-04-15 00:00:00,25.00,25.68,24.70,24.78,43526.50,24.78
2014-04-16 00:00:00,24.75,25.20,24.32,24.44,32324.59,24.44
2014-04-17 00:00:00,24.67,25.43,24.43,24.91,33273.17,24.91
2014-04-18 00:00:00,24.68,25.79,24.68,25.50,43907.20,25.50
2014-04-21 00:00:00,25.33,25.88,24.43,24.48,36193.38,24.48
2014-04-22 00:00:00,24.43,25.02,23.50,24.05,47590.47,24.05
2014-04-23 00:00:00,24.00,24.39,23.89,24.20,20494.88,24.20
2014-04-24 00:00:00,24.03,25.16,24.03,24.86,33677.41,24.86
2014-04-25 00:00:00,25.00,25.35,24.00,24.25,32543.50,24.25
2014-04-28 00:00:00,23.97,23.97,21.83,21.83,87064.37,21.83
2014-04-29 00:00:00,21.60,22.17,21.44,22.10,34744.25,22.10
2014-04-30 00:00:00,22.07,22.48,21.84,21.92,23555.79,21.92
2014-05-05 00:00:00,21.93,22.44,21.90,22.15,23679.72,22.15
2014-05-06 00:00:00,22.30,23.37,22.28,23.13,38534.06,23.13
2014-05-07 00:00:00,23.20,23.32,22.80,22.91,22025.76,22.91
2014-05-08 00:00:00,22.70,23.50,22.70,22.90,35793.00,22.90
2014-05-09 00:00:00,23.00,23.54,22.79,22.93,27940.84,22.93
2014-05-12 00:00:00,23.18,23.79,22.71,23.56,47644.47,23.56
2014-05-13 00:00:00,23.56,23.91,23.37,23.89,40646.61,23.89
2014-05-14 00:00:00,23.80,23.98,23.42,23.66,22653.74,23.66
2014-05-15 00:00:00,23.51,23.85,22.80,22.80,28831.61,22.80
2014-05-16 00:00:00,22.52,22.88,22.36,22.74,24071.62,22.74
2014-05-19 00:00:00,22.81,23.89,22.34,23.45,45339.23,23.45
2014-05-20 00:00:00,23.62,24.70,23.50,24.09,54013.70,24.09
2014-05-21 00:00:00,24.12,25.10,23.79,24.93,57779.10,24.93
2014-05-22 00:00:00,24.84,25.67,24.54,24.58,70787.19,24.58
2014-05-23 00:00:00,24.67,25.66,24.66,25.48,69040.63,25.48
2014-05-26 00:00:00,25.48,25.65,25.00,25.35,56364.31,25.35
2014-05-27 00:00:00,25.34,25.80,24.71,24.71,59998.05,24.71
2014-05-28 00:00:00,24.68,27.18,24.63,27.18,363470.40,27.18
2014-05-29 00:00:00,26.91,28.28,26.72,27.98,243723.57,27.98
2014-05-30 00:00:00,27.60,28.70,27.20,27.60,185055.51,27.60
2014-06-03 00:00:00,27.90,28.41,26.96,26.98,128288.99,26.98
2014-06-04 00:00:00,27.20,27.50,26.49,27.29,98511.11,27.29
2014-06-05 00:00:00,27.29,27.73,26.72,27.52,75997.83,27.52
2014-06-06 00:00:00,27.52,27.89,26.80,27.20,86092.00,27.20
2014-06-09 00:00:00,27.32,27.59,26.15,27.21,96372.24,27.21
2014-06-10 00:00:00,27.09,28.20,26.92,27.75,100262.90,27.75
2014-06-11 00:00:00,27.50,28.18,27.42,27.75,66377.40,27.75
2014-06-12 00:00:00,27.59,28.05,27.10,27.58,77499.64,27.58
2014-06-13 00:00:00,27.51,29.73,27.40,28.88,187359.80,28.88
2014-06-16 00:00:00,28.88,29.19,28.53,28.64,77621.06,28.64
2014-06-17 00:00:00,28.63,29.10,27.70,27.70,80644.09,27.70
2014-06-18 00:00:00,27.42,28.06,27.03,27.03,68930.21,27.03
2014-06-19 00:00:00,27.13,27.30,25.01,25.54,66271.00,25.54
2014-06-20 00:00:00,25.39,26.13,25.21,25.89,55981.79,25.89
2014-06-23 00:00:00,25.96,26.89,25.90,26.40,60092.77,26.40
2014-06-24 00:00:00,26.40,27.08,26.29,26.77,60190.47,26.77
2014-06-25 00:00:00,27.49,28.45,26.78,26.88,102280.22,26.88
2014-06-26 00:00:00,27.15,28.20,26.95,28.00,128534.00,28.00
2014-06-27 00:00:00,28.50,28.50,27.51,27.67,99010.91,27.67
2014-06-30 00:00:00,27.67,27.93,27.05,27.54,71198.10,27.54
2014-07-01 00:00:00,27.55,27.69,27.10,27.18,77751.81,27.18
2014-07-02 00:00:00,27.18,27.39,26.40,26.61,114157.25,26.61
2014-07-03 00:00:00,26.54,27.49,26.20,27.34,121846.59,27.34
2014-07-04 00:00:00,27.20,27.70,27.01,27.58,161916.51,27.58
2014-07-07 00:00:00,27.00,27.25,25.74,25.85,169234.63,25.85
2014-07-08 00:00:00,25.95,26.33,25.75,26.33,90262.99,26.33
2014-07-09 00:00:00,26.15,26.26,24.70,24.83,138907.49,24.83
2014-07-10 00:00:00,24.81,25.13,24.37,24.46,79020.79,24.46
2014-07-11 00:00:00,24.58,25.10,24.50,24.83,54755.80,24.83
2014-07-14 00:00:00,24.65,25.25,24.65,24.92,59858.07,24.92
2014-07-15 00:00:00,24.93,25.16,23.96,24.33,75579.86,24.33
2014-07-16 00:00:00,24.30,24.40,23.51,23.70,64547.51,23.70
2014-07-17 00:00:00,23.55,24.08,23.51,23.88,35170.50,23.88
2014-07-18 00:00:00,23.76,24.10,23.30,23.44,63285.43,23.44
2014-07-21 00:00:00,23.40,23.40,22.74,23.05,53484.98,23.05
2014-07-22 00:00:00,23.03,23.66,23.03,23.57,49462.29,23.57
2014-07-23 00:00:00,23.56,23.77,23.00,23.19,64919.14,23.19
2014-07-24 00:00:00,23.29,23.38,22.70,23.28,44077.64,23.28
2014-07-25 00:00:00,23.42,23.90,23.23,23.87,54283.95,23.87
2014-07-28 00:00:00,24.03,24.34,23.74,24.26,54314.24,24.26
2014-07-29 00:00:00,24.30,24.49,24.10,24.15,62276.37,24.15
2014-07-30 00:00:00,24.15,24.45,24.06,24.33,41155.06,24.33
2014-07-31 00:00:00,24.23,24.49,24.23,24.34,41497.34,24.34
2014-08-01 00:00:00,24.26,24.27,23.79,23.79,50401.11,23.79
2014-08-04 00:00:00,23.87,24.08,23.70,24.02,37189.35,24.02
2014-08-05 00:00:00,23.99,24.76,23.81,24.68,71965.21,24.68
2014-08-06 00:00:00,24.63,24.74,24.41,24.65,49616.00,24.65
2014-08-07 00:00:00,24.68,24.95,24.50,24.70,61198.30,24.70
2014-08-08 00:00:00,24.77,24.93,24.55,24.91,59624.47,24.91
2014-08-11 00:00:00,24.92,25.27,24.81,25.03,59792.27,25.03
2014-08-12 00:00:00,25.03,25.36,24.99,25.33,68057.90,25.33
2014-08-13 00:00:00,25.30,25.43,24.63,24.97,73201.40,24.97
2014-08-14 00:00:00,24.85,25.09,24.64,24.66,56960.50,24.66
2014-08-15 00:00:00,24.65,25.37,24.63,25.18,63421.05,25.18
2014-08-18 00:00:00,25.27,25.93,25.27,25.79,90680.65,25.79
2014-08-19 00:00:00,25.90,27.30,25.87,26.60,153655.68,26.60
2014-08-20 00:00:00,26.48,26.60,26.01,26.46,99712.38,26.46
2014-08-21 00:00:00,26.54,28.42,26.53,27.79,189797.63,27.79
2014-08-22 00:00:00,27.85,28.37,27.45,27.92,127216.01,27.92
2014-08-25 00:00:00,27.95,28.09,27.40,27.53,87680.74,27.53
2014-08-26 00:00:00,27.52,27.99,26.40,27.78,140172.91,27.78
2014-08-27 00:00:00,29.10,30.29,28.50,28.90,287365.88,28.90
2014-08-28 00:00:00,28.75,29.28,28.08,28.76,152671.95,28.76
2014-08-29 00:00:00,28.74,29.38,28.63,28.88,98996.40,28.88
2014-09-01 00:00:00,28.88,29.18,28.45,29.13,99537.11,29.13
2014-09-02 00:00:00,29.40,30.25,29.33,29.37,161612.35,29.37
2014-09-03 00:00:00,29.52,29.59,28.60,28.81,136949.42,28.81
2014-09-04 00:00:00,28.80,29.90,28.55,29.64,135120.29,29.64
2014-09-05 00:00:00,29.62,30.19,29.35,29.59,100888.13,29.59
2014-09-09 00:00:00,29.74,30.29,29.15,29.96,108016.84,29.96
2014-09-10 00:00:00,29.80,31.15,29.55,31.09,167166.76,31.09
2014-09-11 00:00:00,31.15,31.48,30.21,30.64,126036.27,30.64
2014-09-12 00:00:00,30.71,30.96,30.30,30.75,81040.94,30.75
2014-09-15 00:00:00,30.35,30.74,29.95,30.30,118782.94,30.30
2014-09-16 00:00:00,30.30,30.30,28.20,28.40,145761.89,28.40
2014-09-17 00:00:00,28.50,28.88,28.18,28.54,83311.14,28.54
2014-09-18 00:00:00,28.55,28.88,28.45,28.62,60161.73,28.62
2014-09-19 00:00:00,28.60,28.86,28.31,28.86,66152.62,28.86
2014-09-22 00:00:00,28.80,28.86,27.97,27.98,65945.45,27.98
2014-09-23 00:00:00,27.96,28.67,27.80,28.63,67787.42,28.63
2014-09-24 00:00:00,29.25,30.03,29.12,29.32,104822.43,29.32
2014-09-25 00:00:00,29.37,29.94,29.20,29.37,81695.61,29.37
2014-09-26 00:00:00,29.37,29.92,29.13,29.45,68586.98,29.45
2014-09-29 00:00:00,29.43,30.19,29.43,29.96,83575.53,29.96
2014-09-30 00:00:00,29.98,30.17,29.55,29.70,86819.88,29.70
2014-10-08 00:00:00,29.90,29.96,29.20,29.96,83945.79,29.96
2014-10-09 00:00:00,29.96,30.62,29.83,30.40,111515.84,30.40
2014-10-10 00:00:00,30.30,30.30,29.55,29.69,74358.19,29.69
2014-10-13 00:00:00,29.40,29.40,28.31,28.50,101584.41,28.50
2014-10-14 00:00:00,28.35,28.68,27.89,28.17,97072.89,28.17
2014-10-15 00:00:00,28.18,28.60,28.14,28.45,61476.27,28.45
2014-10-16 00:00:00,28.35,28.43,27.38,27.50,83514.99,27.50
2014-10-17 00:00:00,27.50,27.75,26.68,27.30,90304.58,27.30
2014-10-20 00:00:00,27.35,27.86,27.14,27.62,65127.54,27.62
2014-10-21 00:00:00,27.86,28.36,27.71,27.71,82459.32,27.71
2014-10-22 00:00:00,27.96,28.33,27.68,28.00,52739.28,28.00
2014-10-23 00:00:00,27.84,28.00,27.07,27.10,58823.34,27.10
2014-10-24 00:00:00,27.07,27.49,26.50,26.50,49632.30,26.50
2014-10-27 00:00:00,26.35,26.90,25.51,26.89,58620.09,26.89
2014-10-28 00:00:00,26.80,27.56,26.70,27.55,58495.07,27.55
2014-10-29 00:00:00,27.77,28.16,27.50,27.67,70986.93,27.67
2014-10-30 00:00:00,27.75,28.11,27.45,27.78,56926.69,27.78
2014-10-31 00:00:00,27.90,27.96,27.18,27.72,58984.94,27.72
2014-11-03 00:00:00,27.86,28.64,27.83,28.58,88740.52,28.58
2014-11-04 00:00:00,28.72,29.17,28.30,28.57,84859.12,28.57
2014-11-05 00:00:00,28.45,28.65,27.97,28.09,48610.27,28.09
2014-11-06 00:00:00,28.46,28.63,28.06,28.47,49746.46,28.47
2014-11-07 00:00:00,28.50,28.92,27.00,28.00,71827.62,28.00
2014-11-10 00:00:00,28.19,28.36,27.60,28.12,53309.39,28.12
2014-11-11 00:00:00,28.12,28.19,26.79,27.15,75921.95,27.15
2014-11-12 00:00:00,26.87,27.30,26.65,27.25,47617.85,27.25
2014-11-13 00:00:00,27.20,27.20,26.25,26.65,64403.66,26.65
2014-11-14 00:00:00,26.73,26.96,26.51,26.93,38396.51,26.93
2014-11-17 00:00:00,26.88,27.52,26.51,27.28,62610.60,27.28
2014-11-18 00:00:00,27.28,27.43,27.00,27.16,31150.18,27.16
2014-11-19 00:00:00,27.26,28.29,27.10,28.00,94044.72,28.00
2014-11-20 00:00:00,28.02,28.39,27.75,28.28,65113.83,28.28
2014-11-21 00:00:00,28.28,28.69,27.99,28.18,70251.96,28.18
2014-11-24 00:00:00,28.42,28.67,27.87,28.32,88209.47,28.32
2014-11-25 00:00:00,28.32,29.31,28.25,29.05,111367.78,29.05
2014-11-26 00:00:00,28.90,29.45,28.66,28.94,89143.70,28.94
2014-11-27 00:00:00,28.98,29.30,28.42,28.94,77014.44,28.94
2014-11-28 00:00:00,28.90,29.94,28.75,29.39,138279.98,29.39
2014-12-01 00:00:00,29.39,29.88,28.68,28.68,92546.08,28.68
2014-12-02 00:00:00,28.75,29.36,28.62,28.91,71891.41,28.91
2014-12-03 00:00:00,28.97,30.57,28.30,30.30,181750.03,30.30
2014-12-04 00:00:00,30.46,31.45,30.32,30.56,171250.35,30.56
2014-12-05 00:00:00,30.55,30.92,28.00,29.40,132332.55,29.40
2014-12-08 00:00:00,29.53,30.80,28.75,29.74,132637.49,29.74
2014-12-09 00:00:00,29.74,30.76,28.57,28.61,154265.71,28.61
2014-12-10 00:00:00,28.70,29.75,28.20,29.52,114912.99,29.52
2014-12-11 00:00:00,29.48,32.47,29.08,32.47,223717.98,32.47
2014-12-12 00:00:00,32.33,32.56,31.48,32.25,160925.23,32.25
2014-12-15 00:00:00,32.00,33.30,31.80,32.46,124642.06,32.46
2014-12-16 00:00:00,32.59,32.96,31.86,32.46,107934.92,32.46
2014-12-17 00:00:00,31.60,32.20,30.89,31.00,130792.13,31.00
2014-12-18 00:00:00,30.80,31.48,30.40,30.66,93307.08,30.66
2014-12-19 00:00:00,30.59,30.79,29.16,29.69,120854.12,29.69
2014-12-22 00:00:00,29.21,29.45,26.72,26.74,167385.76,26.74
2014-12-23 00:00:00,26.33,27.20,26.05,26.45,86379.29,26.45
2014-12-24 00:00:00,26.72,27.70,26.70,27.23,85789.41,27.23
2014-12-25 00:00:00,27.30,28.00,26.77,27.85,76486.29,27.85
2014-12-26 00:00:00,27.88,28.25,27.52,27.52,57668.10,27.52
2014-12-29 00:00:00,27.45,27.45,26.51,26.69,92451.63,26.69
2014-12-30 00:00:00,26.69,27.10,26.11,26.20,53543.64,26.20
2014-12-31 00:00:00,26.28,26.75,26.19,26.68,54487.14,26.68
2015-01-05 00:00:00,27.58,28.05,26.88,27.73,80957.38,27.73
2015-01-06 00:00:00,27.60,28.70,27.00,28.42,86174.12,28.42
2015-01-07 00:00:00,28.40,28.66,27.45,27.72,74579.76,27.72
2015-01-08 00:00:00,27.75,28.08,27.41,27.95,63356.82,27.95
2015-01-09 00:00:00,27.95,28.25,27.43,27.43,66077.74,27.43
2015-01-12 00:00:00,27.00,28.09,26.76,27.79,49937.09,27.79
2015-01-13 00:00:00,27.80,28.89,27.55,28.70,91179.35,28.70
2015-01-14 00:00:00,29.13,30.27,28.91,29.39,118714.15,29.39
2015-01-15 00:00:00,29.05,29.86,28.96,29.62,66083.92,29.62
2015-01-16 00:00:00,29.56,30.50,29.26,30.00,90267.27,30.00
2015-01-19 00:00:00,29.18,30.59,28.52,28.89,118479.82,28.89
2015-01-20 00:00:00,29.09,30.90,29.09,30.78,146859.60,30.78
2015-01-21 00:00:00,30.70,31.30,30.31,30.62,109181.82,30.62
2015-01-22 00:00:00,30.54,31.79,30.36,31.54,108299.11,31.54
2015-01-23 00:00:00,31.34,31.34,30.17,30.46,92057.62,30.46
2015-01-26 00:00:00,30.17,31.16,30.17,30.60,78056.40,30.60
2015-01-27 00:00:00,30.49,32.20,30.48,31.72,142062.81,31.72
2015-01-28 00:00:00,31.55,32.20,30.90,30.99,84955.04,30.99
2015-01-29 00:00:00,30.66,31.28,30.48,30.50,64784.24,30.50
2015-01-30 00:00:00,30.48,30.75,29.69,29.77,67005.00,29.77
2015-02-02 00:00:00,29.70,30.51,29.55,30.45,53022.66,30.45
2015-02-03 00:00:00,30.45,31.56,30.38,31.22,103376.28,31.22
2015-02-04 00:00:00,31.35,31.65,30.80,30.80,75689.24,30.80
2015-02-05 00:00:00,31.00,32.22,30.77,31.32,147215.68,31.32
2015-02-06 00:00:00,31.35,31.50,29.80,30.06,96486.91,30.06
2015-02-09 00:00:00,29.83,30.36,29.33,29.57,61032.08,29.57
2015-02-10 00:00:00,29.60,30.44,29.45,30.40,54077.34,30.40
2015-02-11 00:00:00,30.43,31.18,30.43,30.83,84518.05,30.83
2015-02-12 00:00:00,31.27,33.75,31.27,32.13,197860.53,32.13
2015-02-13 00:00:00,32.32,33.06,32.11,32.65,148209.57,32.65
2015-02-16 00:00:00,33.19,33.60,32.18,33.15,148941.60,33.15
2015-02-17 00:00:00,33.10,33.35,32.41,32.94,99690.14,32.94
2015-02-25 00:00:00,33.51,36.23,33.50,34.76,225005.02,34.76
2015-02-26 00:00:00,34.78,35.42,33.53,34.45,154436.71,34.45
2015-03-04 00:00:00,35.10,37.90,33.90,37.90,212907.38,37.90
2015-03-05 00:00:00,39.00,40.80,38.10,38.69,295240.84,38.69
2015-03-06 00:00:00,38.11,38.90,36.37,36.43,185820.78,36.43
2015-03-09 00:00:00,36.00,37.58,35.70,36.53,122889.94,36.53
2015-03-10 00:00:00,36.54,39.48,36.39,39.00,154997.82,39.00
2015-03-11 00:00:00,38.60,39.09,37.98,38.39,105350.49,38.39
2015-03-12 00:00:00,38.50,38.50,36.53,37.19,101552.98,37.19
2015-03-13 00:00:00,37.41,38.44,37.10,38.22,104637.02,38.22
2015-03-16 00:00:00,38.62,40.45,38.61,39.33,151111.27,39.33
2015-03-17 00:00:00,39.44,39.77,38.38,38.62,140201.13,38.62
2015-03-18 00:00:00,38.76,39.05,38.00,38.81,117186.01,38.81
2015-03-19 00:00:00,38.91,41.50,38.50,39.98,184110.33,39.98
2015-03-20 00:00:00,40.00,41.20,39.03,39.61,156512.48,39.61
2015-03-23 00:00:00,39.67,41.48,39.03,40.99,169674.89,40.99
2015-03-24 00:00:00,40.78,41.69,38.38,40.39,211577.53,40.39
2015-03-25 00:00:00,40.36,41.32,39.28,41.00,186111.41,41.00
2015-03-26 00:00:00,40.97,40.98,38.50,38.55,163035.14,38.55
2015-03-27 00:00:00,38.55,40.00,38.54,39.30,93711.96,39.30
2015-03-30 00:00:00,38.80,39.75,38.31,38.65,104611.39,38.65
2015-03-31 00:00:00,38.88,40.15,38.48,39.75,108127.79,39.75
2015-04-01 00:00:00,39.90,41.50,39.50,40.97,153677.08,40.97
2015-04-02 00:00:00,41.12,45.07,41.10,45.07,245120.91,45.07
2015-04-03 00:00:00,45.07,47.81,44.80,46.11,194477.82,46.11
2015-04-07 00:00:00,46.77,47.00,45.22,46.86,128401.41,46.86
2015-04-08 00:00:00,46.90,48.73,44.00,46.36,181886.62,46.36
2015-04-09 00:00:00,46.00,46.00,41.78,43.80,223409.47,43.80
2015-04-10 00:00:00,43.80,45.18,43.24,43.75,138739.57,43.75
2015-04-13 00:00:00,43.80,45.60,43.03,45.03,143772.77,45.03
2015-04-14 00:00:00,45.00,48.44,44.50,46.46,183528.22,46.46
2015-04-15 00:00:00,46.47,47.45,42.85,42.90,152644.09,42.90
2015-04-16 00:00:00,43.00,44.19,41.60,42.51,109598.36,42.51
2015-04-17 00:00:00,42.88,44.01,42.18,42.55,132328.80,42.55
2015-04-20 00:00:00,42.10,42.50,40.00,41.16,126903.55,41.16
2015-04-21 00:00:00,41.00,45.20,40.85,44.92,151367.75,44.92
2015-04-22 00:00:00,45.88,46.80,44.51,45.03,156953.17,45.03
2015-04-23 00:00:00,44.88,46.70,44.60,45.18,125553.99,45.18
2015-04-24 00:00:00,44.59,49.70,44.18,48.81,244284.65,48.81
2015-04-27 00:00:00,49.38,52.95,49.11,49.16,227358.52,49.16
2015-04-28 00:00:00,49.28,51.18,47.36,51.00,184998.89,51.00
2015-04-29 00:00:00,51.00,56.10,50.50,56.10,216258.89,56.10
2015-04-30 00:00:00,57.61,58.88,56.21,56.69,199252.95,56.69
2015-05-04 00:00:00,56.96,58.58,54.35,57.16,124733.24,57.16
2015-05-05 00:00:00,57.15,57.50,53.01,53.30,105830.85,53.30
2015-05-06 00:00:00,53.99,58.26,52.68,56.20,169401.90,56.20
2015-05-07 00:00:00,54.50,56.25,53.50,53.53,93191.57,53.53
2015-05-08 00:00:00,54.00,58.88,53.74,58.88,142557.10,58.88
2015-05-11 00:00:00,60.00,62.88,58.86,61.30,169727.33,61.30
2015-05-12 00:00:00,61.33,61.99,58.03,60.43,162182.14,60.43
2015-05-13 00:00:00,59.00,61.00,57.30,59.20,113274.27,59.20
2015-05-14 00:00:00,59.20,62.18,58.90,58.90,115722.48,58.90
2015-05-15 00:00:00,57.99,58.29,56.02,56.91,98668.05,56.91
2015-05-18 00:00:00,57.77,62.60,57.77,62.60,142931.75,62.60
2015-05-19 00:00:00,62.80,68.68,61.60,66.90,173116.33,66.90
2015-05-20 00:00:00,69.00,73.24,67.51,71.99,174149.47,71.99
2015-05-21 00:00:00,72.16,76.87,70.12,75.10,146833.13,75.10
2015-05-22 00:00:00,75.59,78.06,70.20,71.77,156091.43,71.77
2015-05-25 00:00:00,69.29,70.97,66.66,70.00,157654.93,70.00
2015-05-26 00:00:00,70.25,73.20,70.15,71.90,126540.92,71.90
2015-05-27 00:00:00,71.90,72.80,68.50,70.50,110128.72,70.50
2015-05-28 00:00:00,70.94,71.90,66.70,67.00,145951.82,67.00
2015-05-29 00:00:00,68.00,71.53,65.00,70.50,137669.52,70.50
2015-06-01 00:00:00,70.79,73.95,70.79,73.20,114342.14,73.20
2015-06-02 00:00:00,73.88,74.45,71.80,74.14,120829.55,74.14
2015-06-03 00:00:00,74.94,77.79,70.00,73.83,114875.19,73.83
2015-06-04 00:00:00,73.00,73.03,66.45,69.39,164936.09,69.39
2015-06-05 00:00:00,69.40,70.60,65.00,67.79,145149.95,67.79
2015-06-08 00:00:00,66.35,66.45,62.00,63.00,128350.82,63.00
2015-06-09 00:00:00,63.50,64.99,62.48,63.78,90329.27,63.78
2015-06-10 00:00:00,63.95,67.49,63.60,65.96,102388.07,65.96
2015-06-11 00:00:00,66.23,67.48,64.92,65.99,84162.33,65.99
2015-06-12 00:00:00,66.25,67.21,65.50,66.10,87139.86,66.10
2015-06-15 00:00:00,66.12,66.50,60.70,60.72,130495.07,60.72
2015-06-16 00:00:00,59.05,59.05,55.57,56.61,117117.75,56.61
2015-06-17 00:00:00,57.16,59.03,54.40,58.63,154714.15,58.63
2015-06-18 00:00:00,59.40,59.40,52.77,52.78,140578.94,52.78
2015-06-19 00:00:00,51.99,52.50,50.00,50.78,143134.81,50.78
2015-06-23 00:00:00,51.00,52.00,46.80,51.14,119370.26,51.14
2015-06-24 00:00:00,51.65,52.60,50.36,51.83,118124.50,51.83
2015-06-25 00:00:00,52.45,54.20,49.01,50.00,127650.18,50.00
2015-06-26 00:00:00,48.00,48.49,45.00,45.00,109537.13,45.00
2015-06-29 00:00:00,46.66,46.70,40.50,40.50,167408.96,40.50
2015-06-30 00:00:00,38.70,43.00,36.45,42.54,178984.49,42.54
2015-07-01 00:00:00,41.51,43.56,38.29,38.29,180345.14,38.29
2015-07-02 00:00:00,37.00,39.38,34.46,34.46,190499.27,34.46
2015-07-03 00:00:00,32.51,35.83,31.01,31.01,252909.35,31.01
2015-07-06 00:00:00,34.11,34.11,28.00,29.65,270544.64,29.65
2015-07-07 00:00:00,28.50,28.50,26.69,26.69,144400.44,26.69
2015-07-14 00:00:00,29.36,29.36,29.36,29.36,2670.53,29.36
2015-07-15 00:00:00,32.30,32.30,31.32,32.30,436355.10,32.30
2015-07-16 00:00:00,30.77,35.01,29.70,34.56,394749.26,34.56
2015-07-17 00:00:00,35.10,38.02,34.66,38.02,332466.15,38.02
2015-07-20 00:00:00,39.60,40.86,37.00,40.25,441166.24,40.25
2015-07-21 00:00:00,38.80,41.00,38.33,39.73,281482.58,39.73
2015-07-22 00:00:00,39.60,42.10,38.80,41.61,268870.17,41.61
2015-07-23 00:00:00,41.21,43.11,40.60,42.33,254868.69,42.33
2015-07-24 00:00:00,42.85,44.59,40.23,40.93,282292.11,40.93
2015-07-27 00:00:00,39.30,42.17,36.84,36.84,278760.25,36.84
2015-07-28 00:00:00,34.26,38.52,33.17,34.98,295875.59,34.98
2015-07-29 00:00:00,36.00,38.48,33.70,38.48,282282.18,38.48
2015-07-30 00:00:00,38.19,40.48,37.00,37.21,287398.17,37.21
2015-07-31 00:00:00,36.07,38.87,36.07,37.38,201468.96,37.38
2015-08-03 00:00:00,36.00,36.17,33.64,33.64,227169.53,33.64
2015-08-04 00:00:00,34.10,37.00,33.26,37.00,245494.27,37.00
2015-08-05 00:00:00,37.00,38.90,36.03,37.83,277657.57,37.83
2015-08-06 00:00:00,36.80,39.80,36.10,39.48,249061.14,39.48
2015-08-07 00:00:00,39.00,41.38,38.61,40.75,323564.47,40.75
2015-08-10 00:00:00,41.37,42.87,40.02,41.93,293054.15,41.93
2015-08-11 00:00:00,41.40,42.83,41.03,41.29,248922.02,41.29
2015-08-12 00:00:00,40.72,41.60,39.28,39.37,220650.79,39.37
2015-08-13 00:00:00,39.29,41.52,38.95,41.47,196447.08,41.47
2015-08-14 00:00:00,42.01,42.30,40.00,40.46,195320.79,40.46
2015-08-17 00:00:00,39.90,40.39,39.01,40.06,145902.45,40.06
2015-08-18 00:00:00,40.07,41.29,36.05,36.05,218632.81,36.05
2015-08-19 00:00:00,34.25,37.19,32.50,36.90,211127.05,36.90
2015-08-20 00:00:00,36.82,38.12,35.42,35.62,173498.81,35.62
2015-08-21 00:00:00,34.11,35.25,32.48,32.53,175784.12,32.53
2015-08-24 00:00:00,29.61,31.00,29.28,29.28,159172.17,29.28
2015-08-25 00:00:00,26.35,27.52,26.35,26.35,148846.98,26.35
2015-08-26 00:00:00,26.50,27.53,23.72,23.73,282934.17,23.73
2015-08-27 00:00:00,24.79,25.51,23.08,25.51,199785.88,25.51
2015-08-28 00:00:00,26.09,27.77,25.33,27.52,244511.21,27.52
2015-08-31 00:00:00,27.52,27.60,26.01,26.10,181409.11,26.10
2015-09-01 00:00:00,25.70,25.70,23.49,23.49,191835.84,23.49
2015-09-02 00:00:00,21.35,24.69,21.35,21.84,205462.41,21.84
2015-09-07 00:00:00,22.90,24.02,22.63,23.58,229074.86,23.58
2015-09-08 00:00:00,23.00,25.88,22.72,25.65,220964.08,25.65
2015-09-09 00:00:00,25.80,27.58,25.60,27.03,296627.11,27.03
2015-09-10 00:00:00,26.36,26.99,25.76,25.77,174532.36,25.77
2015-09-11 00:00:00,25.93,26.88,25.93,26.69,170564.31,26.69
2015-09-14 00:00:00,27.00,27.20,24.02,24.02,185038.23,24.02
2015-09-15 00:00:00,22.75,23.90,21.85,21.98,179417.69,21.98
2015-09-16 00:00:00,22.50,24.18,22.20,24.18,178777.44,24.18
2015-09-17 00:00:00,24.68,26.24,24.25,24.40,254915.66,24.40
2015-09-18 00:00:00,25.00,25.95,24.44,25.60,184655.03,25.60
2015-09-21 00:00:00,25.03,27.70,24.80,27.50,238039.22,27.50
2015-09-22 00:00:00,27.74,27.88,26.60,26.92,251111.49,26.92
2015-09-23 00:00:00,26.22,27.97,26.07,27.23,264047.96,27.23
2015-09-24 00:00:00,27.50,28.10,26.70,27.24,235992.71,27.24
2015-09-25 00:00:00,26.91,27.20,24.91,25.29,207891.59,25.29
2015-09-28 00:00:00,25.40,27.47,25.15,27.36,192477.74,27.36
2015-09-29 00:00:00,26.76,27.25,25.90,26.46,170189.66,26.46
2015-09-30 00:00:00,26.73,26.86,25.45,26.00,174845.05,26.00
2015-10-08 00:00:00,27.30,28.35,26.71,27.91,250064.83,27.91
2015-10-09 00:00:00,27.81,29.70,27.52,29.35,291331.56,29.35
2015-10-12 00:00:00,30.25,31.45,29.77,31.00,295205.06,31.00
2015-10-13 00:00:00,32.55,33.00,31.90,32.20,363033.79,32.20
2015-10-14 00:00:00,31.90,32.16,31.15,31.42,240777.74,31.42
2015-10-15 00:00:00,31.51,34.56,31.50,34.56,326642.02,34.56
2015-10-16 00:00:00,35.68,35.86,33.67,34.73,357330.53,34.73
2015-10-19 00:00:00,34.78,35.59,33.84,35.37,278595.36,35.37
2015-10-20 00:00:00,35.00,36.94,34.80,36.03,299065.08,36.03
2015-10-21 00:00:00,35.77,35.83,32.43,32.43,342763.98,32.43
2015-10-22 00:00:00,32.43,34.48,32.00,34.30,274914.28,34.30
2015-10-23 00:00:00,34.38,36.49,34.37,35.91,313893.40,35.91
2015-10-26 00:00:00,36.42,36.50,34.51,35.00,260167.33,35.00
2015-10-27 00:00:00,34.80,35.66,32.12,35.02,243619.15,35.02
2015-10-28 00:00:00,34.66,35.80,33.10,33.30,242348.87,33.30
2015-10-29 00:00:00,33.90,34.78,33.00,34.03,197500.73,34.03
2015-10-30 00:00:00,33.55,35.85,32.80,34.75,261103.90,34.75
2015-11-02 00:00:00,33.60,36.36,33.10,34.38,270138.98,34.38
2015-11-03 00:00:00,34.45,37.26,34.45,36.50,361252.46,36.50
2015-11-04 00:00:00,36.70,39.49,36.21,39.18,361144.95,39.18
2015-11-05 00:00:00,39.78,39.78,37.80,38.73,329356.81,38.73
2015-11-06 00:00:00,40.48,41.81,39.00,39.50,320125.91,39.50
2015-11-09 00:00:00,38.82,40.50,38.19,39.91,266819.28,39.91
2015-11-10 00:00:00,39.65,40.50,38.10,39.00,292360.29,39.00
2015-11-11 00:00:00,38.65,40.43,38.65,40.14,238845.49,40.14
2015-11-12 00:00:00,40.15,40.60,38.81,40.08,244808.84,40.08
2015-11-13 00:00:00,39.30,42.69,39.10,41.61,362782.27,41.61
2015-11-16 00:00:00,40.49,42.60,39.71,42.49,290436.26,42.49
2015-11-17 00:00:00,43.00,43.46,40.10,40.23,296569.23,40.23
2015-11-18 00:00:00,40.29,40.60,38.31,38.50,200995.52,38.50
2015-11-19 00:00:00,38.35,39.88,38.30,39.65,196864.35,39.65
2015-11-20 00:00:00,39.73,40.93,39.08,40.18,203770.56,40.18
2015-11-23 00:00:00,40.16,41.20,39.02,39.10,201651.60,39.10
2015-11-24 00:00:00,39.15,42.46,39.15,42.16,265184.30,42.16
2015-11-25 00:00:00,41.90,44.59,41.40,43.88,333760.30,43.88
2015-11-26 00:00:00,44.11,44.55,42.50,42.61,276501.85,42.61
2015-11-27 00:00:00,42.31,43.35,38.38,39.19,262685.20,39.19
2015-11-30 00:00:00,39.00,40.34,36.25,39.78,223999.65,39.78
2015-12-01 00:00:00,39.60,41.53,39.02,40.88,219194.58,40.88
2015-12-02 00:00:00,40.90,41.20,36.99,39.50,201464.47,39.50
2015-12-03 00:00:00,39.59,42.46,39.59,42.46,271465.20,42.46
2015-12-04 00:00:00,42.34,42.48,41.10,41.89,237674.75,41.89
2015-12-07 00:00:00,42.17,43.30,41.60,42.97,229378.33,42.97
2015-12-08 00:00:00,42.46,42.46,40.55,41.02,201965.67,41.02
2015-12-09 00:00:00,40.99,41.31,39.90,40.24,146203.49,40.24
2015-12-10 00:00:00,40.27,42.98,39.98,41.81,252794.45,41.81
2015-12-11 00:00:00,41.80,43.87,41.21,42.95,295443.75,42.95
2015-12-14 00:00:00,41.95,44.72,41.12,44.65,236235.69,44.65
2015-12-15 00:00:00,45.03,46.98,44.39,45.60,293809.41,45.60
2015-12-16 00:00:00,45.95,46.50,45.09,45.58,205762.05,45.58
2015-12-17 00:00:00,46.35,47.35,45.70,46.20,218862.64,46.20
2015-12-18 00:00:00,45.91,48.58,45.81,47.96,276650.84,47.96
2015-12-21 00:00:00,47.33,47.90,46.11,46.90,189388.65,46.90
2015-12-22 00:00:00,47.13,47.55,46.60,47.10,133234.34,47.10
2015-12-23 00:00:00,47.02,47.28,44.30,44.39,231492.00,44.39
2015-12-24 00:00:00,44.11,45.49,44.00,45.47,134514.15,45.47
2015-12-25 00:00:00,45.45,45.55,44.30,44.75,109307.04,44.75
2015-12-28 00:00:00,44.92,46.15,43.35,43.40,157882.30,43.40
2015-12-29 00:00:00,44.00,44.95,42.68,44.89,165769.69,44.89
2015-12-30 00:00:00,45.00,46.79,44.61,46.36,202480.91,46.36
2015-12-31 00:00:00,46.06,46.61,44.51,45.18,150146.88,45.18
2016-01-04 00:00:00,45.92,48.39,41.16,42.10,267493.30,42.10
2016-01-05 00:00:00,42.00,46.31,42.00,46.22,404479.42,46.22
2016-01-06 00:00:00,46.00,47.42,43.50,47.18,407366.97,47.18
2016-01-07 00:00:00,45.70,45.70,42.46,42.46,106544.65,42.46
2016-01-08 00:00:00,43.22,43.76,38.21,38.50,341605.10,38.50
2016-01-11 00:00:00,36.50,36.88,34.65,34.65,210670.75,34.65
2016-01-12 00:00:00,33.29,34.46,31.33,32.62,230474.61,32.62
2016-01-13 00:00:00,33.23,33.95,29.36,29.36,217529.99,29.36
2016-01-14 00:00:00,28.12,32.18,28.12,31.34,230192.36,31.34
2016-01-15 00:00:00,30.81,31.67,28.98,29.41,198050.25,29.41
2016-01-18 00:00:00,28.70,31.85,28.23,31.24,205171.85,31.24
2016-01-19 00:00:00,30.89,32.85,30.70,32.62,200293.99,32.62
2016-01-20 00:00:00,32.27,32.96,31.40,32.20,190893.26,32.20
2016-01-21 00:00:00,31.71,33.67,31.00,31.00,234941.27,31.00
2016-01-22 00:00:00,31.70,32.36,30.00,32.30,192039.34,32.30
2016-01-25 00:00:00,32.82,33.97,32.16,33.87,179300.66,33.87
2016-01-26 00:00:00,32.73,33.26,30.48,30.48,237017.77,30.48
2016-01-27 00:00:00,30.97,33.00,28.62,32.41,238739.28,32.41
2016-01-28 00:00:00,31.60,32.18,29.37,29.90,161276.37,29.90
2016-01-29 00:00:00,30.12,32.79,29.46,32.35,233216.90,32.35
2016-02-01 00:00:00,31.98,32.27,30.51,31.83,183606.59,31.83
2016-02-02 00:00:00,31.99,33.77,31.84,33.21,236833.94,33.21
2016-02-03 00:00:00,32.60,33.73,32.01,33.42,188275.67,33.42
2016-02-04 00:00:00,33.48,34.34,33.30,33.74,203387.22,33.74
2016-02-05 00:00:00,33.80,34.25,33.01,33.10,133565.27,33.10
2016-02-15 00:00:00,32.00,34.09,31.90,33.73,129829.55,33.73
2016-02-16 00:00:00,34.25,36.49,34.25,36.26,244043.31,36.26
2016-02-17 00:00:00,35.77,36.50,35.43,36.26,190981.31,36.26
2016-02-18 00:00:00,36.63,37.46,35.60,35.69,208611.09,35.69
2016-02-19 00:00:00,36.10,37.20,35.60,36.63,201725.44,36.63
2016-02-22 00:00:00,37.15,37.79,36.70,37.10,212375.10,37.10
2016-02-23 00:00:00,37.00,37.05,35.52,36.56,172279.61,36.56
2016-02-24 00:00:00,36.40,36.90,34.73,36.20,178663.55,36.20
2016-02-25 00:00:00,36.00,36.00,32.58,32.58,213692.79,32.58
2016-02-26 00:00:00,32.95,33.10,30.15,31.36,193918.07,31.36
2016-02-29 00:00:00,31.10,31.30,28.22,28.22,181123.26,28.22
2016-03-01 00:00:00,28.37,31.03,28.00,31.00,200197.06,31.00
2016-03-02 00:00:00,31.00,32.60,30.58,32.38,247211.71,32.38
2016-03-03 00:00:00,31.97,33.36,31.68,31.75,222969.44,31.75
2016-03-04 00:00:00,31.60,32.29,29.50,29.66,203795.67,29.66
2016-03-07 00:00:00,30.50,31.77,30.21,31.00,154420.05,31.00
2016-03-08 00:00:00,31.02,31.79,29.33,31.50,198427.44,31.50
2016-03-09 00:00:00,30.75,31.69,30.08,30.96,136204.63,30.96
2016-03-10 00:00:00,31.40,31.79,30.30,30.40,149176.40,30.40
2016-03-11 00:00:00,29.90,30.30,29.27,29.85,122969.30,29.85
2016-03-14 00:00:00,30.65,32.15,30.47,31.64,191469.12,31.64
2016-03-15 00:00:00,31.52,31.92,31.05,31.17,139579.50,31.17
2016-03-16 00:00:00,31.88,32.04,30.19,30.61,148238.62,30.61
2016-03-17 00:00:00,30.78,32.78,30.60,32.48,253250.57,32.48
2016-03-18 00:00:00,32.50,34.95,32.48,34.36,309511.97,34.36
2016-03-21 00:00:00,35.24,35.33,34.31,35.08,279282.45,35.08
2016-03-22 00:00:00,34.78,36.42,34.41,35.50,260541.90,35.50
2016-03-23 00:00:00,35.80,37.15,35.23,37.10,264719.24,37.10
2016-03-24 00:00:00,36.80,39.05,36.38,37.00,371789.08,37.00
2016-03-25 00:00:00,36.80,37.73,35.60,37.69,251970.72,37.69
2016-03-28 00:00:00,38.15,38.89,36.89,36.95,240045.14,36.95
2016-03-29 00:00:00,36.90,37.48,35.63,36.42,192746.80,36.42
2016-03-30 00:00:00,37.00,40.06,37.00,40.06,315585.08,40.06
2016-03-31 00:00:00,41.50,42.40,40.25,40.45,456882.32,40.45
2016-04-01 00:00:00,20.10,20.10,18.50,19.00,674285.33,19.00
2016-04-05 00:00:00,19.02,20.33,18.80,19.74,632341.32,19.74
2016-04-06 00:00:00,19.45,20.38,19.30,19.82,590219.04,19.82
2016-04-07 00:00:00,20.05,20.15,18.72,18.76,572741.93,18.76
2016-04-08 00:00:00,18.52,18.64,17.92,18.28,388553.85,18.28
2016-04-11 00:00:00,18.60,19.04,18.55,18.80,330313.99,18.80
2016-04-12 00:00:00,18.68,18.80,17.94,18.34,295050.77,18.34
2016-04-13 00:00:00,18.52,19.35,18.50,18.79,435615.93,18.79
2016-04-14 00:00:00,18.98,19.23,18.70,19.05,291939.18,19.05
2016-04-15 00:00:00,19.07,19.15,18.61,18.77,252809.53,18.77
2016-04-18 00:00:00,18.48,18.48,18.03,18.28,229493.36,18.28
2016-04-19 00:00:00,18.47,18.88,18.12,18.75,258806.95,18.75
2016-04-20 00:00:00,19.20,19.34,17.00,17.43,490369.76,17.43
2016-04-21 00:00:00,17.21,17.61,16.80,16.86,306417.52,16.86
2016-04-22 00:00:00,16.78,17.41,16.62,17.30,249343.48,17.30
2016-04-25 00:00:00,17.10,17.58,16.58,17.46,261827.59,17.46
2016-04-26 00:00:00,17.39,17.55,16.97,17.50,245017.47,17.50
2016-04-27 00:00:00,17.36,17.49,16.90,17.00,243881.78,17.00
2016-04-28 00:00:00,16.91,17.39,16.70,17.30,227009.07,17.30
2016-04-29 00:00:00,17.25,17.38,16.95,16.99,174101.72,16.99
2016-05-03 00:00:00,17.00,17.88,16.93,17.87,291081.15,17.87
2016-05-04 00:00:00,17.74,18.38,17.63,17.86,327019.97,17.86
2016-05-05 00:00:00,17.90,18.26,17.80,18.12,223324.24,18.12
2016-05-06 00:00:00,18.20,18.30,16.90,16.93,337687.83,16.93
2016-05-09 00:00:00,16.70,16.85,15.99,16.15,268923.28,16.15
2016-05-10 00:00:00,16.29,16.36,16.08,16.23,141963.45,16.23
2016-05-11 00:00:00,16.46,16.51,16.01,16.01,155345.52,16.01
2016-05-12 00:00:00,15.67,16.02,15.26,15.91,184325.79,15.91
2016-05-13 00:00:00,15.80,16.15,15.61,15.73,135448.73,15.73
2016-05-16 00:00:00,15.86,16.14,15.74,16.12,143377.03,16.12
2016-05-17 00:00:00,16.13,16.70,16.00,16.47,232613.93,16.47
2016-05-18 00:00:00,16.14,16.20,15.38,15.64,226640.21,15.64
2016-05-19 00:00:00,15.67,16.26,15.66,15.82,216593.71,15.82
2016-05-20 00:00:00,15.61,16.10,15.50,16.10,173124.39,16.10
2016-05-23 00:00:00,16.19,16.42,16.08,16.27,196993.19,16.27
2016-05-24 00:00:00,16.18,16.25,15.81,15.99,170373.06,15.99
2016-05-25 00:00:00,16.25,16.65,16.01,16.33,259033.62,16.33
2016-05-26 00:00:00,16.21,16.60,15.62,16.52,271938.70,16.52
2016-05-27 00:00:00,16.45,16.52,16.15,16.20,182084.82,16.20
2016-05-30 00:00:00,15.92,16.72,15.81,16.29,223635.38,16.29
2016-05-31 00:00:00,16.35,17.50,16.32,17.50,449619.74,17.50
2016-06-01 00:00:00,17.40,17.69,17.32,17.44,394924.77,17.44
2016-06-02 00:00:00,17.39,18.28,17.32,18.15,411614.34,18.15
2016-06-03 00:00:00,18.09,18.60,18.00,18.11,480703.83,18.11
2016-06-06 00:00:00,18.20,18.46,17.91,18.20,286771.50,18.20
2016-06-07 00:00:00,18.26,18.28,17.82,18.03,194662.76,18.03
2016-06-08 00:00:00,18.02,18.06,17.60,17.89,214206.09,17.89
2016-06-13 00:00:00,17.50,17.83,16.61,16.64,263813.63,16.64
2016-06-14 00:00:00,16.51,16.96,16.45,16.75,153243.13,16.75
2016-06-15 00:00:00,16.40,17.54,16.35,17.41,296702.73,17.41
2016-06-16 00:00:00,17.35,17.42,17.03,17.13,211707.72,17.13
2016-06-17 00:00:00,17.25,18.00,17.10,17.77,371831.46,17.77
2016-06-20 00:00:00,17.77,18.10,17.24,17.88,289669.01,17.88
2016-06-21 00:00:00,18.25,18.49,17.20,17.28,328725.35,17.28
2016-06-22 00:00:00,17.29,19.01,17.20,18.90,562181.67,18.90
2016-06-23 00:00:00,18.81,19.64,18.74,19.05,808726.67,19.05
2016-06-24 00:00:00,18.80,19.79,17.91,19.20,749664.47,19.20
2016-06-27 00:00:00,19.06,20.56,19.06,20.27,649058.28,20.27
2016-06-28 00:00:00,20.01,20.33,19.72,19.98,521834.92,19.98
2016-06-29 00:00:00,20.16,20.17,19.52,19.65,391605.60,19.65
2016-06-30 00:00:00,19.65,20.08,19.45,19.80,343678.90,19.80
2016-07-01 00:00:00,19.79,19.97,19.42,19.43,241717.51,19.43
2016-07-04 00:00:00,19.20,19.90,19.13,19.75,285071.56,19.75
2016-07-05 00:00:00,19.70,19.87,19.28,19.60,287931.93,19.60
2016-07-06 00:00:00,19.57,19.85,19.33,19.44,263374.62,19.44
2016-07-07 00:00:00,19.48,19.60,18.90,19.30,331970.75,19.30
2016-07-08 00:00:00,19.28,19.92,19.18,19.72,362171.88,19.72
2016-07-11 00:00:00,19.62,19.88,19.32,19.37,330686.95,19.37
2016-07-12 00:00:00,19.26,19.91,19.01,19.91,361638.31,19.91
2016-07-13 00:00:00,20.00,20.18,19.74,19.87,335441.59,19.87
2016-07-14 00:00:00,19.90,20.06,19.55,19.89,258672.51,19.89
2016-07-15 00:00:00,19.87,19.96,19.25,19.26,287713.42,19.26
2016-07-18 00:00:00,19.22,19.43,19.00,19.07,191188.31,19.07
2016-07-19 00:00:00,19.01,19.55,19.00,19.55,207169.86,19.55
2016-07-20 00:00:00,19.42,19.56,19.13,19.17,158200.68,19.17
2016-07-21 00:00:00,19.23,20.00,19.10,19.67,331861.58,19.67
2016-07-22 00:00:00,19.68,19.95,19.43,19.78,278712.80,19.78
2016-07-25 00:00:00,19.70,20.25,19.57,20.00,353813.90,20.00
2016-07-26 00:00:00,20.00,20.08,19.68,19.96,240055.20,19.96
2016-07-27 00:00:00,20.00,20.31,18.30,18.49,502258.21,18.49
2016-07-28 00:00:00,18.38,18.60,17.58,18.00,329679.32,18.00
2016-07-29 00:00:00,18.18,18.27,17.50,17.70,178220.94,17.70
2016-08-01 00:00:00,17.55,17.59,16.95,17.39,165854.29,17.39
2016-08-02 00:00:00,17.46,17.68,17.36,17.55,114184.94,17.55
2016-08-03 00:00:00,17.53,17.74,17.31,17.52,115952.84,17.52
2016-08-04 00:00:00,17.49,17.86,17.45,17.73,135779.94,17.73
2016-08-05 00:00:00,17.70,17.77,17.34,17.34,128778.33,17.34
2016-08-08 00:00:00,17.34,17.72,17.11,17.65,111068.45,17.65
2016-08-09 00:00:00,17.68,17.89,17.55,17.86,138967.08,17.86
2016-08-10 00:00:00,17.86,17.97,17.59,17.60,129503.97,17.60
2016-08-11 00:00:00,17.60,17.61,17.19,17.20,134606.28,17.20
2016-08-12 00:00:00,17.15,17.36,16.88,17.33,170595.01,17.33
2016-08-15 00:00:00,17.36,17.95,17.06,17.85,215111.64,17.85
2016-08-16 00:00:00,17.80,18.05,17.73,17.85,162087.73,17.85
2016-08-17 00:00:00,17.88,18.06,17.75,17.87,165152.42,17.87
2016-08-18 00:00:00,17.88,18.05,17.68,17.94,190261.69,17.94
2016-08-19 00:00:00,17.82,17.95,17.72,17.82,100861.12,17.82
2016-08-22 00:00:00,17.80,17.94,17.35,17.38,142324.69,17.38
2016-08-23 00:00:00,17.37,17.56,17.16,17.36,130695.75,17.36
2016-08-24 00:00:00,17.38,17.73,17.38,17.50,139806.37,17.50
2016-08-25 00:00:00,17.33,17.39,16.91,17.18,198427.56,17.18
2016-08-26 00:00:00,17.30,17.47,17.16,17.20,129590.52,17.20
2016-08-29 00:00:00,17.24,17.36,17.11,17.23,100479.52,17.23
2016-08-30 00:00:00,17.28,17.45,17.16,17.30,105657.07,17.30
2016-08-31 00:00:00,17.31,17.42,17.17,17.38,92975.41,17.38
2016-09-01 00:00:00,17.42,17.53,17.16,17.18,107265.27,17.18
2016-09-02 00:00:00,17.15,17.30,16.97,17.00,110741.94,17.00
2016-09-05 00:00:00,17.07,17.25,17.00,17.05,81149.35,17.05
2016-09-06 00:00:00,17.10,17.55,16.90,17.52,166175.06,17.52
2016-09-07 00:00:00,17.50,17.59,17.30,17.34,131927.65,17.34
2016-09-08 00:00:00,17.40,17.58,17.31,17.53,132707.40,17.53
2016-09-09 00:00:00,17.56,17.58,17.17,17.19,116815.32,17.19
2016-09-12 00:00:00,16.83,16.91,16.18,16.20,184492.56,16.20
2016-09-13 00:00:00,16.37,16.45,16.13,16.23,98077.83,16.23
2016-09-14 00:00:00,16.16,16.33,16.06,16.19,74679.23,16.19
2016-09-19 00:00:00,16.28,16.44,16.23,16.33,73671.95,16.33
2016-09-20 00:00:00,16.28,16.37,16.18,16.27,45766.00,16.27
2016-09-21 00:00:00,16.30,16.44,16.25,16.33,66062.93,16.33
2016-09-22 00:00:00,16.45,16.58,16.33,16.49,105140.79,16.49
2016-09-23 00:00:00,16.45,16.89,16.39,16.63,143451.10,16.63
2016-09-26 00:00:00,16.55,16.94,16.45,16.49,173700.37,16.49
2016-09-27 00:00:00,16.30,16.84,16.30,16.81,119881.20,16.81
2016-09-28 00:00:00,16.82,17.45,16.66,17.22,265689.44,17.22
2016-09-29 00:00:00,17.20,17.96,17.12,17.76,319753.86,17.76
2016-09-30 00:00:00,17.76,18.17,17.53,17.75,244985.96,17.75
2016-10-10 00:00:00,17.91,18.28,17.78,18.05,196281.30,18.05
2016-10-11 00:00:00,17.90,18.10,17.77,18.03,164261.62,18.03
2016-10-12 00:00:00,17.93,18.39,17.81,18.09,206008.27,18.09
2016-10-13 00:00:00,18.08,18.37,17.86,17.92,145220.33,17.92
2016-10-14 00:00:00,17.95,17.98,17.64,17.77,119076.73,17.77
2016-10-17 00:00:00,17.68,17.68,17.26,17.40,174943.74,17.40
2016-10-18 00:00:00,17.39,17.65,17.33,17.61,143101.35,17.61
2016-10-19 00:00:00,17.61,17.69,17.43,17.57,109683.91,17.57
2016-10-20 00:00:00,17.51,19.33,17.51,18.87,602694.68,18.87
2016-10-21 00:00:00,18.86,19.29,18.42,19.27,427602.45,19.27
2016-10-24 00:00:00,19.35,19.98,19.02,19.83,529431.04,19.83
2016-10-25 00:00:00,20.80,21.81,20.79,21.81,515178.64,21.81
2016-10-26 00:00:00,23.37,23.90,22.21,22.48,1560254.66,22.48
2016-10-27 00:00:00,21.60,22.65,21.25,21.91,992812.52,21.91
2016-10-28 00:00:00,21.50,21.68,20.24,20.53,816646.79,20.53
2016-10-31 00:00:00,20.34,20.79,19.86,20.01,753270.22,20.01
2016-11-01 00:00:00,20.12,21.48,20.01,21.02,976729.92,21.02
2016-11-02 00:00:00,19.90,20.20,19.53,20.02,790194.78,20.02
2016-11-03 00:00:00,19.90,20.68,19.66,20.35,781450.56,20.35
2016-11-04 00:00:00,20.03,20.67,19.76,20.42,560888.67,20.42
2016-11-07 00:00:00,20.40,20.40,19.52,19.61,488365.75,19.61
2016-11-08 00:00:00,19.85,20.24,19.61,19.94,380283.66,19.94
2016-11-09 00:00:00,19.80,20.02,19.21,19.59,388897.77,19.59
2016-11-10 00:00:00,19.90,20.09,19.69,19.82,324323.61,19.82
2016-11-11 00:00:00,19.80,19.93,19.33,19.72,379419.31,19.72
2016-11-14 00:00:00,19.82,20.48,19.82,20.20,484978.19,20.20
2016-11-15 00:00:00,20.91,21.60,20.74,20.81,818513.88,20.81
2016-11-16 00:00:00,20.60,21.30,20.41,20.48,454155.16,20.48
2016-11-17 00:00:00,20.45,20.45,19.70,19.89,318396.81,19.89
2016-11-18 00:00:00,19.88,20.06,19.72,19.82,230155.19,19.82
2016-11-21 00:00:00,19.68,19.92,19.59,19.78,198572.45,19.78
2016-11-22 00:00:00,19.73,19.85,19.40,19.81,325842.46,19.81
2016-11-23 00:00:00,19.80,19.84,19.41,19.41,239967.15,19.41
2016-11-24 00:00:00,19.41,19.63,19.02,19.03,237381.69,19.03
2016-11-25 00:00:00,19.03,19.20,18.51,19.19,234693.04,19.19
2016-11-28 00:00:00,19.20,19.29,18.89,18.98,158075.53,18.98
2016-11-29 00:00:00,19.03,19.57,18.88,19.20,271893.04,19.20
2016-11-30 00:00:00,19.10,19.60,19.10,19.43,220025.43,19.43
2016-12-01 00:00:00,19.45,19.64,19.33,19.54,218827.64,19.54
2016-12-02 00:00:00,19.55,19.60,18.68,18.70,236640.51,18.70
2016-12-05 00:00:00,18.35,18.36,17.71,17.80,240287.15,17.80
2016-12-06 00:00:00,17.89,17.96,17.71,17.72,109942.51,17.72
2016-12-07 00:00:00,17.74,18.10,17.26,18.04,125793.55,18.04
2016-12-08 00:00:00,18.12,18.15,17.67,17.70,112053.62,17.70
2016-12-09 00:00:00,17.75,17.93,17.69,17.74,105388.36,17.74
2016-12-12 00:00:00,17.53,17.55,16.10,16.20,307494.62,16.20
2016-12-13 00:00:00,16.18,16.33,16.00,16.24,131571.47,16.24
2016-12-14 00:00:00,16.25,16.26,15.67,15.85,154405.27,15.85
2016-12-15 00:00:00,15.82,16.37,15.81,16.15,126556.28,16.15
2016-12-16 00:00:00,16.21,16.47,16.13,16.35,130135.13,16.35
2016-12-19 00:00:00,16.39,16.39,16.17,16.25,73066.55,16.25
2016-12-20 00:00:00,16.22,16.52,16.22,16.41,110181.87,16.41
2016-12-21 00:00:00,16.44,16.76,16.44,16.67,129782.85,16.67
2016-12-22 00:00:00,16.67,16.67,16.31,16.47,87845.60,16.47
2016-12-23 00:00:00,16.41,16.46,16.15,16.22,85454.60,16.22
2016-12-26 00:00:00,16.28,16.72,16.02,16.71,129660.20,16.71
2016-12-27 00:00:00,16.70,16.70,16.42,16.55,91096.75,16.55
2016-12-28 00:00:00,16.60,16.66,16.41,16.44,64923.50,16.44
2016-12-29 00:00:00,16.37,16.55,16.26,16.26,79548.51,16.26
2016-12-30 00:00:00,16.30,16.41,16.22,16.25,63525.56,16.25
2017-01-03 00:00:00,16.31,16.48,16.26,16.31,79388.53,16.31
2017-01-04 00:00:00,16.20,16.59,16.20,16.53,122371.69,16.53
2017-01-05 00:00:00,16.50,16.89,16.46,16.68,176227.93,16.68
2017-01-06 00:00:00,16.65,16.66,16.38,16.44,101288.84,16.44
2017-01-09 00:00:00,16.38,16.44,16.20,16.40,81257.55,16.40
2017-01-10 00:00:00,16.41,16.73,16.32,16.46,114998.85,16.46
2017-01-11 00:00:00,16.36,16.58,16.24,16.25,86978.33,16.25
2017-01-12 00:00:00,16.24,16.34,15.89,15.91,112584.44,15.91
2017-01-13 00:00:00,15.99,16.04,15.31,15.31,118119.27,15.31
2017-01-16 00:00:00,15.22,15.38,13.84,14.51,178893.07,14.51
2017-01-17 00:00:00,14.50,14.95,14.12,14.78,113154.85,14.78
2017-01-18 00:00:00,14.78,14.79,14.50,14.52,71279.97,14.52
2017-01-19 00:00:00,14.57,14.72,14.34,14.61,70115.26,14.61
2017-01-20 00:00:00,14.60,15.18,14.55,15.15,134519.92,15.15
2017-01-23 00:00:00,15.21,15.29,15.08,15.16,88599.08,15.16
2017-01-24 00:00:00,15.10,15.16,14.70,14.91,81844.92,14.91
2017-01-25 00:00:00,14.80,15.01,14.76,14.93,51218.99,14.93
2017-01-26 00:00:00,14.98,15.12,14.95,15.02,55226.98,15.02
2017-02-03 00:00:00,15.10,15.12,14.88,15.00,46038.32,15.00
2017-02-06 00:00:00,15.05,15.27,15.01,15.24,65283.99,15.24
2017-02-07 00:00:00,15.24,15.30,15.00,15.12,64536.95,15.12
2017-02-08 00:00:00,15.15,15.24,14.95,15.22,70343.64,15.22
2017-02-09 00:00:00,15.22,15.57,15.14,15.47,125280.91,15.47
2017-02-10 00:00:00,15.72,16.26,15.71,15.77,254313.71,15.77
2017-02-13 00:00:00,15.51,15.88,15.49,15.76,111571.37,15.76
2017-02-14 00:00:00,15.73,15.79,15.50,15.57,84750.48,15.57
2017-02-15 00:00:00,15.62,15.70,15.38,15.47,86476.58,15.47
2017-02-16 00:00:00,15.41,15.60,15.40,15.50,65941.54,15.50
2017-02-17 00:00:00,15.47,15.58,15.16,15.17,102569.08,15.17
2017-02-20 00:00:00,15.20,15.31,15.04,15.31,69742.91,15.31
2017-02-21 00:00:00,15.33,15.84,15.30,15.72,161039.35,15.72
2017-02-22 00:00:00,15.65,15.75,15.58,15.75,98790.44,15.75
2017-02-23 00:00:00,15.75,15.76,15.53,15.73,89163.52,15.73
2017-02-24 00:00:00,15.70,15.85,15.63,15.84,107062.23,15.84
2017-02-27 00:00:00,15.73,15.78,15.40,15.40,126785.76,15.40
2017-02-28 00:00:00,15.36,15.50,15.31,15.48,65971.28,15.48
2017-03-01 00:00:00,15.46,15.73,15.40,15.55,89494.60,15.55
2017-03-02 00:00:00,15.60,15.67,15.31,15.32,78590.25,15.32
2017-03-03 00:00:00,15.31,15.51,15.16,15.41,95637.07,15.41
2017-03-06 00:00:00,15.41,15.77,15.38,15.75,152060.07,15.75
2017-03-07 00:00:00,15.79,15.86,15.61,15.85,132349.21,15.85
2017-03-08 00:00:00,15.88,16.00,15.69,15.71,128563.68,15.71
2017-03-09 00:00:00,15.67,16.28,15.63,16.27,277400.93,16.27
2017-03-10 00:00:00,16.15,16.23,15.88,15.98,179748.15,15.98
2017-03-13 00:00:00,15.90,16.11,15.69,16.08,138201.60,16.08
2017-03-14 00:00:00,16.08,16.17,15.79,15.87,127551.61,15.87
2017-03-15 00:00:00,15.80,16.03,15.75,15.90,97773.85,15.90
2017-03-16 00:00:00,15.98,16.14,15.88,16.08,134576.56,16.08
2017-03-17 00:00:00,16.11,16.35,15.82,15.87,188284.17,15.87
2017-03-20 00:00:00,15.89,15.94,15.71,15.93,106280.28,15.93
2017-03-21 00:00:00,15.93,15.93,15.75,15.78,73744.08,15.78
2017-03-22 00:00:00,15.68,15.75,15.25,15.27,157197.71,15.27
2017-03-23 00:00:00,15.27,15.37,14.90,15.10,124296.31,15.10
2017-03-24 00:00:00,15.08,15.22,15.03,15.20,68913.46,15.20
2017-03-27 00:00:00,15.21,15.23,15.04,15.06,69920.19,15.06
2017-03-28 00:00:00,15.05,15.18,15.03,15.06,49854.20,15.06
2017-03-29 00:00:00,15.10,15.17,14.87,14.91,76128.55,14.91
2017-03-30 00:00:00,14.76,14.77,14.30,14.30,141071.21,14.30
2017-03-31 00:00:00,14.31,14.45,14.14,14.36,85988.42,14.36
2017-04-05 00:00:00,14.37,14.82,14.37,14.76,98648.69,14.76
2017-04-06 00:00:00,14.77,14.86,14.66,14.71,60950.49,14.71
2017-04-07 00:00:00,14.68,14.77,14.66,14.69,60121.71,14.69
2017-04-10 00:00:00,14.58,14.69,14.20,14.23,104562.11,14.23
2017-04-11 00:00:00,14.23,14.65,14.20,14.55,95398.21,14.55
2017-04-12 00:00:00,14.56,14.61,14.35,14.38,59778.10,14.38
2017-04-13 00:00:00,14.40,14.75,14.36,14.57,80330.24,14.57
2017-04-14 00:00:00,14.51,14.74,14.40,14.50,75473.22,14.50
2017-04-17 00:00:00,14.50,14.67,14.30,14.40,75003.07,14.40
2017-04-18 00:00:00,14.40,14.55,14.31,14.31,64181.80,14.31
2017-04-19 00:00:00,14.16,14.16,13.66,13.72,129220.04,13.72
2017-04-20 00:00:00,13.81,13.81,13.05,13.33,108160.16,13.33
2017-04-21 00:00:00,13.37,13.57,13.30,13.35,59907.27,13.35
2017-04-24 00:00:00,13.20,13.35,12.75,12.78,79508.83,12.78
2017-04-25 00:00:00,12.90,13.08,12.77,12.82,47474.06,12.82
2017-04-26 00:00:00,12.82,13.02,12.82,12.96,48766.88,12.96
2017-04-27 00:00:00,13.04,13.30,12.51,13.13,114315.12,13.13
2017-04-28 00:00:00,13.00,13.28,12.99,13.21,63836.30,13.21
2017-05-02 00:00:00,13.26,13.26,13.09,13.10,47948.16,13.10
2017-05-03 00:00:00,13.10,13.18,12.92,13.10,58699.08,13.10
2017-05-04 00:00:00,13.03,13.34,12.95,13.18,77079.77,13.18
2017-05-05 00:00:00,13.15,13.25,13.01,13.03,63772.32,13.03
2017-05-08 00:00:00,13.00,13.44,12.82,13.13,105204.98,13.13
2017-05-09 00:00:00,13.09,13.54,13.07,13.49,111155.64,13.49
2017-05-10 00:00:00,13.50,13.62,13.00,13.00,90240.24,13.00
2017-05-11 00:00:00,13.03,13.12,12.18,12.68,115266.14,12.68
2017-05-12 00:00:00,12.72,12.75,12.33,12.56,68317.46,12.56
2017-05-15 00:00:00,13.15,13.52,12.96,13.03,133333.00,13.03
2017-05-16 00:00:00,12.99,13.36,12.52,13.34,131642.06,13.34
2017-05-17 00:00:00,13.21,13.50,13.00,13.28,124324.37,13.28
2017-05-18 00:00:00,13.10,13.40,13.02,13.18,73008.34,13.18
2017-05-19 00:00:00,14.46,14.46,13.63,13.75,330167.62,13.75
2017-05-22 00:00:00,13.80,14.19,13.62,13.77,191503.73,13.77
2017-05-23 00:00:00,13.64,13.86,13.00,13.08,155755.71,13.08
2017-05-24 00:00:00,12.73,13.30,12.60,13.15,112767.10,13.15
2017-05-25 00:00:00,13.20,13.52,12.91,13.40,132097.89,13.40
2017-05-26 00:00:00,13.31,13.77,13.27,13.57,128595.66,13.57
2017-05-31 00:00:00,13.76,13.97,13.41,13.47,111440.51,13.47
2017-06-01 00:00:00,13.33,13.49,13.03,13.03,88142.06,13.03
2017-06-02 00:00:00,12.90,13.51,12.72,13.48,121801.24,13.48
2017-06-05 00:00:00,13.48,13.80,13.41,13.63,109331.57,13.63
2017-06-06 00:00:00,13.55,13.79,13.52,13.71,100897.64,13.71
2017-06-07 00:00:00,13.71,14.25,13.66,14.05,202276.16,14.05
2017-06-08 00:00:00,14.00,14.05,13.69,13.78,159858.85,13.78
2017-06-09 00:00:00,13.75,13.88,13.63,13.84,101297.44,13.84
2017-06-12 00:00:00,13.70,13.74,13.43,13.44,79350.98,13.44
2017-06-13 00:00:00,13.68,13.93,13.51,13.84,110413.79,13.84
2017-06-14 00:00:00,13.79,13.90,13.69,13.88,81410.67,13.88
2017-06-15 00:00:00,13.88,14.32,13.81,14.09,216739.74,14.09
2017-06-16 00:00:00,14.09,14.14,13.93,13.99,94418.21,13.99
2017-06-19 00:00:00,14.07,14.17,13.99,14.12,92983.50,14.12
2017-06-20 00:00:00,14.15,14.44,14.06,14.08,169767.50,14.08
2017-06-21 00:00:00,14.05,14.10,13.79,13.94,110456.44,13.94
2017-06-22 00:00:00,13.94,14.00,13.63,13.65,87946.68,13.65
2017-06-23 00:00:00,13.67,13.81,13.25,13.63,101006.48,13.63
2017-06-26 00:00:00,13.58,13.88,13.52,13.88,78138.38,13.88
2017-06-27 00:00:00,13.80,14.09,13.80,13.94,87860.77,13.94
2017-06-28 00:00:00,13.91,14.00,13.68,13.73,72529.33,13.73
2017-06-29 00:00:00,13.75,13.99,13.70,13.86,80405.90,13.86
2017-06-30 00:00:00,13.79,13.82,13.63,13.69,63698.11,13.69
2017-07-03 00:00:00,13.75,14.01,13.71,13.96,86038.93,13.96
2017-07-04 00:00:00,13.98,14.00,13.79,13.82,72006.33,13.82
2017-07-05 00:00:00,13.93,14.40,13.83,14.16,232314.05,14.16
2017-07-06 00:00:00,14.18,14.29,13.95,14.06,137559.28,14.06
2017-07-07 00:00:00,14.13,14.32,14.07,14.15,131314.45,14.15
2017-07-10 00:00:00,14.08,14.17,13.77,13.77,149489.66,13.77
2017-07-11 00:00:00,13.75,13.81,13.59,13.60,88818.92,13.60
2017-07-12 00:00:00,13.64,13.71,13.32,13.56,89546.55,13.56
2017-07-13 00:00:00,13.57,13.57,13.42,13.46,56559.19,13.46
2017-07-14 00:00:00,13.42,13.57,13.27,13.29,78239.79,13.29
2017-07-17 00:00:00,13.18,13.18,12.19,12.20,154009.63,12.20
2017-07-18 00:00:00,12.19,12.39,11.90,12.32,88545.74,12.32
2017-07-19 00:00:00,12.25,12.34,12.04,12.34,72246.93,12.34
2017-07-20 00:00:00,12.35,12.55,12.22,12.24,75472.26,12.24
2017-07-21 00:00:00,12.25,12.44,12.21,12.25,62279.68,12.25
2017-07-24 00:00:00,12.26,12.28,12.04,12.28,69527.39,12.28
2017-07-25 00:00:00,12.30,12.37,12.22,12.33,49227.58,12.33
2017-07-26 00:00:00,12.49,12.55,12.29,12.33,60897.06,12.33
2017-07-27 00:00:00,12.31,12.86,12.24,12.80,160873.90,12.80
2017-07-28 00:00:00,12.79,12.96,12.63,12.68,88182.30,12.68
2017-07-31 00:00:00,12.68,12.76,12.59,12.71,59070.54,12.71
2017-08-01 00:00:00,12.76,12.85,12.60,12.81,79459.25,12.81
2017-08-02 00:00:00,12.76,12.80,12.53,12.58,77340.30,12.58
2017-08-03 00:00:00,12.60,12.96,12.51,12.73,104416.45,12.73
2017-08-04 00:00:00,12.68,12.78,12.53,12.54,70818.19,12.54
2017-08-07 00:00:00,12.60,12.72,12.54,12.65,47275.06,12.65
2017-08-08 00:00:00,12.61,12.82,12.58,12.81,90965.69,12.81
2017-08-09 00:00:00,12.77,12.85,12.72,12.76,58271.83,12.76
2017-08-10 00:00:00,12.74,12.84,12.35,12.41,89013.21,12.41
2017-08-11 00:00:00,12.28,12.58,12.19,12.31,72695.90,12.31
2017-08-14 00:00:00,12.30,12.76,12.30,12.70,103890.06,12.70
2017-08-15 00:00:00,12.70,12.83,12.65,12.78,74426.32,12.78
2017-08-16 00:00:00,13.20,14.06,13.04,14.06,306223.81,14.06
2017-08-17 00:00:00,14.30,14.96,14.21,14.44,779602.92,14.44
2017-08-18 00:00:00,14.20,14.29,13.90,13.95,387722.21,13.95
2017-08-21 00:00:00,14.05,14.18,13.88,14.13,276098.60,14.13
2017-08-22 00:00:00,14.04,14.33,13.81,13.91,291581.33,13.91
2017-08-23 00:00:00,13.90,13.94,13.72,13.79,149434.65,13.79
2017-08-24 00:00:00,13.79,13.90,13.58,13.82,153354.48,13.82
2017-08-25 00:00:00,13.88,14.18,13.84,13.95,206356.44,13.95
2017-08-28 00:00:00,13.99,14.26,13.91,14.13,212208.31,14.13
2017-08-29 00:00:00,14.03,14.07,13.68,13.72,202058.51,13.72
2017-08-30 00:00:00,13.69,13.86,13.59,13.67,138611.77,13.67
2017-08-31 00:00:00,13.75,14.13,13.72,13.97,176573.50,13.97
2017-09-01 00:00:00,14.01,14.22,13.84,14.14,222746.17,14.14
2017-09-04 00:00:00,14.17,14.75,14.00,14.45,366499.32,14.45
2017-09-05 00:00:00,14.35,14.77,14.20,14.27,312119.13,14.27
2017-09-06 00:00:00,14.28,15.44,14.11,14.99,524354.93,14.99
2017-09-07 00:00:00,14.96,15.26,14.64,14.72,465010.81,14.72
2017-09-08 00:00:00,14.58,14.84,14.37,14.57,222570.33,14.57
2017-09-11 00:00:00,14.58,14.90,14.44,14.85,198971.92,14.85
2017-09-12 00:00:00,14.75,14.82,14.45,14.57,254797.30,14.57
2017-09-13 00:00:00,14.61,14.85,14.48,14.56,170977.04,14.56
2017-09-14 00:00:00,14.57,14.59,14.24,14.30,197702.56,14.30
2017-09-15 00:00:00,14.35,14.35,13.90,14.06,184878.13,14.06
2017-09-18 00:00:00,14.10,14.76,14.06,14.69,289261.88,14.69
2017-09-19 00:00:00,14.61,15.18,14.58,14.72,429130.39,14.72
2017-09-20 00:00:00,14.69,15.95,14.57,15.50,744694.90,15.50
2017-09-21 00:00:00,15.38,15.73,15.11,15.30,544655.63,15.30
2017-09-22 00:00:00,15.24,15.77,14.87,15.68,509623.55,15.68
2017-09-25 00:00:00,15.58,15.73,14.65,14.79,411916.21,14.79
2017-09-26 00:00:00,14.77,14.97,14.52,14.97,225910.51,14.97
2017-09-27 00:00:00,14.89,15.50,14.78,15.36,309944.76,15.36
2017-09-28 00:00:00,15.24,16.35,15.20,15.75,621866.52,15.75
2017-09-29 00:00:00,15.67,16.14,15.47,15.84,417370.94,15.84
2017-10-09 00:00:00,16.10,16.47,15.79,15.95,508489.76,15.95
2017-10-10 00:00:00,15.99,15.99,15.55,15.98,300837.76,15.98
2017-10-11 00:00:00,15.84,15.90,15.38,15.38,305536.54,15.38
2017-10-12 00:00:00,15.40,15.92,15.39,15.59,268939.04,15.59
2017-10-13 00:00:00,15.48,15.64,15.23,15.63,181697.68,15.63
2017-10-16 00:00:00,15.65,15.67,14.81,14.85,256565.56,14.85
2017-10-17 00:00:00,14.81,15.02,14.55,14.66,167932.44,14.66
2017-10-18 00:00:00,14.62,14.90,14.21,14.22,178744.47,14.22
2017-10-19 00:00:00,14.27,14.37,14.02,14.33,147937.22,14.33
2017-10-20 00:00:00,14.31,14.62,14.19,14.60,145096.90,14.60
2017-10-23 00:00:00,14.63,14.64,14.41,14.52,102563.83,14.52
2017-10-24 00:00:00,14.51,14.51,14.06,14.25,163737.82,14.25
2017-10-25 00:00:00,14.27,14.38,14.09,14.29,134222.94,14.29
2017-10-26 00:00:00,14.28,14.62,14.25,14.57,198364.97,14.57
2017-10-27 00:00:00,14.54,14.58,14.10,14.12,163533.01,14.12
2017-10-30 00:00:00,14.15,14.21,13.08,13.22,256515.15,13.22
2017-10-31 00:00:00,13.23,13.37,13.15,13.31,118830.99,13.31
2017-11-01 00:00:00,13.20,13.70,13.20,13.43,172458.82,13.43
2017-11-02 00:00:00,13.35,13.55,12.98,13.07,160915.60,13.07
2017-11-03 00:00:00,13.07,13.48,12.99,13.29,164406.15,13.29
2017-11-06 00:00:00,13.27,13.85,13.24,13.67,192899.87,13.67
2017-11-07 00:00:00,13.62,13.87,13.41,13.85,189262.27,13.85
2017-11-08 00:00:00,13.70,13.89,13.60,13.67,172632.05,13.67
2017-11-09 00:00:00,13.62,14.07,13.62,14.02,249139.02,14.02
2017-11-10 00:00:00,13.90,14.35,13.86,14.04,257910.80,14.04
2017-11-13 00:00:00,14.07,14.56,13.84,14.48,277861.12,14.48
2017-11-14 00:00:00,14.41,14.79,14.10,14.20,274381.44,14.20
2017-11-15 00:00:00,14.00,14.44,13.96,14.29,185616.44,14.29
2017-11-16 00:00:00,14.20,14.27,13.74,13.90,198742.65,13.90
2017-11-17 00:00:00,14.02,14.14,13.03,13.23,220350.82,13.23
2017-11-20 00:00:00,13.10,13.63,12.77,13.60,163583.52,13.60
2017-11-21 00:00:00,13.55,13.85,13.41,13.60,149946.62,13.60
2017-11-22 00:00:00,13.66,14.96,13.46,14.53,557593.31,14.53
2017-11-23 00:00:00,14.38,15.06,14.25,14.57,513193.40,14.57
2017-11-24 00:00:00,14.40,15.25,14.29,14.70,527682.12,14.70
2017-11-27 00:00:00,14.56,14.61,14.03,14.24,315735.35,14.24
2017-11-28 00:00:00,14.28,15.66,14.25,15.66,685818.24,15.66
2017-12-20 00:00:00,14.09,14.09,14.09,14.09,5964.00,14.09
2017-12-21 00:00:00,12.68,12.68,12.68,12.68,18868.00,12.68
2017-12-22 00:00:00,11.41,12.00,11.41,11.47,1321306.66,11.47
2017-12-25 00:00:00,11.48,11.65,11.06,11.15,666692.97,11.15
2017-12-26 00:00:00,10.98,11.02,10.47,10.79,611796.30,10.79
2017-12-27 00:00:00,10.68,10.91,10.64,10.69,331285.48,10.69
2017-12-28 00:00:00,10.66,10.74,9.91,10.00,686767.27,10.00
2017-12-29 00:00:00,9.85,10.26,9.83,10.00,409644.32,10.00
2018-01-02 00:00:00,9.98,10.19,9.87,10.12,311720.79,10.12
2018-01-03 00:00:00,10.19,10.66,10.12,10.50,583487.18,10.50
2018-01-04 00:00:00,10.37,10.51,10.23,10.35,365329.46,10.35
2018-01-05 00:00:00,10.33,10.48,10.28,10.39,224023.76,10.39
2018-01-08 00:00:00,10.30,10.35,9.92,10.08,313877.96,10.08
2018-01-09 00:00:00,10.00,10.08,9.90,9.90,232697.30,9.90
2018-01-10 00:00:00,9.92,9.93,9.26,9.40,430766.40,9.40
2018-01-11 00:00:00,9.42,9.64,9.23,9.58,306166.30,9.58
2018-01-12 00:00:00,9.54,9.59,9.39,9.41,213274.07,9.41
2018-01-15 00:00:00,8.91,9.00,8.47,8.47,574578.72,8.47
2018-01-16 00:00:00,8.28,8.42,8.05,8.15,452513.24,8.15
2018-01-17 00:00:00,8.17,8.97,8.12,8.97,601327.87,8.97
2018-01-18 00:00:00,9.08,9.19,8.73,8.75,666666.98,8.75
2018-01-19 00:00:00,8.63,8.95,8.52,8.78,380619.76,8.78
2018-01-22 00:00:00,8.77,9.05,8.38,8.88,375943.07,8.88
2018-01-23 00:00:00,8.84,8.91,8.64,8.69,241248.28,8.69
2018-01-24 00:00:00,8.52,8.87,8.44,8.79,281006.91,8.79
2018-01-25 00:00:00,8.85,9.18,8.72,8.82,353953.34,8.82
2018-01-26 00:00:00,8.89,9.02,8.77,8.83,229493.86,8.83
2018-01-29 00:00:00,8.54,8.68,8.32,8.48,284018.06,8.48
2018-01-30 00:00:00,8.52,8.64,8.30,8.33,166720.18,8.33
2018-01-31 00:00:00,8.30,8.36,7.74,7.78,286510.17,7.78
2018-02-01 00:00:00,7.79,8.09,7.68,7.69,258535.80,7.69
2018-02-02 00:00:00,7.56,7.86,7.30,7.77,247084.43,7.77
2018-02-05 00:00:00,7.99,8.07,7.71,7.85,171287.44,7.85
2018-02-06 00:00:00,7.65,7.80,7.15,7.15,247620.69,7.15
2018-02-07 00:00:00,7.31,7.87,7.11,7.70,427787.17,7.70
2018-02-08 00:00:00,7.67,7.96,7.57,7.69,369627.33,7.69
2018-02-09 00:00:00,7.35,7.63,7.21,7.40,284278.09,7.40
2018-02-12 00:00:00,7.50,7.79,7.48,7.61,221698.12,7.61
2018-02-13 00:00:00,7.57,7.66,7.38,7.42,235238.81,7.42
2018-02-14 00:00:00,7.42,7.69,7.33,7.53,184985.03,7.53
2018-02-22 00:00:00,7.57,7.83,7.44,7.70,218484.83,7.70
2018-02-23 00:00:00,7.67,7.93,7.62,7.86,248065.54,7.86
2018-02-26 00:00:00,7.87,8.38,7.75,8.17,366125.51,8.17
2018-02-27 00:00:00,8.12,8.34,8.08,8.14,285882.07,8.14
2018-02-28 00:00:00,8.16,8.67,8.16,8.39,419811.55,8.39
2018-03-01 00:00:00,8.25,8.65,8.25,8.52,348153.06,8.52
2018-03-02 00:00:00,8.42,8.62,8.23,8.27,279267.71,8.27
2018-03-05 00:00:00,8.21,8.49,8.21,8.47,214133.49,8.47
2018-03-06 00:00:00,8.47,8.67,8.38,8.47,300100.24,8.47
2018-03-07 00:00:00,8.40,8.57,8.29,8.32,239672.10,8.32
2018-03-08 00:00:00,8.38,8.52,8.32,8.49,190974.12,8.49
2018-03-09 00:00:00,8.48,8.97,8.43,8.83,463765.99,8.83
2018-03-12 00:00:00,8.90,9.23,8.82,8.98,422663.28,8.98
2018-03-13 00:00:00,8.86,9.25,8.68,9.05,470591.49,9.05
2018-03-14 00:00:00,8.93,8.99,8.61,8.65,331851.26,8.65
2018-03-15 00:00:00,8.57,8.62,8.26,8.55,288060.37,8.55
2018-03-16 00:00:00,8.50,8.62,8.38,8.40,176504.03,8.40
2018-03-19 00:00:00,8.37,8.59,8.37,8.47,161051.91,8.47
2018-03-20 00:00:00,8.39,8.62,8.31,8.60,191597.24,8.60
2018-03-21 00:00:00,8.58,8.72,8.29,8.33,245511.69,8.33
2018-03-22 00:00:00,8.35,8.58,8.31,8.48,195739.65,8.48
2018-03-23 00:00:00,8.17,8.29,7.63,7.67,337985.05,7.67
2018-03-26 00:00:00,7.56,7.94,7.45,7.92,200582.60,7.92
2018-03-27 00:00:00,8.03,8.38,8.02,8.34,298773.61,8.34
2018-03-28 00:00:00,8.21,9.17,8.16,8.79,705817.95,8.79
2018-03-29 00:00:00,8.73,8.91,8.60,8.82,362287.88,8.82
2018-03-30 00:00:00,8.85,9.18,8.72,9.14,491526.41,9.14
2018-04-02 00:00:00,9.18,9.75,8.91,9.55,697015.92,9.55
2018-04-03 00:00:00,9.22,9.43,9.13,9.27,419283.48,9.27
2018-04-04 00:00:00,9.31,9.36,8.88,8.93,327501.00,8.93
2018-04-09 00:00:00,8.92,9.12,8.71,8.99,268230.56,8.99
2018-04-10 00:00:00,8.95,9.09,8.75,8.89,237005.73,8.89
2018-04-11 00:00:00,8.93,9.04,8.82,8.84,197557.91,8.84
2018-04-12 00:00:00,8.80,8.94,8.70,8.72,176185.76,8.72
2018-04-13 00:00:00,8.72,8.78,8.36,8.37,337111.72,8.37
2018-04-16 00:00:00,8.14,8.49,8.08,8.44,242544.95,8.44
2018-04-17 00:00:00,8.49,9.09,8.49,8.60,400844.63,8.60
2018-04-18 00:00:00,8.90,9.46,8.90,9.46,269423.23,9.46
2018-04-19 00:00:00,10.41,10.41,10.41,10.41,228767.93,10.41
2018-04-20 00:00:00,10.38,11.45,10.21,11.45,1659699.15,11.45
2018-04-23 00:00:00,11.69,12.31,10.82,11.54,1648243.75,11.54
2018-04-24 00:00:00,11.08,12.69,11.08,12.69,1573915.36,12.69
2018-04-25 00:00:00,12.21,13.47,12.21,12.51,1649818.49,12.51
2018-04-26 00:00:00,12.41,13.01,12.12,12.53,997644.39,12.53
2018-04-27 00:00:00,12.55,12.68,11.28,11.37,1062884.46,11.37
2018-05-02 00:00:00,11.57,11.79,11.33,11.54,642655.27,11.54
2018-05-03 00:00:00,11.30,11.79,10.65,11.61,853019.15,11.61
2018-05-04 00:00:00,11.34,12.13,11.08,11.32,865643.64,11.32
2018-05-07 00:00:00,11.35,11.58,11.21,11.44,523279.23,11.44
2018-05-08 00:00:00,11.35,11.54,11.03,11.18,602232.00,11.18
2018-05-09 00:00:00,11.12,11.46,11.03,11.19,522863.62,11.19
2018-05-10 00:00:00,11.10,11.17,10.75,10.98,524671.21,10.98
2018-05-11 00:00:00,11.08,11.14,10.82,10.85,381654.16,10.85
2018-05-14 00:00:00,10.56,10.84,10.40,10.45,375265.18,10.45
2018-05-15 00:00:00,10.50,10.83,10.47,10.79,362655.43,10.79
2018-05-16 00:00:00,10.69,11.15,10.52,11.02,532107.56,11.02
2018-05-17 00:00:00,10.85,11.18,10.80,10.89,438025.83,10.89
2018-05-18 00:00:00,10.83,10.97,10.42,10.64,371885.60,10.64
2018-05-21 00:00:00,10.60,11.10,10.52,11.10,434229.84,11.10
2018-05-22 00:00:00,11.01,11.22,10.92,11.13,413660.54,11.13
2018-05-23 00:00:00,11.10,11.96,10.95,11.48,786172.97,11.48
2018-05-24 00:00:00,11.28,11.69,11.24,11.26,506855.99,11.26
2018-05-25 00:00:00,11.22,11.28,10.64,10.66,422563.99,10.66
2018-05-28 00:00:00,10.51,10.61,9.81,9.95,448003.85,9.95
2018-05-29 00:00:00,9.90,10.14,9.84,9.92,279242.32,9.92
2018-05-30 00:00:00,9.90,10.82,9.81,10.20,616112.90,10.20
2018-05-31 00:00:00,10.20,10.63,10.06,10.49,479324.50,10.49
2018-06-01 00:00:00,10.30,10.49,9.99,10.16,323241.25,10.16
2018-06-04 00:00:00,10.21,10.63,10.11,10.35,326434.54,10.35
2018-06-05 00:00:00,10.31,10.57,10.23,10.54,344590.00,10.54
2018-06-06 00:00:00,10.50,10.55,10.12,10.20,308495.00,10.20
2018-06-07 00:00:00,10.30,10.35,9.96,10.01,258588.71,10.01
2018-06-08 00:00:00,10.02,10.08,9.63,10.07,297361.88,10.07
2018-06-11 00:00:00,9.98,10.03,9.65,9.70,208660.69,9.70
2018-06-12 00:00:00,9.75,9.79,9.41,9.68,206761.85,9.68
2018-06-13 00:00:00,9.93,10.35,9.71,9.75,393607.18,9.75
2018-06-14 00:00:00,9.53,9.99,9.46,9.83,276350.38,9.83
2018-06-15 00:00:00,9.83,10.30,9.60,10.14,424630.24,10.14
2018-06-19 00:00:00,10.00,10.98,9.77,10.48,792073.85,10.48
2018-06-20 00:00:00,10.11,10.88,9.84,10.71,751042.94,10.71
2018-06-21 00:00:00,10.52,10.86,10.28,10.34,581256.19,10.34
2018-06-22 00:00:00,10.10,10.45,9.81,10.18,440036.30,10.18
2018-06-25 00:00:00,10.27,10.74,10.10,10.69,593680.46,10.69
2018-06-26 00:00:00,10.42,11.30,10.35,11.04,759949.78,11.04
2018-06-27 00:00:00,10.85,11.12,10.71,10.82,500498.42,10.82
2018-06-28 00:00:00,10.83,11.23,10.48,10.56,517467.30,10.56
2018-06-29 00:00:00,10.61,11.17,10.31,11.12,726248.51,11.12
2018-07-02 00:00:00,11.08,11.23,10.61,10.91,627681.65,10.91
2018-07-03 00:00:00,10.76,11.44,10.62,11.44,746103.31,11.44
2018-07-04 00:00:00,11.23,11.36,10.90,11.12,541306.88,11.12
2018-07-05 00:00:00,11.10,11.36,10.90,10.98,465183.80,10.98
2018-07-06 00:00:00,10.91,11.31,10.63,10.69,617705.66,10.69
2018-07-09 00:00:00,10.66,10.78,10.42,10.72,432367.10,10.72
2018-07-10 00:00:00,10.66,10.94,10.60,10.87,369552.11,10.87
2018-07-11 00:00:00,10.61,10.63,9.78,9.78,704657.64,9.78
2018-07-12 00:00:00,9.70,10.14,9.65,10.00,431356.05,10.00
2018-07-13 00:00:00,9.98,9.98,9.53,9.66,440894.67,9.66
2018-07-16 00:00:00,9.30,9.56,9.30,9.39,301755.00,9.39
2018-07-17 00:00:00,9.42,9.64,9.39,9.58,268813.03,9.58
2018-07-18 00:00:00,9.61,9.67,9.38,9.39,221855.00,9.39
2018-07-19 00:00:00,9.36,9.44,8.67,8.85,369733.46,8.85
2018-07-20 00:00:00,8.79,8.94,8.52,8.88,276659.56,8.88
2018-07-23 00:00:00,8.79,9.16,8.74,9.07,248046.70,9.07
2018-07-24 00:00:00,9.02,9.15,8.92,9.09,247437.20,9.09
2018-07-25 00:00:00,9.09,9.26,9.04,9.13,229260.32,9.13
2018-07-26 00:00:00,9.08,9.12,8.85,8.87,216934.38,8.87
2018-07-27 00:00:00,8.80,8.99,8.80,8.88,129582.14,8.88
2018-07-30 00:00:00,8.91,8.93,8.54,8.56,166982.09,8.56
2018-07-31 00:00:00,8.51,8.63,8.47,8.54,104156.26,8.54
2018-08-01 00:00:00,8.60,8.74,8.43,8.44,142492.33,8.44
2018-08-02 00:00:00,8.37,8.38,7.80,8.01,232732.37,8.01
2018-08-03 00:00:00,8.02,8.06,7.80,7.81,147669.22,7.81
2018-08-06 00:00:00,7.73,7.91,7.70,7.81,137013.59,7.81
2018-08-07 00:00:00,7.87,8.03,7.82,8.03,155712.63,8.03
2018-08-08 00:00:00,7.99,8.04,7.69,7.72,173687.84,7.72
2018-08-09 00:00:00,7.71,8.44,7.68,8.20,397635.84,8.20
2018-08-10 00:00:00,8.09,8.46,8.09,8.37,348594.02,8.37
2018-08-13 00:00:00,8.19,8.84,8.14,8.80,452799.63,8.80
2018-08-14 00:00:00,8.69,8.77,8.55,8.57,267493.41,8.57
2018-08-15 00:00:00,8.56,8.77,8.43,8.47,236595.63,8.47
2018-08-16 00:00:00,8.28,8.66,8.21,8.42,221823.28,8.42
2018-08-17 00:00:00,8.59,8.70,8.28,8.41,194293.48,8.41
2018-08-20 00:00:00,8.39,8.68,8.36,8.67,232438.41,8.67
2018-08-21 00:00:00,8.67,8.75,8.50,8.61,246316.07,8.61
2018-08-22 00:00:00,8.58,8.65,8.13,8.21,200453.00,8.21
2018-08-23 00:00:00,8.21,8.45,8.21,8.37,192441.45,8.37
2018-08-24 00:00:00,8.36,8.53,8.33,8.40,156079.00,8.40
2018-08-27 00:00:00,8.40,8.65,8.38,8.57,199768.66,8.57
2018-08-28 00:00:00,8.60,8.76,8.47,8.54,195194.03,8.54
2018-08-29 00:00:00,8.61,8.61,8.34,8.39,150875.00,8.39
2018-08-30 00:00:00,8.35,8.41,7.92,7.92,276365.27,7.92
2018-08-31 00:00:00,7.93,8.02,7.83,7.88,118585.02,7.88
2018-09-03 00:00:00,7.87,8.05,7.55,8.05,197825.48,8.05
2018-09-04 00:00:00,7.94,8.18,7.85,8.09,198457.82,8.09
2018-09-05 00:00:00,8.05,8.08,7.85,7.86,163366.17,7.86
2018-09-06 00:00:00,7.83,8.15,7.82,7.94,175286.00,7.94
2018-09-07 00:00:00,7.91,8.11,7.71,7.84,165314.92,7.84
2018-09-10 00:00:00,7.79,7.81,7.59,7.61,133323.16,7.61
2018-09-11 00:00:00,7.59,7.74,7.58,7.70,85696.00,7.70
2018-09-12 00:00:00,7.67,7.73,7.61,7.70,96062.39,7.70
2018-09-13 00:00:00,7.76,7.83,7.67,7.81,136468.70,7.81
2018-09-14 00:00:00,7.82,7.84,7.69,7.70,104355.70,7.70
2018-09-17 00:00:00,7.62,7.64,7.50,7.60,83807.00,7.60
2018-09-18 00:00:00,7.58,7.75,7.55,7.75,118761.29,7.75
2018-09-19 00:00:00,7.72,8.53,7.67,8.53,259053.26,8.53
2018-09-20 00:00:00,8.99,9.24,8.55,8.64,810383.36,8.64
2018-09-21 00:00:00,8.50,8.97,8.33,8.69,521179.38,8.69
2018-09-25 00:00:00,8.50,9.00,8.46,8.74,447619.27,8.74
2018-09-26 00:00:00,8.70,8.89,8.57,8.62,342454.26,8.62
2018-09-27 00:00:00,8.60,8.65,8.30,8.32,274120.80,8.32
2018-09-28 00:00:00,8.40,8.48,8.32,8.37,170543.59,8.37
2018-10-08 00:00:00,8.08,8.15,7.77,7.82,224110.32,7.82
2018-10-09 00:00:00,7.90,7.96,7.79,7.88,113469.57,7.88
2018-10-10 00:00:00,7.85,8.13,7.76,7.96,205454.13,7.96
2018-10-11 00:00:00,7.62,8.76,7.60,8.29,718148.41,8.29
2018-10-12 00:00:00,8.00,8.63,7.58,8.38,603848.51,8.38
2018-10-15 00:00:00,8.37,8.72,8.27,8.42,527848.62,8.42
2018-10-16 00:00:00,8.30,8.66,8.25,8.35,376293.42,8.35
2018-10-17 00:00:00,8.59,9.12,8.40,8.91,736879.14,8.91
2018-10-18 00:00:00,8.70,8.75,8.36,8.42,480152.65,8.42
2018-10-19 00:00:00,8.13,8.95,8.08,8.95,644121.09,8.95
2018-10-22 00:00:00,8.85,9.57,8.82,9.25,790679.58,9.25
2018-10-23 00:00:00,9.15,9.34,9.00,9.13,501139.90,9.13
2018-10-24 00:00:00,9.10,9.22,8.84,8.97,361115.22,8.97
2018-10-25 00:00:00,8.58,8.97,8.51,8.90,346556.46,8.90
2018-10-26 00:00:00,9.03,9.17,8.83,8.89,316306.58,8.89
2018-10-29 00:00:00,8.81,8.95,8.62,8.91,220798.22,8.91
2018-10-30 00:00:00,8.76,9.05,8.51,8.91,332092.80,8.91
2018-10-31 00:00:00,8.98,9.19,8.94,9.05,398801.56,9.05
2018-11-01 00:00:00,9.22,9.31,8.92,8.93,518800.53,8.93
2018-11-02 00:00:00,9.05,9.19,8.95,9.17,461227.67,9.17
2018-11-05 00:00:00,9.16,9.27,8.92,9.06,371144.00,9.06
2018-11-06 00:00:00,9.03,9.04,8.81,9.00,259451.77,9.00
2018-11-07 00:00:00,9.02,9.68,8.95,9.31,693686.59,9.31
2018-11-08 00:00:00,9.33,9.41,9.11,9.14,379369.27,9.14
2018-11-09 00:00:00,9.07,9.37,9.06,9.16,329578.33,9.16
2018-11-12 00:00:00,9.13,9.46,9.12,9.45,395553.85,9.45
2018-11-13 00:00:00,9.30,9.55,9.25,9.48,522969.27,9.48
2018-11-14 00:00:00,9.44,9.77,9.35,9.49,472513.84,9.49
2018-11-15 00:00:00,9.43,9.58,9.38,9.54,374361.58,9.54
2018-11-16 00:00:00,9.56,9.68,9.35,9.48,462147.70,9.48
2018-11-19 00:00:00,9.43,9.59,9.25,9.54,407299.02,9.54
2018-11-20 00:00:00,9.49,9.85,9.38,9.44,574128.35,9.44
2018-11-21 00:00:00,9.18,9.33,9.16,9.23,335331.29,9.23
2018-11-22 00:00:00,9.26,9.32,9.18,9.19,203333.02,9.19
2018-11-23 00:00:00,9.16,9.21,8.63,8.65,322798.02,8.65
2018-11-26 00:00:00,8.61,8.74,8.57,8.69,133862.56,8.69
2018-11-27 00:00:00,8.75,8.92,8.75,8.85,208929.63,8.85
2018-11-28 00:00:00,8.86,8.99,8.61,8.95,226704.81,8.95
2018-11-29 00:00:00,9.00,9.07,8.49,8.50,237780.34,8.50
2018-11-30 00:00:00,8.49,8.57,8.22,8.56,192801.36,8.56
2018-12-03 00:00:00,8.80,8.99,8.74,8.87,292027.02,8.87
2018-12-04 00:00:00,8.80,8.95,8.75,8.94,200023.36,8.94
2018-12-05 00:00:00,8.78,8.87,8.64,8.76,176738.70,8.76
2018-12-06 00:00:00,8.72,9.03,8.65,8.87,302820.00,8.87
2018-12-07 00:00:00,8.88,9.05,8.81,8.90,250509.52,8.90
2018-12-10 00:00:00,8.80,9.15,8.73,9.03,294955.64,9.03
2018-12-11 00:00:00,9.02,9.63,8.98,9.38,516489.08,9.38
2018-12-12 00:00:00,9.27,9.35,9.14,9.18,304969.44,9.18
2018-12-13 00:00:00,9.25,9.50,9.17,9.28,329867.04,9.28
2018-12-14 00:00:00,9.26,9.36,8.93,8.94,298177.46,8.94
2018-12-17 00:00:00,8.90,8.91,8.67,8.87,184324.00,8.87
2018-12-18 00:00:00,8.84,8.98,8.74,8.92,181255.70,8.92
2018-12-19 00:00:00,8.90,9.04,8.71,8.76,195273.00,8.76
2018-12-20 00:00:00,8.72,8.88,8.72,8.83,145873.08,8.83
2018-12-21 00:00:00,8.80,8.97,8.78,8.97,202010.80,8.97
2018-12-24 00:00:00,8.43,8.44,8.07,8.07,491137.80,8.07
2018-12-25 00:00:00,7.67,8.00,7.59,7.90,365843.93,7.90
2018-12-26 00:00:00,7.80,7.90,7.64,7.64,300495.00,7.64
2018-12-27 00:00:00,7.76,7.85,7.56,7.56,228158.02,7.56
2018-12-28 00:00:00,7.54,7.64,7.26,7.39,246495.78,7.39
2019-01-02 00:00:00,7.44,7.58,7.34,7.55,191056.31,7.55
2019-01-03 00:00:00,7.48,7.60,7.44,7.46,169995.49,7.46
2019-01-04 00:00:00,7.38,7.68,7.26,7.67,244482.54,7.67
2019-01-07 00:00:00,7.69,7.94,7.63,7.85,296159.32,7.85
2019-01-08 00:00:00,7.80,7.88,7.70,7.74,205239.25,7.74
2019-01-09 00:00:00,7.75,8.05,7.72,7.85,353826.42,7.85
2019-01-10 00:00:00,7.82,7.92,7.77,7.80,223974.16,7.80
2019-01-11 00:00:00,7.81,7.88,7.70,7.80,229215.48,7.80
2019-01-14 00:00:00,7.77,7.77,7.50,7.59,238357.20,7.59
2019-01-15 00:00:00,7.60,7.77,7.53,7.76,205896.16,7.76
2019-01-16 00:00:00,7.77,7.93,7.75,7.78,259510.82,7.78
2019-01-17 00:00:00,7.73,7.73,7.57,7.58,195566.04,7.58
2019-01-18 00:00:00,7.60,7.69,7.49,7.66,167810.40,7.66
2019-01-21 00:00:00,7.65,7.78,7.61,7.74,172534.02,7.74
2019-01-22 00:00:00,7.74,7.84,7.67,7.73,175375.22,7.73
2019-01-23 00:00:00,7.71,7.75,7.53,7.64,119310.50,7.64
2019-01-24 00:00:00,7.62,8.35,7.56,7.97,516884.62,7.97
2019-01-25 00:00:00,7.86,8.07,7.82,7.84,315066.34,7.84
2019-01-28 00:00:00,7.86,7.92,7.66,7.67,213160.34,7.67
2019-01-29 00:00:00,7.63,7.65,7.01,7.29,248964.02,7.29
2019-01-30 00:00:00,7.18,7.43,7.18,7.19,129783.00,7.19
2019-01-31 00:00:00,7.15,7.34,7.04,7.13,164667.05,7.13
2019-02-01 00:00:00,7.20,7.38,7.16,7.37,141118.41,7.37
2019-02-11 00:00:00,7.37,7.65,7.37,7.63,181874.29,7.63
2019-02-12 00:00:00,7.62,7.83,7.57,7.72,225759.96,7.72
2019-02-13 00:00:00,7.73,8.05,7.70,8.00,375182.01,8.00
2019-02-14 00:00:00,7.99,7.99,7.85,7.98,250115.78,7.98
2019-02-15 00:00:00,7.98,8.08,7.90,7.99,265068.46,7.99
2019-02-18 00:00:00,8.05,8.69,8.03,8.47,487664.16,8.47
2019-02-19 00:00:00,8.60,8.70,8.31,8.57,511826.80,8.57
2019-02-20 00:00:00,8.51,8.53,8.32,8.50,341880.85,8.50
2019-02-21 00:00:00,8.49,8.98,8.40,8.60,606505.99,8.60
2019-02-22 00:00:00,8.56,8.88,8.52,8.87,456305.50,8.87
2019-02-25 00:00:00,9.10,9.42,8.92,9.28,627309.85,9.28
2019-02-26 00:00:00,9.26,9.28,8.93,9.03,581320.31,9.03
2019-02-27 00:00:00,8.98,9.10,8.72,8.84,429891.69,8.84
2019-02-28 00:00:00,7.99,8.48,7.99,8.27,749072.11,8.27
2019-03-01 00:00:00,8.21,8.57,8.20,8.52,528894.08,8.52
2019-03-04 00:00:00,8.61,8.86,8.49,8.54,577265.46,8.54
2019-03-05 00:00:00,8.65,9.39,8.59,9.39,988226.74,9.39
2019-03-06 00:00:00,9.58,9.58,9.08,9.36,893858.66,9.36
2019-03-07 00:00:00,9.45,10.09,9.19,9.69,912068.91,9.69
2019-03-08 00:00:00,9.62,10.66,9.43,10.37,1460448.80,10.37
2019-03-11 00:00:00,10.80,10.80,10.01,10.50,1273835.60,10.50
2019-03-12 00:00:00,10.53,11.19,10.20,11.07,1243492.60,11.07
2019-03-13 00:00:00,10.80,11.38,10.30,10.47,961374.37,10.47
2019-03-14 00:00:00,10.08,10.26,9.56,9.94,629315.50,9.94
2019-03-15 00:00:00,10.00,10.18,9.81,10.01,441207.21,10.01
2019-03-18 00:00:00,10.01,10.12,9.68,10.08,347355.08,10.08
2019-03-19 00:00:00,10.08,10.27,9.86,9.99,395987.40,9.99
2019-03-20 00:00:00,9.96,9.96,9.59,9.84,372707.43,9.84
2019-03-21 00:00:00,9.79,10.35,9.79,10.14,546704.43,10.14
2019-03-22 00:00:00,10.07,10.19,9.80,10.00,384953.59,10.00
2019-03-25 00:00:00,9.85,10.23,9.71,10.00,382299.54,10.00
2019-03-26 00:00:00,9.90,10.04,9.43,9.50,391662.38,9.50
2019-03-27 00:00:00,9.52,9.68,9.12,9.47,393917.13,9.47
2019-03-28 00:00:00,9.34,9.80,9.24,9.34,405055.84,9.34
2019-03-29 00:00:00,9.30,9.60,9.13,9.55,367661.88,9.55
2019-04-01 00:00:00,9.57,9.99,9.57,9.96,396237.03,9.96
2019-04-02 00:00:00,9.97,10.20,9.84,9.91,461667.11,9.91
2019-04-03 00:00:00,9.78,9.95,9.73,9.91,310357.63,9.91
2019-04-04 00:00:00,9.90,9.96,9.74,9.80,307934.21,9.80
2019-04-08 00:00:00,9.82,9.85,9.33,9.45,378033.29,9.45
2019-04-09 00:00:00,9.43,9.68,9.37,9.56,220495.63,9.56
2019-04-10 00:00:00,9.29,9.44,9.18,9.34,334525.79,9.34
2019-04-11 00:00:00,9.31,9.45,9.23,9.29,217601.22,9.29
2019-04-12 00:00:00,9.25,9.34,9.22,9.32,149750.06,9.32
2019-04-15 00:00:00,9.45,9.56,9.21,9.22,214803.50,9.22
2019-04-16 00:00:00,9.19,9.54,9.03,9.48,327433.62,9.48
2019-04-17 00:00:00,9.44,9.61,9.40,9.46,274311.57,9.46
2019-04-18 00:00:00,9.41,9.49,9.31,9.34,196160.27,9.34
2019-04-19 00:00:00,9.29,9.37,9.18,9.36,179767.35,9.36
2019-04-22 00:00:00,9.33,9.58,9.26,9.37,290629.94,9.37
2019-04-23 00:00:00,9.30,9.32,9.05,9.08,212627.10,9.08
2019-04-24 00:00:00,9.10,9.13,8.82,9.07,240563.92,9.07
2019-04-25 00:00:00,9.04,9.06,8.48,8.49,274109.48,8.49
2019-04-26 00:00:00,8.20,8.52,8.20,8.35,196606.00,8.35
2019-04-29 00:00:00,8.33,8.34,7.70,7.77,262298.09,7.77
2019-04-30 00:00:00,7.79,7.96,7.78,7.87,120301.05,7.87
2019-05-06 00:00:00,7.68,7.68,7.13,7.19,240656.84,7.19
2019-05-07 00:00:00,7.23,7.34,7.18,7.29,137966.45,7.29
2019-05-08 00:00:00,7.17,7.55,7.06,7.39,195875.81,7.39
2019-05-09 00:00:00,7.69,8.13,7.59,7.75,478819.35,7.75
2019-05-10 00:00:00,7.65,8.50,7.61,8.20,524949.37,8.20
2019-05-13 00:00:00,8.00,8.17,7.85,7.95,293065.15,7.95
2019-05-14 00:00:00,7.70,7.87,7.66,7.71,196256.02,7.71
2019-05-15 00:00:00,7.82,7.85,7.71,7.79,163054.32,7.79
2019-05-16 00:00:00,7.77,7.84,7.67,7.77,175116.04,7.77
2019-05-17 00:00:00,7.84,8.18,7.73,7.78,361935.85,7.78
2019-05-20 00:00:00,8.03,8.23,7.86,8.20,385151.29,8.20
2019-05-21 00:00:00,8.10,8.25,7.90,8.16,302512.38,8.16
2019-05-22 00:00:00,8.16,8.44,8.10,8.29,309363.42,8.29
2019-05-23 00:00:00,9.12,9.12,8.61,8.64,901116.89,8.64
2019-05-24 00:00:00,8.20,8.39,7.78,7.78,689140.00,7.78
2019-05-27 00:00:00,7.55,8.13,7.51,8.08,362250.79,8.08
2019-05-28 00:00:00,8.06,8.15,7.93,8.04,290511.00,8.04
2019-05-29 00:00:00,7.94,8.33,7.90,8.15,342782.28,8.15
2019-05-30 00:00:00,8.08,8.08,7.78,7.96,266327.04,7.96
2019-05-31 00:00:00,7.97,8.11,7.87,7.95,204666.00,7.95
2019-06-03 00:00:00,7.95,8.03,7.61,7.73,209322.33,7.73
2019-06-04 00:00:00,7.73,7.89,7.54,7.60,175921.34,7.60
2019-06-05 00:00:00,7.71,7.92,7.59,7.74,197668.54,7.74
2019-06-06 00:00:00,7.75,7.78,7.40,7.41,181864.09,7.41
2019-06-10 00:00:00,7.42,7.57,7.41,7.49,112049.22,7.49
2019-06-11 00:00:00,7.49,7.78,7.46,7.76,185714.98,7.76
2019-06-12 00:00:00,7.75,8.08,7.69,7.94,280996.69,7.94
2019-06-13 00:00:00,7.88,8.02,7.82,7.88,171651.56,7.88
2019-06-14 00:00:00,7.88,8.13,7.62,7.64,183983.24,7.64
2019-06-17 00:00:00,7.51,7.61,7.44,7.55,129556.88,7.55
2019-06-18 00:00:00,7.53,7.62,7.46,7.53,80500.00,7.53
2019-06-19 00:00:00,7.71,7.81,7.64,7.68,157277.25,7.68
2019-06-20 00:00:00,7.65,7.79,7.55,7.77,157066.24,7.77
2019-06-21 00:00:00,8.08,8.27,7.94,8.01,352221.14,8.01
2019-06-24 00:00:00,8.08,8.16,7.90,7.95,199899.27,7.95
2019-06-25 00:00:00,7.90,7.91,7.65,7.74,182471.00,7.74
2019-06-26 00:00:00,7.70,7.83,7.65,7.72,108322.74,7.72
2019-06-27 00:00:00,7.76,7.89,7.74,7.81,139534.05,7.81
2019-06-28 00:00:00,7.80,7.80,7.56,7.62,134569.25,7.62
2019-07-01 00:00:00,7.78,7.88,7.74,7.87,177261.04,7.87
2019-07-02 00:00:00,7.87,7.97,7.81,7.84,133657.88,7.84
2019-07-03 00:00:00,7.82,7.83,7.65,7.71,109342.00,7.71
2019-07-04 00:00:00,7.74,7.77,7.66,7.68,93543.90,7.68
2019-07-05 00:00:00,7.74,7.96,7.70,7.90,234891.60,7.90
2019-07-08 00:00:00,7.80,7.82,7.48,7.50,182758.93,7.50
2019-07-09 00:00:00,7.49,7.54,7.43,7.51,87131.00,7.51
2019-07-10 00:00:00,7.60,7.60,7.38,7.41,74552.14,7.41
2019-07-11 00:00:00,7.43,7.50,7.33,7.42,73854.00,7.42
2019-07-12 00:00:00,7.40,7.46,7.33,7.40,57707.50,7.40
2019-07-15 00:00:00,7.20,7.35,7.05,7.30,137517.57,7.30
2019-07-16 00:00:00,7.24,7.34,7.23,7.31,58280.02,7.31
2019-07-17 00:00:00,7.29,7.46,7.25,7.38,99379.77,7.38
2019-07-18 00:00:00,7.30,7.32,7.15,7.24,95793.44,7.24
2019-07-19 00:00:00,7.24,7.35,7.20,7.24,76071.20,7.24
2019-07-22 00:00:00,7.21,7.28,6.97,6.98,99647.00,6.98
2019-07-23 00:00:00,6.98,7.09,6.95,7.05,63512.02,7.05
2019-07-24 00:00:00,7.08,7.22,7.06,7.15,84452.00,7.15
2019-07-25 00:00:00,7.15,7.65,7.13,7.42,220986.28,7.42
2019-07-26 00:00:00,7.35,7.36,7.21,7.25,126573.81,7.25
2019-07-29 00:00:00,7.22,7.33,7.22,7.26,64421.08,7.26
2019-07-30 00:00:00,7.27,7.32,7.18,7.22,80546.02,7.22
2019-07-31 00:00:00,7.20,7.20,7.11,7.13,66365.47,7.13
2019-08-01 00:00:00,7.08,7.17,7.06,7.10,49818.00,7.10
2019-08-02 00:00:00,6.99,7.05,6.92,7.05,99343.20,7.05
2019-08-05 00:00:00,7.04,7.11,6.98,7.04,70353.22,7.04
2019-08-06 00:00:00,6.91,6.92,6.50,6.68,130607.73,6.68
2019-08-07 00:00:00,6.70,6.77,6.52,6.53,76877.00,6.53
2019-08-08 00:00:00,6.55,6.62,6.54,6.60,65152.41,6.60
2019-08-09 00:00:00,6.63,6.67,6.28,6.34,126584.52,6.34
2019-08-12 00:00:00,6.35,6.46,6.29,6.46,73213.50,6.46
2019-08-13 00:00:00,6.39,6.56,6.35,6.52,82242.33,6.52
2019-08-14 00:00:00,6.61,6.73,6.52,6.53,125857.72,6.53
2019-08-15 00:00:00,6.23,6.49,6.13,6.48,105591.03,6.48
2019-08-16 00:00:00,6.49,6.56,6.42,6.44,75100.70,6.44
2019-08-19 00:00:00,6.90,7.08,6.66,6.78,210352.91,6.78
2019-08-20 00:00:00,6.73,7.46,6.70,7.11,522580.83,7.11
2019-08-21 00:00:00,6.94,7.22,6.89,7.07,318779.79,7.07
2019-08-22 00:00:00,7.04,7.30,7.00,7.12,260911.72,7.12
2019-08-23 00:00:00,7.11,7.16,6.90,6.90,175096.82,6.90
2019-08-26 00:00:00,6.75,6.87,6.69,6.79,105916.22,6.79
2019-08-27 00:00:00,6.84,6.95,6.80,6.91,119341.97,6.91
2019-08-28 00:00:00,6.89,6.97,6.83,6.93,111256.15,6.93
2019-08-29 00:00:00,6.91,7.11,6.85,6.96,142976.00,6.96
2019-08-30 00:00:00,6.73,6.88,6.26,6.29,512252.20,6.29
2019-09-02 00:00:00,6.07,6.43,6.07,6.37,241233.41,6.37
2019-09-03 00:00:00,6.36,6.80,6.31,6.61,319555.26,6.61
2019-09-04 00:00:00,6.58,6.84,6.55,6.66,264473.59,6.66
2019-09-05 00:00:00,6.66,7.33,6.66,7.04,872346.10,7.04
2019-09-06 00:00:00,6.92,7.06,6.71,6.79,576929.14,6.79
2019-09-09 00:00:00,6.86,7.20,6.80,7.10,485188.70,7.10
2019-09-10 00:00:00,7.23,7.35,7.01,7.18,389810.25,7.18
2019-09-11 00:00:00,7.15,7.16,6.93,6.93,282656.43,6.93
2019-09-12 00:00:00,6.97,7.12,6.91,7.03,241439.14,7.03
2019-09-16 00:00:00,7.01,7.29,6.94,7.25,390547.21,7.25
2019-09-17 00:00:00,7.19,7.20,6.87,6.92,304853.03,6.92
2019-09-18 00:00:00,6.91,7.02,6.83,6.90,201922.09,6.90
2019-09-19 00:00:00,6.90,7.02,6.81,6.99,178489.33,6.99
2019-09-20 00:00:00,6.95,7.05,6.82,6.93,229168.19,6.93
2019-09-23 00:00:00,6.84,7.05,6.55,7.03,283350.08,7.03
2019-09-24 00:00:00,6.95,7.02,6.91,6.92,193169.78,6.92
2019-09-25 00:00:00,6.90,6.90,6.51,6.54,248974.48,6.54
2019-09-26 00:00:00,6.60,6.65,6.26,6.28,173010.71,6.28
2019-09-27 00:00:00,6.30,6.42,6.28,6.34,102271.71,6.34
2019-09-30 00:00:00,6.29,6.38,6.11,6.16,122652.79,6.16
2019-10-08 00:00:00,6.19,6.22,6.12,6.13,77494.00,6.13
2019-10-09 00:00:00,6.10,6.24,5.98,6.23,95708.68,6.23
2019-10-10 00:00:00,6.38,6.43,6.29,6.32,121086.57,6.32
2019-10-11 00:00:00,6.25,6.37,6.25,6.32,91276.02,6.32
2019-10-14 00:00:00,6.27,6.37,6.20,6.28,170127.66,6.28
2019-10-15 00:00:00,6.28,6.28,6.12,6.15,112144.60,6.15
2019-10-16 00:00:00,6.30,6.50,6.25,6.26,167686.54,6.26
2019-10-17 00:00:00,6.15,6.25,6.13,6.17,98542.31,6.17
2019-10-18 00:00:00,6.19,6.23,6.11,6.21,92215.40,6.21
2019-10-21 00:00:00,6.31,6.40,6.20,6.27,143706.89,6.27
2019-10-22 00:00:00,6.21,6.36,6.17,6.32,95098.08,6.32
2019-10-23 00:00:00,6.29,6.31,6.15,6.16,113950.06,6.16
2019-10-24 00:00:00,6.15,6.23,6.07,6.19,100895.48,6.19
2019-10-25 00:00:00,6.24,6.39,6.22,6.30,163154.29,6.30
2019-10-28 00:00:00,6.65,6.77,6.40,6.55,363919.64,6.55
2019-10-29 00:00:00,6.63,6.99,6.53,6.55,409994.50,6.55
2019-10-30 00:00:00,6.44,7.21,6.40,6.88,737430.43,6.88
2019-10-31 00:00:00,6.70,6.81,6.55,6.55,402493.72,6.55
2019-11-01 00:00:00,6.47,6.94,6.47,6.83,324515.22,6.83
2019-11-04 00:00:00,6.77,6.92,6.67,6.70,311363.12,6.70
2019-11-05 00:00:00,6.85,7.19,6.78,6.81,335639.04,6.81
2019-11-06 00:00:00,6.80,6.81,6.60,6.64,230268.97,6.64
2019-11-07 00:00:00,6.69,6.83,6.62,6.65,213382.09,6.65
2019-11-08 00:00:00,6.72,6.77,6.47,6.49,216076.20,6.49
2019-11-11 00:00:00,6.38,6.38,6.11,6.11,256019.75,6.11
2019-11-12 00:00:00,6.10,6.17,6.01,6.14,126322.50,6.14
2019-11-13 00:00:00,6.10,6.13,6.02,6.04,106372.20,6.04
2019-11-14 00:00:00,6.03,6.14,6.01,6.09,96954.00,6.09
2019-11-15 00:00:00,6.06,6.09,5.83,5.83,180315.44,5.83
2019-11-18 00:00:00,5.80,5.85,5.76,5.78,112052.42,5.78
2019-11-19 00:00:00,5.78,5.94,5.76,5.93,110955.73,5.93
2019-11-20 00:00:00,6.13,6.33,6.07,6.14,258687.09,6.14
2019-11-21 00:00:00,6.06,6.16,6.04,6.09,130570.21,6.09
2019-11-22 00:00:00,6.08,6.17,5.99,6.03,113471.85,6.03
2019-11-25 00:00:00,5.98,6.02,5.83,5.89,116132.27,5.89
2019-11-26 00:00:00,5.86,5.92,5.81,5.90,87431.10,5.90
2019-11-27 00:00:00,5.87,6.19,5.82,6.01,179297.12,6.01
2019-11-28 00:00:00,5.95,6.04,5.90,5.94,102492.81,5.94
2019-11-29 00:00:00,5.95,6.12,5.92,6.00,102832.06,6.00
2019-12-02 00:00:00,5.97,6.05,5.91,5.92,88440.00,5.92
2019-12-03 00:00:00,5.93,6.15,5.93,6.04,126603.89,6.04
2019-12-04 00:00:00,6.00,6.08,5.98,6.06,97727.00,6.06
2019-12-05 00:00:00,6.08,6.13,6.02,6.11,134261.00,6.11
2019-12-06 00:00:00,6.11,6.11,6.01,6.07,128561.00,6.07
2019-12-09 00:00:00,6.03,6.11,6.01,6.04,121461.00,6.04
2019-12-10 00:00:00,6.02,6.28,5.86,6.15,336687.52,6.15
2019-12-11 00:00:00,6.09,6.12,6.00,6.01,168734.94,6.01
2019-12-12 00:00:00,5.97,6.41,5.97,6.22,395014.74,6.22
2019-12-13 00:00:00,6.20,6.27,6.11,6.25,263864.11,6.25
2019-12-16 00:00:00,6.25,6.32,6.18,6.28,230397.43,6.28
2019-12-17 00:00:00,6.28,6.37,6.23,6.33,240503.31,6.33
2019-12-18 00:00:00,6.33,6.65,6.26,6.52,359467.62,6.52
2019-12-19 00:00:00,6.68,6.68,6.43,6.48,278024.01,6.48
2019-12-20 00:00:00,6.45,6.54,6.28,6.30,219290.02,6.30
2019-12-23 00:00:00,6.26,6.26,6.08,6.11,139040.42,6.11
2019-12-24 00:00:00,6.12,6.26,6.10,6.21,98460.61,6.21
2019-12-25 00:00:00,6.16,6.36,6.16,6.33,168734.65,6.33
2019-12-26 00:00:00,6.30,6.31,6.20,6.28,138877.29,6.28
2019-12-27 00:00:00,6.28,6.41,6.17,6.18,185967.05,6.18
2019-12-30 00:00:00,6.06,6.06,5.85,5.94,228102.12,5.94
2019-12-31 00:00:00,5.94,6.01,5.94,6.01,121274.12,6.01
2020-01-02 00:00:00,6.04,6.21,6.03,6.20,167740.01,6.20
2020-01-03 00:00:00,6.20,6.37,6.16,6.28,201077.49,6.28
2020-01-06 00:00:00,6.20,6.47,6.19,6.44,252799.37,6.44
2020-01-07 00:00:00,6.42,6.57,6.39,6.53,202561.36,6.53
2020-01-08 00:00:00,6.47,6.60,6.41,6.45,216306.48,6.45
2020-01-09 00:00:00,6.50,6.65,6.47,6.53,171996.00,6.53
2020-01-10 00:00:00,6.54,7.07,6.50,6.66,435068.98,6.66
2020-01-13 00:00:00,6.66,6.92,6.65,6.80,297641.20,6.80
2020-01-14 00:00:00,6.77,6.82,6.66,6.74,190861.02,6.74
2020-01-15 00:00:00,6.71,6.95,6.60,6.84,287776.31,6.84
2020-01-16 00:00:00,6.87,6.87,6.65,6.66,206613.00,6.66
2020-01-17 00:00:00,6.63,7.14,6.61,7.01,445842.01,7.01
2020-01-20 00:00:00,7.00,7.33,7.00,7.14,347956.62,7.14
2020-01-21 00:00:00,7.05,7.41,7.05,7.22,283396.92,7.22
2020-01-22 00:00:00,7.20,7.45,7.08,7.42,316083.00,7.42
2020-01-23 00:00:00,7.98,8.10,7.00,7.56,643728.97,7.56
2020-02-03 00:00:00,6.80,6.80,6.80,6.80,22070.00,6.80
2020-02-04 00:00:00,6.21,6.92,6.21,6.63,408701.38,6.63
2020-02-05 00:00:00,6.63,6.98,6.63,6.77,339491.92,6.77
2020-02-06 00:00:00,6.73,7.35,6.68,7.21,435179.48,7.21
2020-02-07 00:00:00,7.13,7.44,7.07,7.37,436732.46,7.37
2020-02-10 00:00:00,7.32,7.59,7.18,7.46,362187.12,7.46
2020-02-11 00:00:00,7.44,7.44,7.24,7.25,281887.22,7.25
2020-02-12 00:00:00,7.26,7.55,7.23,7.47,352520.11,7.47
2020-02-13 00:00:00,7.45,8.22,7.44,7.88,799375.18,7.88
2020-02-14 00:00:00,7.77,8.33,7.66,8.05,687619.78,8.05
2020-02-17 00:00:00,8.09,8.22,7.93,8.18,528960.66,8.18
2020-02-18 00:00:00,8.12,8.55,8.00,8.48,610070.84,8.48
2020-02-19 00:00:00,8.37,9.08,8.25,8.54,683507.18,8.54
2020-02-20 00:00:00,8.55,8.97,8.43,8.79,581122.60,8.79
2020-02-21 00:00:00,8.71,8.86,8.50,8.63,611065.59,8.63
2020-02-24 00:00:00,8.58,8.95,8.38,8.82,563198.68,8.82
2020-02-25 00:00:00,8.51,8.68,8.13,8.54,596627.74,8.54
2020-02-26 00:00:00,8.88,9.39,8.51,8.59,798639.35,8.59
2020-02-27 00:00:00,8.66,8.66,8.13,8.23,478603.39,8.23
2020-02-28 00:00:00,7.70,7.90,7.55,7.55,446567.04,7.55
2020-03-02 00:00:00,7.67,7.98,7.61,7.89,334901.72,7.89
2020-03-03 00:00:00,8.08,8.27,7.88,7.93,386219.30,7.93
2020-03-04 00:00:00,7.85,8.27,7.80,8.23,351644.49,8.23
2020-03-05 00:00:00,8.39,8.42,8.11,8.21,343353.18,8.21
2020-03-06 00:00:00,8.02,8.13,8.02,8.05,232030.06,8.05
2020-03-09 00:00:00,7.88,7.97,7.58,7.62,265443.18,7.62
2020-03-10 00:00:00,7.48,8.09,7.47,8.08,341363.20,8.08
2020-03-11 00:00:00,8.08,8.18,7.82,7.82,283587.02,7.82
2020-03-12 00:00:00,7.70,8.38,7.61,8.17,462664.12,8.17
2020-03-13 00:00:00,7.70,8.35,7.60,8.23,503671.93,8.23
2020-03-16 00:00:00,8.25,8.31,7.54,7.60,428463.12,7.60
2020-03-17 00:00:00,7.72,7.80,7.29,7.62,250489.00,7.62
2020-03-18 00:00:00,7.69,7.82,7.18,7.20,327686.00,7.20
2020-03-19 00:00:00,7.13,7.35,7.05,7.34,268934.62,7.34
2020-03-20 00:00:00,7.38,7.42,7.06,7.18,255782.38,7.18
2020-03-23 00:00:00,6.89,6.99,6.62,6.68,221751.44,6.68
2020-03-24 00:00:00,6.84,6.87,6.57,6.80,185371.00,6.80
2020-03-25 00:00:00,6.96,7.02,6.86,6.92,176105.89,6.92
2020-03-26 00:00:00,6.85,6.94,6.71,6.72,158439.00,6.72
2020-03-27 00:00:00,6.79,6.82,6.59,6.59,142201.14,6.59
2020-03-30 00:00:00,6.46,6.46,6.13,6.26,185295.78,6.26
2020-03-31 00:00:00,6.34,6.46,6.23,6.27,146605.02,6.27
2020-04-01 00:00:00,6.22,6.47,6.16,6.29,145570.01,6.29
2020-04-02 00:00:00,6.24,6.55,6.24,6.54,171496.00,6.54
2020-04-03 00:00:00,6.45,6.51,6.35,6.44,149504.73,6.44
2020-04-07 00:00:00,6.56,6.80,6.55,6.80,244013.68,6.80
2020-04-08 00:00:00,6.76,7.25,6.76,6.98,342270.42,6.98
2020-04-09 00:00:00,6.94,7.09,6.91,6.95,217456.13,6.95
2020-04-10 00:00:00,6.87,6.91,6.54,6.58,223464.00,6.58
2020-04-13 00:00:00,6.58,6.59,6.37,6.39,120096.00,6.39
2020-04-14 00:00:00,6.45,6.58,6.42,6.57,112557.42,6.57
2020-04-15 00:00:00,6.58,6.72,6.50,6.51,138860.77,6.51
2020-04-16 00:00:00,6.47,6.91,6.42,6.85,285232.20,6.85
2020-04-17 00:00:00,6.84,7.27,6.84,6.89,366084.42,6.89
2020-04-20 00:00:00,6.82,7.22,6.77,7.12,356506.17,7.12
2020-04-21 00:00:00,7.07,7.22,7.00,7.14,300491.08,7.14
2020-04-22 00:00:00,7.06,7.44,7.03,7.32,342723.90,7.32
2020-04-23 00:00:00,7.29,7.29,7.04,7.07,288702.09,7.07
2020-04-24 00:00:00,7.28,7.46,7.06,7.12,332594.27,7.12
2020-04-27 00:00:00,7.10,7.49,7.01,7.41,353467.13,7.41
2020-04-28 00:00:00,7.38,7.58,6.75,7.17,331741.70,7.17
2020-04-29 00:00:00,7.08,7.24,6.93,6.99,211530.61,6.99
2020-04-30 00:00:00,7.09,7.46,7.00,7.38,306133.35,7.38
2020-05-06 00:00:00,7.28,7.67,7.26,7.61,291324.57,7.61
2020-05-07 00:00:00,7.60,7.72,6.90,7.04,620288.52,7.04
2020-05-08 00:00:00,7.10,7.74,7.10,7.74,584272.95,7.74
2020-05-11 00:00:00,7.83,8.10,7.69,7.79,872658.17,7.79
2020-05-12 00:00:00,7.72,7.82,7.48,7.79,438651.12,7.79
2020-05-13 00:00:00,7.65,7.88,7.55,7.67,362927.47,7.67
2020-05-14 00:00:00,7.55,8.14,7.53,7.95,576273.69,7.95
2020-05-15 00:00:00,8.00,8.24,7.86,7.91,493246.53,7.91
2020-05-18 00:00:00,7.95,8.70,7.75,8.57,966502.26,8.57
2020-05-19 00:00:00,8.44,8.67,8.25,8.58,751879.34,8.58
2020-05-20 00:00:00,8.44,8.51,8.13,8.18,556398.95,8.18
2020-05-21 00:00:00,8.19,8.27,7.95,8.04,350263.98,8.04
2020-05-22 00:00:00,7.98,8.04,7.66,7.79,319907.00,7.79
2020-05-25 00:00:00,7.77,7.86,7.43,7.57,255432.98,7.57
2020-05-26 00:00:00,7.62,7.80,7.58,7.78,232052.94,7.78
2020-05-27 00:00:00,7.75,7.75,7.48,7.51,241432.96,7.51
2020-05-28 00:00:00,7.50,7.64,7.34,7.52,211570.16,7.52
2020-05-29 00:00:00,7.43,7.64,7.40,7.47,174328.00,7.47
2020-06-01 00:00:00,7.53,7.77,7.53,7.74,241791.76,7.74
2020-06-02 00:00:00,7.77,7.86,7.71,7.79,231183.02,7.79
2020-06-03 00:00:00,7.81,7.99,7.70,7.83,271020.16,7.83
2020-06-04 00:00:00,7.84,7.87,7.68,7.68,178219.08,7.68
2020-06-05 00:00:00,7.68,7.79,7.63,7.71,149272.00,7.71
2020-06-08 00:00:00,7.74,7.75,7.35,7.41,295650.04,7.41
2020-06-09 00:00:00,7.41,7.47,7.32,7.44,129763.02,7.44
2020-06-10 00:00:00,7.45,7.45,7.13,7.20,181441.00,7.20
2020-06-11 00:00:00,7.20,7.30,7.12,7.21,136216.00,7.21
2020-06-12 00:00:00,7.05,7.42,7.01,7.41,193728.00,7.41
2020-06-15 00:00:00,7.26,7.32,7.14,7.16,190345.05,7.16
2020-06-16 00:00:00,7.22,7.29,7.18,7.25,123073.00,7.25
2020-06-17 00:00:00,7.25,7.26,7.13,7.24,122627.39,7.24
2020-06-18 00:00:00,7.21,7.30,7.19,7.26,133425.56,7.26
2020-06-19 00:00:00,7.26,7.36,7.23,7.34,150177.03,7.34
2020-06-22 00:00:00,7.35,7.46,7.31,7.39,170367.10,7.39
2020-06-23 00:00:00,7.36,7.40,7.21,7.21,130220.34,7.21
2020-06-24 00:00:00,7.23,7.32,7.15,7.27,125677.09,7.27
2020-06-29 00:00:00,7.25,7.25,7.09,7.15,108394.34,7.15
2020-06-30 00:00:00,7.18,7.32,7.17,7.29,134787.55,7.29
2020-07-01 00:00:00,7.33,7.46,7.24,7.36,169402.18,7.36
2020-07-02 00:00:00,7.37,7.55,7.30,7.51,234962.19,7.51
2020-07-03 00:00:00,7.50,7.65,7.41,7.60,245974.86,7.60
2020-07-06 00:00:00,7.65,7.97,7.65,7.91,334113.44,7.91
2020-07-07 00:00:00,8.03,8.21,7.94,8.02,431233.52,8.02
2020-07-08 00:00:00,7.96,8.43,7.94,8.36,413254.07,8.36
2020-07-09 00:00:00,8.28,8.51,8.23,8.39,434378.96,8.39
2020-07-10 00:00:00,8.37,8.65,8.24,8.28,357854.79,8.28
2020-07-13 00:00:00,8.34,8.55,8.30,8.50,347577.92,8.50
2020-07-14 00:00:00,8.49,8.58,8.21,8.37,321828.14,8.37
2020-07-15 00:00:00,8.43,8.48,7.98,8.03,310548.16,8.03
2020-07-16 00:00:00,8.08,8.19,7.52,7.58,288556.69,7.58
2020-07-17 00:00:00,7.61,7.69,7.33,7.48,195591.72,7.48
2020-07-20 00:00:00,7.55,7.75,7.45,7.75,183124.24,7.75
2020-07-21 00:00:00,7.80,7.95,7.67,7.80,207805.06,7.80
2020-07-22 00:00:00,7.79,8.02,7.60,7.86,255532.12,7.86
2020-07-23 00:00:00,7.76,7.84,7.50,7.71,208464.30,7.71
2020-07-24 00:00:00,7.70,7.94,7.35,7.45,268862.17,7.45
2020-07-27 00:00:00,7.52,7.68,7.32,7.51,159343.08,7.51
2020-07-28 00:00:00,7.54,7.79,7.47,7.69,220991.32,7.69
2020-07-29 00:00:00,7.61,7.88,7.55,7.85,253728.98,7.85
2020-07-30 00:00:00,7.86,7.86,7.67,7.67,211207.30,7.67
2020-07-31 00:00:00,7.66,8.28,7.64,8.17,453671.18,8.17
2020-08-03 00:00:00,8.18,8.42,8.12,8.32,422377.40,8.32
2020-08-04 00:00:00,8.32,8.55,8.17,8.20,373762.28,8.20
2020-08-05 00:00:00,9.02,9.02,8.90,9.02,322593.93,9.02
2020-08-06 00:00:00,9.80,9.92,9.50,9.92,367625.45,9.92
2020-08-07 00:00:00,10.50,10.91,9.54,9.65,1583651.82,9.65
2020-08-10 00:00:00,9.10,9.34,8.87,9.01,814420.64,9.01
2020-08-11 00:00:00,8.95,9.15,8.66,8.66,491571.27,8.66
2020-08-12 00:00:00,8.59,8.97,8.55,8.94,442089.32,8.94
2020-08-13 00:00:00,8.98,8.98,8.69,8.75,306326.12,8.75
2020-08-14 00:00:00,8.64,9.59,8.61,9.48,626053.30,9.48
2020-08-17 00:00:00,9.92,10.36,9.74,9.96,803070.62,9.96
2020-08-18 00:00:00,9.97,10.28,9.77,9.81,642156.36,9.81
2020-08-19 00:00:00,9.73,10.50,9.57,9.97,682636.86,9.97
2020-08-20 00:00:00,9.97,10.86,9.81,10.40,770506.02,10.40
2020-08-21 00:00:00,10.30,10.34,9.80,9.80,587195.07,9.80
2020-08-24 00:00:00,9.81,11.14,9.80,10.57,779373.38,10.57
2020-08-25 00:00:00,10.45,11.43,10.35,11.31,1041603.53,11.31
2020-08-26 00:00:00,11.02,11.26,10.55,10.71,733228.39,10.71
2020-08-27 00:00:00,10.60,10.60,9.98,10.30,558163.79,10.30
2020-08-28 00:00:00,10.00,10.35,9.80,10.05,509804.23,10.05
2020-08-31 00:00:00,10.18,10.88,10.16,10.31,586218.73,10.31
2020-09-01 00:00:00,10.17,10.43,9.93,10.13,446301.95,10.13
2020-09-02 00:00:00,10.15,10.77,9.98,10.63,646883.59,10.63
2020-09-03 00:00:00,10.49,10.51,10.10,10.15,427593.66,10.15
2020-09-04 00:00:00,9.90,10.60,9.79,10.43,500120.24,10.43
2020-09-07 00:00:00,10.51,11.15,10.51,10.65,739915.39,10.65
2020-09-08 00:00:00,10.51,10.97,10.32,10.96,617863.99,10.96
2020-09-09 00:00:00,10.72,11.36,10.15,10.54,860376.34,10.54
2020-09-10 00:00:00,10.45,10.60,8.80,8.95,741630.06,8.95
2020-09-11 00:00:00,8.80,9.34,8.72,9.24,329852.86,9.24
2020-09-14 00:00:00,9.08,9.73,9.05,9.60,369389.13,9.60
2020-09-15 00:00:00,9.70,10.13,9.46,9.74,399211.89,9.74
2020-09-16 00:00:00,9.63,9.98,9.50,9.60,298518.65,9.60
2020-09-17 00:00:00,9.56,9.59,9.23,9.42,278595.24,9.42
2020-09-18 00:00:00,9.46,9.55,9.18,9.47,274613.00,9.47
2020-09-21 00:00:00,9.54,9.84,9.38,9.39,281567.37,9.39
2020-09-22 00:00:00,9.23,9.55,9.21,9.32,218700.04,9.32
2020-09-23 00:00:00,9.38,9.44,9.09,9.35,222184.39,9.35
2020-09-24 00:00:00,9.20,9.27,8.88,8.90,258798.00,8.90
2020-09-25 00:00:00,8.98,9.03,8.68,8.77,152180.37,8.77
2020-09-28 00:00:00,8.77,8.84,8.46,8.48,152475.34,8.48
2020-09-29 00:00:00,8.60,8.73,8.51,8.59,138620.00,8.59
2020-09-30 00:00:00,8.66,8.67,8.41,8.47,115751.00,8.47
2020-10-09 00:00:00,8.67,8.91,8.65,8.87,168231.02,8.87
2020-10-12 00:00:00,9.44,10.48,9.44,10.18,671001.88,10.18
2020-10-13 00:00:00,9.98,10.36,9.91,10.23,558966.88,10.23
2020-10-14 00:00:00,10.24,10.42,10.11,10.22,426821.02,10.22
2020-10-15 00:00:00,10.20,10.39,9.95,9.99,297578.00,9.99
2020-10-16 00:00:00,10.11,10.17,9.80,9.87,247287.94,9.87
2020-10-19 00:00:00,10.71,10.90,9.89,9.99,569507.94,9.99
2020-10-20 00:00:00,9.68,10.64,9.62,10.44,726897.29,10.44
2020-10-21 00:00:00,10.36,10.59,10.00,10.20,407313.74,10.20
2020-10-22 00:00:00,10.26,10.90,10.07,10.53,642389.10,10.53
2020-10-23 00:00:00,10.46,10.70,10.10,10.16,445693.02,10.16
2020-10-26 00:00:00,10.13,10.66,10.04,10.25,464744.06,10.25
2020-10-27 00:00:00,10.08,10.33,9.80,9.87,381180.00,9.87
2020-10-28 00:00:00,9.85,9.91,9.41,9.69,298178.02,9.69
2020-10-29 00:00:00,9.49,9.75,9.38,9.60,280083.22,9.60
2020-10-30 00:00:00,9.78,9.78,9.01,9.01,349576.42,9.01
2020-11-02 00:00:00,9.10,9.44,9.00,9.22,263553.22,9.22
2020-11-03 00:00:00,9.41,9.53,9.23,9.40,259464.22,9.40
2020-11-04 00:00:00,9.47,9.56,9.32,9.44,235476.26,9.44
2020-11-05 00:00:00,9.57,9.59,9.25,9.47,275188.63,9.47
2020-11-06 00:00:00,9.47,9.53,9.28,9.36,213984.59,9.36
2020-11-09 00:00:00,9.51,10.13,9.43,10.01,532585.10,10.01
2020-11-10 00:00:00,10.09,10.26,9.85,10.00,429785.00,10.00
2020-11-11 00:00:00,9.88,10.05,9.63,9.65,257008.04,9.65
2020-11-12 00:00:00,9.73,9.85,9.32,9.46,225800.00,9.46
2020-11-13 00:00:00,9.35,9.47,9.26,9.36,156490.00,9.36
2020-11-16 00:00:00,9.41,9.44,9.05,9.20,164948.22,9.20
2020-11-17 00:00:00,9.20,9.24,8.89,9.09,200361.15,9.09
2020-11-18 00:00:00,9.07,9.20,9.03,9.13,118530.38,9.13
2020-11-19 00:00:00,9.10,9.37,9.00,9.33,181832.41,9.33
2020-11-20 00:00:00,9.30,9.33,9.11,9.20,122097.00,9.20
2020-11-23 00:00:00,9.32,9.55,9.31,9.43,205608.56,9.43
2020-11-24 00:00:00,9.46,9.54,9.33,9.42,158393.38,9.42
2020-11-25 00:00:00,9.39,9.46,9.18,9.18,166281.00,9.18
2020-11-26 00:00:00,9.19,9.27,8.98,8.99,145948.70,8.99
2020-11-27 00:00:00,9.02,9.07,8.86,9.01,120272.70,9.01
2020-11-30 00:00:00,9.06,9.15,8.92,9.02,117794.00,9.02
2020-12-01 00:00:00,9.06,9.25,9.06,9.15,143231.00,9.15
2020-12-02 00:00:00,9.15,9.27,9.12,9.18,148259.00,9.18
2020-12-03 00:00:00,9.16,9.45,9.15,9.42,233991.20,9.42
2020-12-04 00:00:00,9.33,9.58,9.20,9.23,177285.00,9.23
2020-12-07 00:00:00,9.52,9.52,9.22,9.25,158524.72,9.25
2020-12-08 00:00:00,9.13,9.28,9.06,9.10,125806.97,9.10
2020-12-09 00:00:00,9.14,9.15,8.79,8.79,176692.40,8.79
2020-12-10 00:00:00,8.78,8.88,8.63,8.74,116338.43,8.74
2020-12-11 00:00:00,8.73,8.79,8.41,8.54,137094.20,8.54
2020-12-14 00:00:00,8.57,8.74,8.48,8.67,80950.00,8.67
2020-12-15 00:00:00,8.68,8.73,8.54,8.62,75634.40,8.62
2020-12-16 00:00:00,8.59,8.64,8.14,8.18,178055.00,8.18
2020-12-17 00:00:00,8.18,8.32,7.87,8.27,181533.58,8.27
2020-12-18 00:00:00,8.38,8.57,8.20,8.20,141512.00,8.20
2020-12-21 00:00:00,8.10,8.44,8.01,8.34,120898.00,8.34
2020-12-22 00:00:00,8.26,8.29,7.96,8.02,142535.17,8.02
2020-12-23 00:00:00,8.06,8.16,7.99,8.01,107984.07,8.01
2020-12-24 00:00:00,7.96,8.05,7.62,7.68,168970.91,7.68
2020-12-25 00:00:00,7.71,7.85,7.65,7.77,87132.00,7.77
2020-12-28 00:00:00,7.85,7.91,7.59,7.74,117262.49,7.74
2020-12-29 00:00:00,7.73,8.08,7.68,7.96,174641.00,7.96
2020-12-30 00:00:00,7.91,8.05,7.85,7.96,109200.52,7.96
2020-12-31 00:00:00,7.96,8.32,7.96,8.19,165614.00,8.19
2021-01-04 00:00:00,8.19,8.29,8.09,8.18,138495.20,8.18
2021-01-05 00:00:00,8.27,8.35,8.10,8.26,171247.60,8.26
2021-01-06 00:00:00,8.32,8.37,8.00,8.02,160766.40,8.02
2021-01-07 00:00:00,7.98,8.01,7.55,7.67,165819.96,7.67
2021-01-08 00:00:00,7.73,7.98,7.46,7.84,155335.02,7.84
2021-01-11 00:00:00,7.95,8.00,7.64,7.71,120678.81,7.71
2021-01-12 00:00:00,7.65,7.83,7.46,7.61,156046.00,7.61
2021-01-13 00:00:00,7.61,7.62,7.08,7.24,189001.20,7.24
2021-01-14 00:00:00,7.16,7.47,7.14,7.28,119610.85,7.28
2021-01-15 00:00:00,7.21,7.43,7.21,7.35,94200.45,7.35
2021-01-18 00:00:00,7.33,7.63,7.28,7.59,134507.50,7.59
2021-01-19 00:00:00,7.55,7.76,7.55,7.62,131517.40,7.62
2021-01-20 00:00:00,7.65,7.74,7.60,7.66,113086.58,7.66
2021-01-21 00:00:00,7.71,7.78,7.55,7.67,124765.96,7.67
2021-01-22 00:00:00,7.66,7.70,7.47,7.53,104903.02,7.53
2021-01-25 00:00:00,7.46,7.62,7.33,7.39,101842.00,7.39
2021-01-26 00:00:00,7.40,7.62,7.26,7.30,98485.24,7.30
2021-01-27 00:00:00,7.27,7.45,7.15,7.43,108977.00,7.43
2021-01-28 00:00:00,7.33,7.56,7.29,7.35,104554.00,7.35
2021-01-29 00:00:00,7.30,7.30,6.36,6.69,347509.58,6.69
2021-02-01 00:00:00,6.65,6.81,6.42,6.47,163963.41,6.47
2021-02-02 00:00:00,6.52,6.54,6.31,6.44,114963.76,6.44
2021-02-03 00:00:00,6.42,6.47,6.20,6.26,113439.98,6.26
2021-02-04 00:00:00,6.23,6.25,5.97,6.22,137851.04,6.22
2021-02-05 00:00:00,6.18,6.33,6.01,6.02,107339.00,6.02
2021-02-08 00:00:00,6.05,6.14,5.97,5.99,81770.20,5.99
2021-02-09 00:00:00,5.98,6.15,5.98,6.14,75745.05,6.14
2021-02-10 00:00:00,6.11,6.24,6.06,6.15,81603.58,6.15
2021-02-18 00:00:00,6.32,6.65,6.30,6.48,187818.00,6.48
2021-02-19 00:00:00,6.46,6.72,6.45,6.69,154598.12,6.69
2021-02-22 00:00:00,6.71,7.04,6.71,6.82,186929.62,6.82
2021-02-23 00:00:00,6.77,6.88,6.61,6.64,123037.00,6.64
2021-02-24 00:00:00,6.63,6.88,6.63,6.74,143254.04,6.74
2021-02-25 00:00:00,6.77,6.84,6.61,6.64,102575.00,6.64
2021-02-26 00:00:00,6.53,7.17,6.52,7.01,276779.64,7.01
2021-03-01 00:00:00,7.03,7.19,6.96,7.10,167402.46,7.10
2021-03-02 00:00:00,7.13,7.16,6.94,7.03,116988.00,7.03
2021-03-03 00:00:00,7.00,7.11,6.96,7.03,115025.08,7.03
2021-03-04 00:00:00,7.00,7.08,6.92,6.92,111379.04,6.92
2021-03-05 00:00:00,6.92,7.00,6.86,6.88,145470.82,6.88
2021-03-08 00:00:00,6.97,7.08,6.72,6.73,156174.32,6.73
2021-03-09 00:00:00,6.76,6.79,6.42,6.50,151379.80,6.50
2021-03-10 00:00:00,6.55,6.61,6.31,6.34,105504.20,6.34
2021-03-11 00:00:00,6.31,6.59,6.28,6.54,117801.02,6.54
2021-03-12 00:00:00,6.51,6.56,6.44,6.49,77940.00,6.49
2021-03-15 00:00:00,6.55,6.55,6.38,6.43,76072.00,6.43
2021-03-16 00:00:00,6.46,6.58,6.45,6.58,83358.24,6.58
2021-03-17 00:00:00,6.57,6.70,6.51,6.61,104153.06,6.61
2021-03-18 00:00:00,6.59,6.65,6.46,6.50,93274.59,6.50
2021-03-19 00:00:00,6.50,6.56,6.44,6.52,73646.00,6.52
2021-03-22 00:00:00,6.51,6.60,6.47,6.57,75129.30,6.57
2021-03-23 00:00:00,6.60,6.91,6.57,6.78,255837.07,6.78
2021-03-24 00:00:00,6.69,6.83,6.62,6.75,164499.20,6.75
2021-03-25 00:00:00,6.82,7.33,6.68,7.03,349084.30,7.03
2021-03-26 00:00:00,6.99,7.06,6.85,6.94,207195.41,6.94
2021-03-29 00:00:00,7.04,8.06,7.01,7.54,507838.66,7.54
2021-03-30 00:00:00,7.41,8.04,7.41,7.58,451906.26,7.58
2021-03-31 00:00:00,7.51,7.95,7.38,7.43,347821.95,7.43
2021-04-01 00:00:00,7.57,7.64,7.29,7.35,252148.33,7.35
2021-04-02 00:00:00,7.45,7.86,7.45,7.66,349508.90,7.66
2021-04-06 00:00:00,7.63,7.72,7.46,7.57,237821.71,7.57
2021-04-07 00:00:00,7.46,7.50,7.33,7.40,220401.02,7.40
2021-04-08 00:00:00,7.38,7.44,7.11,7.13,236037.00,7.13
2021-04-09 00:00:00,7.13,7.24,7.08,7.14,137507.92,7.14
2021-04-12 00:00:00,7.11,7.33,7.11,7.19,193534.11,7.19
2021-04-13 00:00:00,7.13,7.54,7.07,7.35,272916.93,7.35
2021-04-14 00:00:00,7.31,7.33,7.13,7.27,154433.27,7.27
2021-04-15 00:00:00,7.20,7.50,7.06,7.19,216686.20,7.19
2021-04-16 00:00:00,7.15,7.46,7.07,7.38,268512.71,7.38
2021-04-19 00:00:00,7.30,7.44,7.30,7.41,176409.42,7.41
2021-04-20 00:00:00,7.39,7.46,7.16,7.19,200478.28,7.19
2021-04-21 00:00:00,7.14,7.35,7.10,7.21,137998.12,7.21
2021-04-22 00:00:00,7.18,7.39,7.16,7.29,158868.00,7.29
2021-04-23 00:00:00,7.29,7.32,7.14,7.15,136327.13,7.15
2021-04-26 00:00:00,7.03,7.03,6.66,6.80,243764.29,6.80
2021-04-27 00:00:00,6.77,6.84,6.58,6.66,127861.00,6.66
2021-04-28 00:00:00,6.66,6.71,6.54,6.58,93496.80,6.58
2021-04-29 00:00:00,6.62,6.82,6.60,6.75,120682.21,6.75
2021-04-30 00:00:00,6.72,6.79,6.63,6.69,77082.24,6.69
2021-05-06 00:00:00,6.67,6.82,6.67,6.80,79720.00,6.80
2021-05-07 00:00:00,6.79,6.95,6.73,6.84,106680.16,6.84
2021-05-10 00:00:00,6.87,6.95,6.71,6.91,183336.92,6.91
2021-05-11 00:00:00,6.86,7.14,6.82,6.96,177257.49,6.96
2021-05-12 00:00:00,6.96,7.20,6.82,7.09,175393.43,7.09
2021-05-13 00:00:00,7.08,7.23,7.04,7.11,178144.67,7.11
2021-05-14 00:00:00,7.19,7.19,7.03,7.10,134325.81,7.10
2021-05-17 00:00:00,7.08,7.12,6.90,6.94,124461.03,6.94
2021-05-18 00:00:00,6.81,7.48,6.80,7.33,336122.18,7.33
2021-05-19 00:00:00,7.29,7.46,7.29,7.32,181972.62,7.32
2021-05-20 00:00:00,7.33,7.40,7.08,7.10,146620.11,7.10
2021-05-21 00:00:00,7.15,7.30,7.09,7.10,106764.00,7.10
2021-05-24 00:00:00,7.09,7.64,7.08,7.60,333213.88,7.60
2021-05-25 00:00:00,7.62,7.66,7.45,7.56,183872.13,7.56
2021-05-26 00:00:00,7.58,7.82,7.50,7.52,179299.69,7.52
2021-05-27 00:00:00,7.51,7.80,7.51,7.74,192321.77,7.74
2021-05-28 00:00:00,7.75,8.88,7.70,8.70,610169.88,8.70
2021-05-31 00:00:00,8.95,10.44,8.95,10.44,994185.46,10.44
2021-06-01 00:00:00,10.88,12.12,10.03,11.28,1224074.36,11.28
2021-06-02 00:00:00,10.85,11.60,10.69,10.94,870190.22,10.94
2021-06-03 00:00:00,10.87,11.99,10.82,11.03,913859.78,11.03
2021-06-04 00:00:00,10.87,11.36,10.10,10.30,951448.27,10.30
2021-06-07 00:00:00,10.51,12.36,10.36,12.36,1249417.72,12.36
2021-06-08 00:00:00,12.70,13.40,12.21,12.63,1414820.08,12.63
2021-06-09 00:00:00,12.46,12.80,11.91,12.14,851840.86,12.14
2021-06-10 00:00:00,12.06,13.31,12.06,12.85,1089328.16,12.85
2021-06-11 00:00:00,12.41,12.57,11.87,12.21,844174.96,12.21
2021-06-15 00:00:00,12.66,14.65,12.48,14.65,906625.97,14.65
2021-06-16 00:00:00,15.58,16.80,14.48,14.94,1420698.24,14.94
2021-06-17 00:00:00,14.97,16.27,14.03,16.02,1138990.38,16.02
2021-06-18 00:00:00,15.71,16.68,15.50,15.51,800256.47,15.51
2021-06-21 00:00:00,15.25,16.15,14.70,15.82,667395.54,15.82
2021-06-22 00:00:00,15.90,16.08,14.72,15.27,607173.14,15.27
2021-06-23 00:00:00,15.00,17.46,14.88,15.30,817760.90,15.30
2021-06-24 00:00:00,15.07,15.37,14.08,14.08,719638.98,14.08
2021-06-25 00:00:00,13.80,14.41,13.68,14.21,496715.86,14.21
2021-06-28 00:00:00,14.10,15.84,13.85,15.40,670319.42,15.40
2021-06-29 00:00:00,15.70,16.45,15.10,15.47,560801.76,15.47
2021-06-30 00:00:00,15.60,16.88,15.56,15.98,679005.25,15.98
2021-07-01 00:00:00,15.70,15.86,14.60,14.87,555690.67,14.87
2021-07-02 00:00:00,14.84,17.50,14.70,16.43,1004459.38,16.43
2021-07-05 00:00:00,17.02,17.38,15.80,16.85,781668.10,16.85
2021-07-06 00:00:00,16.90,18.86,16.22,18.05,945007.86,18.05
2021-07-07 00:00:00,17.49,18.54,16.88,18.31,718963.56,18.31
2021-07-08 00:00:00,18.38,19.27,17.88,18.02,626210.93,18.02
2021-07-09 00:00:00,17.84,18.62,17.19,18.38,653676.36,18.38
2021-07-12 00:00:00,18.18,22.06,18.15,22.06,1077723.13,22.06
2021-07-20 00:00:00,22.74,26.47,22.07,26.47,942982.51,26.47
2021-07-21 00:00:00,29.10,31.76,27.26,31.76,1063322.32,31.76
2021-07-22 00:00:00,33.50,33.93,30.55,32.85,964723.74,32.85
2021-07-23 00:00:00,32.50,33.16,30.00,31.56,833354.87,31.56
2021-07-26 00:00:00,31.00,32.20,28.91,31.62,808630.25,31.62
2021-07-27 00:00:00,31.95,37.94,30.50,35.02,1267773.66,35.02
2021-07-28 00:00:00,32.90,38.20,29.80,35.05,915655.42,35.05
2021-07-29 00:00:00,35.80,42.06,34.36,42.06,1029923.92,42.06
2021-07-30 00:00:00,41.50,42.26,38.60,40.00,902579.13,40.00
2021-08-02 00:00:00,39.00,40.91,37.00,39.90,784705.64,39.90
2021-08-03 00:00:00,39.00,39.30,32.20,34.00,965389.70,34.00
2021-08-04 00:00:00,33.50,34.72,32.40,33.90,769030.72,33.90
2021-08-05 00:00:00,33.38,34.25,31.34,31.84,796776.92,31.84
2021-08-06 00:00:00,32.62,33.32,31.83,32.79,543861.83,32.79
2021-08-09 00:00:00,31.89,34.30,31.02,33.40,660200.09,33.40
2021-08-10 00:00:00,35.52,35.97,29.10,29.49,1106474.21,29.49
2021-08-11 00:00:00,29.51,30.22,27.98,29.50,795617.57,29.50
2021-08-12 00:00:00,29.40,30.15,28.58,28.81,602426.77,28.81
2021-08-13 00:00:00,29.21,29.79,28.23,28.90,480851.59,28.90
2021-08-16 00:00:00,28.50,32.50,28.46,30.75,778905.96,30.75
2021-08-17 00:00:00,30.00,32.50,29.00,31.24,634730.36,31.24
2021-08-18 00:00:00,31.27,33.50,30.15,32.53,658567.12,32.53
2021-08-19 00:00:00,32.00,33.05,30.00,30.57,563274.58,30.57
2021-08-20 00:00:00,30.00,30.01,26.63,28.65,803341.82,28.65
2021-08-23 00:00:00,28.01,28.85,27.35,28.42,452892.16,28.42
2021-08-24 00:00:00,28.07,29.90,27.51,29.41,499644.70,29.41
2021-08-25 00:00:00,29.02,29.90,28.10,28.60,347754.50,28.60
2021-08-26 00:00:00,28.40,28.94,27.00,27.28,373782.74,27.28
2021-08-27 00:00:00,27.00,27.75,26.45,27.34,351375.91,27.34
2021-08-30 00:00:00,27.30,29.58,27.18,27.84,497927.21,27.84
2021-08-31 00:00:00,27.91,28.87,27.10,27.88,330434.41,27.88
2021-09-01 00:00:00,27.38,27.68,25.48,26.62,361402.37,26.62
2021-09-02 00:00:00,27.03,27.57,26.50,26.87,239895.51,26.87
2021-09-03 00:00:00,26.55,32.24,26.50,31.85,879820.80,31.85
2021-09-06 00:00:00,31.30,36.22,29.89,33.46,888941.34,33.46
2021-09-07 00:00:00,32.50,35.88,32.30,33.18,663665.22,33.18
2021-09-08 00:00:00,33.38,34.56,32.00,32.16,551264.16,32.16
2021-09-09 00:00:00,31.00,32.00,30.00,30.90,440569.34,30.90
2021-09-10 00:00:00,31.37,34.56,30.35,33.21,643435.74,33.21
2021-09-13 00:00:00,33.11,35.10,31.70,31.84,556238.94,31.84
2021-09-14 00:00:00,31.64,34.02,31.43,32.83,549751.19,32.83
2021-09-15 00:00:00,32.22,32.64,31.10,31.17,414135.07,31.17
2021-09-16 00:00:00,31.00,32.01,29.08,29.15,370956.70,29.15
2021-09-17 00:00:00,29.15,29.78,28.17,29.26,360441.43,29.26
2021-09-22 00:00:00,28.90,30.62,28.77,29.98,310160.08,29.98
2021-09-23 00:00:00,29.99,31.67,29.47,30.49,399556.00,30.49
2021-09-24 00:00:00,30.00,30.59,28.98,29.01,279495.62,29.01
2021-09-27 00:00:00,29.20,30.19,26.51,26.83,407505.61,26.83
2021-09-28 00:00:00,26.47,28.48,26.40,27.90,290448.99,27.90
2021-09-29 00:00:00,27.53,27.82,25.80,26.57,294964.68,26.57
2021-09-30 00:00:00,26.90,28.38,26.79,28.11,259692.66,28.11
2021-10-08 00:00:00,28.83,28.95,27.71,27.82,198046.78,27.82
2021-10-11 00:00:00,28.18,29.35,27.51,28.50,238336.45,28.50
2021-10-12 00:00:00,28.07,29.02,26.85,27.74,266157.65,27.74
2021-10-13 00:00:00,28.80,30.52,28.00,30.46,493691.38,30.46
2021-10-14 00:00:00,29.90,30.30,28.95,29.27,335415.87,29.27
2021-10-15 00:00:00,29.02,31.50,28.61,30.67,491598.91,30.67
2021-10-18 00:00:00,30.21,30.80,29.56,30.55,311413.70,30.55
2021-10-19 00:00:00,30.42,30.42,28.58,29.00,411723.51,29.00
2021-10-20 00:00:00,28.80,29.48,28.49,28.59,243906.81,28.59
2021-10-21 00:00:00,28.55,29.10,27.64,28.71,291358.30,28.71
2021-10-22 00:00:00,28.80,29.69,28.78,28.79,309542.86,28.79
2021-10-25 00:00:00,28.20,28.20,27.38,27.91,298523.49,27.91
2021-10-26 00:00:00,28.12,28.23,26.85,27.03,373006.62,27.03
2021-10-27 00:00:00,26.86,27.20,26.05,26.27,315221.61,26.27
2021-10-28 00:00:00,26.47,26.77,25.70,25.70,239413.80,25.70
2021-10-29 00:00:00,25.65,26.23,25.58,25.91,220262.84,25.91
2021-11-01 00:00:00,25.78,26.36,25.63,26.05,175982.08,26.05
2021-11-02 00:00:00,26.04,27.88,26.00,26.80,425640.31,26.80
2021-11-03 00:00:00,27.19,27.25,25.88,26.15,252070.27,26.15
2021-11-04 00:00:00,26.18,26.78,26.01,26.15,203584.78,26.15
2021-11-05 00:00:00,26.50,26.98,25.37,25.37,279143.59,25.37
2021-11-08 00:00:00,24.60,24.60,22.70,23.00,497334.87,23.00
2021-11-09 00:00:00,23.06,23.68,22.68,23.34,294891.20,23.34
2021-11-10 00:00:00,23.83,25.64,23.50,24.86,472333.39,24.86
2021-11-11 00:00:00,24.36,26.38,24.00,25.77,497223.73,25.77
2021-11-12 00:00:00,25.37,25.93,25.07,25.74,315555.59,25.74
2021-11-15 00:00:00,25.74,26.09,24.75,24.94,265512.57,24.94
2021-11-16 00:00:00,24.96,25.18,24.56,25.03,219194.81,25.03
2021-11-17 00:00:00,24.81,25.71,24.66,25.42,193186.54,25.42
2021-11-18 00:00:00,25.43,25.63,24.58,24.60,196984.61,24.60
2021-11-19 00:00:00,24.60,25.01,24.40,24.59,158717.35,24.59
2021-11-22 00:00:00,24.59,26.26,24.49,25.86,398546.58,25.86
2021-11-23 00:00:00,25.66,26.70,25.49,25.52,337933.02,25.52
2021-11-24 00:00:00,25.84,26.10,25.28,25.58,236913.47,25.58
2021-11-25 00:00:00,25.32,30.00,25.01,28.78,771716.02,28.78
2021-11-26 00:00:00,28.00,29.04,26.77,28.20,595758.90,28.20
2021-11-29 00:00:00,27.26,27.87,27.13,27.53,290690.11,27.53
2021-11-30 00:00:00,27.68,29.15,27.38,28.49,481253.01,28.49
2021-12-01 00:00:00,28.20,29.77,27.94,28.60,449294.61,28.60
2021-12-02 00:00:00,28.42,29.38,27.66,29.20,440206.00,29.20
2021-12-03 00:00:00,30.86,31.79,28.53,28.53,630510.46,28.53
2021-12-06 00:00:00,28.00,29.96,27.37,28.70,540518.47,28.70
2021-12-07 00:00:00,28.79,30.48,28.25,29.89,596700.97,29.89
2021-12-08 00:00:00,29.99,32.38,29.32,31.90,814003.63,31.90
2021-12-09 00:00:00,32.00,32.43,30.32,30.38,611736.39,30.38
2021-12-10 00:00:00,30.00,31.14,29.28,30.95,453377.58,30.95
2021-12-13 00:00:00,30.80,31.48,30.05,30.23,386217.10,30.23
2021-12-14 00:00:00,29.89,29.89,28.60,28.65,451485.53,28.65
2021-12-15 00:00:00,28.50,29.37,28.35,28.64,237829.02,28.64
2021-12-16 00:00:00,28.64,29.30,28.50,28.56,236287.17,28.56
2021-12-17 00:00:00,28.38,28.40,26.47,27.08,426401.27,27.08
2021-12-20 00:00:00,26.99,27.35,26.52,26.54,199782.27,26.54
2021-12-21 00:00:00,26.81,27.08,26.38,26.79,146161.11,26.79
2021-12-22 00:00:00,26.88,27.58,26.55,27.50,258500.03,27.50
2021-12-23 00:00:00,27.31,27.39,26.34,26.35,239762.92,26.35
2021-12-24 00:00:00,26.35,26.56,24.80,24.88,297590.72,24.88
2021-12-27 00:00:00,24.88,25.38,24.39,24.58,172439.80,24.58
2021-12-28 00:00:00,24.76,25.24,24.70,25.13,160129.00,25.13
2021-12-29 00:00:00,24.93,25.13,24.59,25.00,144997.41,25.00
2021-12-30 00:00:00,25.01,25.51,24.88,25.07,167742.53,25.07
2021-12-31 00:00:00,25.08,25.38,24.79,24.98,162706.96,24.98
2022-01-04 00:00:00,25.04,25.47,24.23,25.14,209565.50,25.14
2022-01-05 00:00:00,25.30,25.30,23.30,23.70,244745.72,23.70
2022-01-06 00:00:00,23.67,24.32,23.49,23.99,150799.34,23.99
2022-01-07 00:00:00,24.13,24.28,23.42,23.45,144178.90,23.45
2022-01-10 00:00:00,23.43,23.77,22.89,23.58,109983.38,23.58
2022-01-11 00:00:00,23.50,23.74,22.89,22.91,106586.00,22.91
2022-01-12 00:00:00,23.10,23.58,23.10,23.51,111277.50,23.51
2022-01-13 00:00:00,23.51,23.73,23.11,23.11,108191.44,23.11
2022-01-14 00:00:00,23.12,23.36,22.81,23.11,88138.13,23.11
2022-01-17 00:00:00,23.45,24.48,23.21,24.25,226782.73,24.25
2022-01-18 00:00:00,24.36,24.85,23.83,24.16,222372.04,24.16
2022-01-19 00:00:00,23.92,23.96,23.15,23.23,142058.02,23.23
2022-01-20 00:00:00,23.23,23.49,20.35,20.70,381984.04,20.70
2022-01-21 00:00:00,21.05,21.68,20.73,20.88,233153.79,20.88
2022-01-24 00:00:00,20.48,21.80,20.37,21.46,165496.04,21.46
2022-01-25 00:00:00,21.27,21.57,20.70,20.71,134017.41,20.71
2022-01-26 00:00:00,20.77,21.17,20.30,20.60,120077.11,20.60
2022-01-27 00:00:00,20.70,20.71,19.70,19.73,132880.02,19.73
2022-01-28 00:00:00,20.12,20.34,19.20,19.75,200663.87,19.75
2022-02-07 00:00:00,20.28,20.56,19.83,19.94,131604.00,19.94
2022-02-08 00:00:00,19.94,20.11,19.50,19.96,125653.02,19.96
2022-02-09 00:00:00,20.08,21.18,19.93,21.15,272042.87,21.15
2022-02-10 00:00:00,21.20,21.26,20.49,20.61,193509.01,20.61
2022-02-11 00:00:00,20.49,20.97,20.42,20.60,151713.00,20.60
2022-02-14 00:00:00,20.43,20.65,19.75,20.15,138893.87,20.15
2022-02-15 00:00:00,20.52,22.36,20.31,21.38,336935.49,21.38
2022-02-16 00:00:00,21.25,21.70,21.03,21.21,228441.99,21.21
2022-02-17 00:00:00,20.90,21.86,20.89,21.37,220466.99,21.37
2022-02-18 00:00:00,21.15,21.33,21.07,21.26,119786.04,21.26
2022-02-21 00:00:00,21.25,21.64,21.12,21.50,148514.12,21.50
2022-02-22 00:00:00,21.29,21.29,20.40,20.86,186931.88,20.86
2022-02-23 00:00:00,21.02,21.97,20.90,21.82,283761.87,21.82
2022-02-24 00:00:00,21.80,22.45,20.73,21.23,344754.10,21.23
2022-02-25 00:00:00,21.60,21.96,21.17,21.38,187324.11,21.38
2022-02-28 00:00:00,21.40,21.75,20.97,21.43,138178.76,21.43
2022-03-01 00:00:00,21.75,21.93,21.22,21.50,134413.08,21.50
2022-03-02 00:00:00,21.20,21.30,21.02,21.18,116720.03,21.18
2022-03-03 00:00:00,21.26,21.42,20.73,20.73,125542.61,20.73
2022-03-04 00:00:00,20.48,21.32,20.46,20.72,134954.02,20.72
2022-03-07 00:00:00,20.60,20.60,19.74,19.85,169530.68,19.85
2022-03-08 00:00:00,19.90,20.20,19.12,19.67,151608.27,19.67
2022-03-09 00:00:00,19.91,20.10,18.55,19.35,156055.00,19.35
2022-03-10 00:00:00,19.75,19.98,19.52,19.54,124949.00,19.54
2022-03-11 00:00:00,19.14,19.95,18.79,19.91,163401.87,19.91
2022-03-14 00:00:00,19.99,20.38,19.59,19.88,195231.30,19.88
2022-03-15 00:00:00,19.98,20.03,18.68,18.74,186743.71,18.74
2022-03-16 00:00:00,19.00,19.24,17.69,19.03,256312.24,19.03
2022-03-17 00:00:00,19.42,20.15,19.30,19.54,284138.49,19.54
2022-03-18 00:00:00,19.30,19.49,18.90,19.18,158744.00,19.18
2022-03-21 00:00:00,19.18,19.34,18.80,19.25,151452.00,19.25
2022-03-22 00:00:00,19.28,19.57,18.96,19.21,141530.00,19.21
2022-03-23 00:00:00,19.16,19.40,19.09,19.30,117898.00,19.30
2022-03-24 00:00:00,19.10,19.15,18.55,18.75,138326.00,18.75
2022-03-25 00:00:00,18.90,19.39,18.60,18.60,126230.00,18.60
2022-03-28 00:00:00,18.92,18.92,18.21,18.33,130713.00,18.33
2022-03-29 00:00:00,18.45,18.50,17.79,17.90,130964.14,17.90
2022-03-30 00:00:00,18.00,18.73,17.92,18.54,169837.66,18.54
2022-03-31 00:00:00,18.61,18.88,18.27,18.77,159498.78,18.77
2022-04-01 00:00:00,18.70,21.98,18.50,20.10,498261.03,20.10
2022-04-06 00:00:00,20.11,20.66,19.51,20.34,358686.01,20.34
2022-04-07 00:00:00,20.00,20.48,19.54,19.65,244212.40,19.65
2022-04-08 00:00:00,19.78,21.40,19.78,20.54,430605.15,20.54
2022-04-11 00:00:00,20.10,20.99,20.00,20.36,340483.01,20.36
2022-04-12 00:00:00,20.11,20.64,19.66,20.63,272029.86,20.63
2022-04-13 00:00:00,20.72,21.86,20.45,20.98,449147.74,20.98
2022-04-14 00:00:00,21.11,21.60,20.50,20.82,340385.78,20.82
2022-04-15 00:00:00,20.32,20.35,18.50,18.56,373050.35,18.56
2022-04-18 00:00:00,18.00,19.02,17.71,18.66,190149.51,18.66
2022-04-19 00:00:00,18.30,18.67,17.80,17.92,216457.52,17.92
2022-04-20 00:00:00,17.95,18.22,17.33,17.40,186502.83,17.40
2022-04-21 00:00:00,17.43,17.58,16.42,16.51,177360.66,16.51
2022-04-22 00:00:00,16.47,16.63,15.94,16.10,147523.79,16.10
2022-04-25 00:00:00,15.61,15.70,14.10,14.14,243614.43,14.14
2022-04-26 00:00:00,14.04,14.44,13.48,13.50,188911.89,13.50
2022-04-27 00:00:00,13.23,14.51,13.03,14.46,257833.99,14.46
2022-04-28 00:00:00,14.30,14.43,13.85,13.91,158327.92,13.91
2022-04-29 00:00:00,14.25,14.68,14.07,14.52,171915.00,14.52
2022-05-05 00:00:00,14.50,14.88,14.38,14.66,159310.88,14.66
2022-05-06 00:00:00,14.20,15.88,14.07,14.90,277484.99,14.90
2022-05-09 00:00:00,14.60,15.20,14.60,15.06,154496.00,15.06
2022-05-10 00:00:00,14.84,15.95,14.80,15.54,286701.54,15.54
2022-05-11 00:00:00,15.35,16.19,15.35,15.60,307519.19,15.60
2022-05-12 00:00:00,15.42,16.02,15.37,15.75,202138.06,15.75
2022-05-13 00:00:00,15.90,15.90,15.56,15.65,137957.00,15.65
2022-05-16 00:00:00,15.73,16.06,15.50,15.65,141498.00,15.65
2022-05-17 00:00:00,15.61,15.95,15.46,15.85,160517.00,15.85
2022-05-18 00:00:00,16.06,16.55,15.78,15.80,218277.00,15.80
2022-05-19 00:00:00,15.38,16.21,15.03,15.95,188669.00,15.95
2022-05-20 00:00:00,15.95,16.15,15.87,16.14,154314.00,16.14
2022-05-23 00:00:00,16.35,16.57,16.13,16.37,165873.02,16.37
2022-05-24 00:00:00,16.27,16.42,15.35,15.36,184797.06,15.36
2022-05-25 00:00:00,15.50,15.70,15.41,15.60,108160.00,15.60
2022-05-26 00:00:00,15.80,15.82,15.14,15.38,122891.00,15.38
2022-05-27 00:00:00,15.41,15.88,15.12,15.27,120199.00,15.27
2022-05-30 00:00:00,15.37,15.58,15.17,15.24,105378.20,15.24
2022-05-31 00:00:00,15.20,15.56,14.90,15.51,156396.08,15.51
2022-06-01 00:00:00,15.51,15.85,15.34,15.65,135336.00,15.65
2022-06-02 00:00:00,15.69,16.00,15.55,15.96,192931.02,15.96
2022-06-06 00:00:00,16.08,16.41,15.94,16.35,196313.00,16.35
2022-06-07 00:00:00,16.48,16.70,15.85,16.04,211623.95,16.04
2022-06-08 00:00:00,15.90,16.28,15.61,16.02,152722.00,16.02
2022-06-09 00:00:00,16.17,16.34,15.26,15.32,218935.02,15.32
2022-06-10 00:00:00,15.17,15.57,15.12,15.55,196095.55,15.55
2022-06-13 00:00:00,15.40,16.14,15.29,15.77,202494.00,15.77
2022-06-14 00:00:00,15.61,15.65,14.89,15.60,207074.55,15.60
2022-06-15 00:00:00,15.60,16.84,15.59,16.39,499162.55,16.39
2022-06-16 00:00:00,16.40,16.84,16.20,16.55,341182.32,16.55
2022-06-17 00:00:00,16.39,16.49,16.07,16.46,238873.00,16.46
2022-06-20 00:00:00,16.50,16.74,16.36,16.60,232197.61,16.60
2022-06-21 00:00:00,16.60,17.22,16.24,16.80,304079.16,16.80
2022-06-22 00:00:00,16.80,16.82,16.10,16.11,240855.02,16.11
2022-06-23 00:00:00,16.01,16.84,16.01,16.65,313839.00,16.65
2022-06-24 00:00:00,16.66,17.08,16.60,17.01,289166.94,17.01
2022-06-27 00:00:00,16.92,17.33,16.70,17.33,328831.27,17.33
2022-06-28 00:00:00,17.20,18.11,16.97,18.07,453835.93,18.07
2022-06-29 00:00:00,17.81,19.88,17.81,18.57,650802.27,18.57
2022-06-30 00:00:00,18.70,19.37,18.56,18.58,429052.23,18.58
2022-07-01 00:00:00,18.43,18.92,18.28,18.75,295962.73,18.75
2022-07-04 00:00:00,18.59,18.59,17.60,17.97,293948.46,17.97
2022-07-05 00:00:00,17.88,18.19,17.33,17.65,241663.35,17.65
2022-07-06 00:00:00,17.54,18.05,17.38,17.63,208242.25,17.63
2022-07-07 00:00:00,17.58,17.82,17.18,17.62,169671.40,17.62
2022-07-08 00:00:00,17.68,18.09,17.53,17.67,201346.15,17.67
2022-07-11 00:00:00,17.61,17.77,16.98,17.04,181352.36,17.04
2022-07-12 00:00:00,17.05,17.14,16.38,16.39,170172.16,16.39
2022-07-13 00:00:00,16.50,16.68,16.16,16.32,117201.76,16.32
2022-07-14 00:00:00,16.34,16.60,16.24,16.59,149782.00,16.59
2022-07-15 00:00:00,16.60,17.65,16.60,17.20,298433.23,17.20
2022-07-18 00:00:00,17.00,17.40,16.81,17.30,164022.00,17.30
2022-07-19 00:00:00,17.43,18.06,17.43,17.85,229718.51,17.85
2022-07-20 00:00:00,17.77,18.34,17.61,17.62,242785.82,17.62
2022-07-21 00:00:00,17.43,18.18,17.29,17.80,236833.02,17.80
2022-07-22 00:00:00,17.80,17.85,17.05,17.28,201158.39,17.28
2022-07-25 00:00:00,17.11,17.29,16.72,16.78,119069.50,16.78
2022-07-26 00:00:00,16.78,17.99,16.75,17.86,218301.04,17.86
2022-07-27 00:00:00,17.73,18.01,17.60,17.92,162368.02,17.92
2022-07-28 00:00:00,18.05,18.48,17.78,17.80,246246.72,17.80
2022-07-29 00:00:00,17.72,17.85,17.37,17.40,160246.17,17.40
2022-08-01 00:00:00,17.41,17.65,16.97,17.64,132338.00,17.64
2022-08-02 00:00:00,17.40,17.42,16.50,16.74,215835.25,16.74
2022-08-03 00:00:00,16.61,17.84,16.61,17.30,293014.02,17.30
2022-08-04 00:00:00,17.57,17.85,17.30,17.78,239433.28,17.78
2022-08-05 00:00:00,18.09,19.50,18.01,18.77,586190.16,18.77
2022-08-08 00:00:00,18.51,19.10,18.28,18.82,383123.69,18.82
2022-08-09 00:00:00,18.58,19.06,18.31,19.05,316236.57,19.05
2022-08-10 00:00:00,18.80,19.42,18.68,18.85,395968.64,18.85
2022-08-11 00:00:00,18.90,19.47,18.81,19.02,339189.79,19.02
2022-08-12 00:00:00,19.25,20.23,19.23,19.27,471492.56,19.27
2022-08-15 00:00:00,19.48,19.73,18.86,18.98,328697.60,18.98
2022-08-16 00:00:00,18.51,18.83,18.11,18.42,310762.11,18.42
2022-08-17 00:00:00,18.37,18.41,18.06,18.15,203382.48,18.15
2022-08-18 00:00:00,18.16,18.50,17.97,18.47,242817.05,18.47
2022-08-19 00:00:00,18.35,18.81,17.80,17.86,258447.99,17.86
2022-08-22 00:00:00,17.60,18.14,17.34,18.13,138229.90,18.13
2022-08-23 00:00:00,18.13,18.30,17.81,18.02,131613.57,18.02
2022-08-24 00:00:00,17.84,18.01,17.38,17.40,137079.25,17.40
2022-08-25 00:00:00,17.42,17.53,16.81,17.01,130620.95,17.01
2022-08-26 00:00:00,17.19,17.25,16.56,16.56,117242.00,16.56
2022-08-29 00:00:00,16.19,16.75,16.10,16.59,69918.20,16.59
2022-08-30 00:00:00,16.59,16.82,16.37,16.65,76268.00,16.65
2022-08-31 00:00:00,16.54,16.67,16.07,16.08,90013.00,16.08
2022-09-01 00:00:00,16.11,16.46,16.07,16.07,71790.73,16.07
2022-09-02 00:00:00,16.25,16.53,16.15,16.53,86387.61,16.53
2022-09-05 00:00:00,16.36,16.60,16.22,16.50,63195.00,16.50
2022-09-06 00:00:00,16.53,16.73,16.50,16.72,71654.00,16.72
2022-09-07 00:00:00,16.77,17.21,16.70,16.87,111630.22,16.87
2022-09-08 00:00:00,16.86,16.86,16.26,16.27,93099.63,16.27
2022-09-09 00:00:00,16.37,16.61,16.20,16.46,60919.39,16.46
2022-09-13 00:00:00,16.56,16.80,16.39,16.41,52340.10,16.41
2022-09-14 00:00:00,16.09,16.33,15.98,16.16,60573.97,16.16
2022-09-15 00:00:00,16.10,16.25,15.31,15.57,106071.90,15.57
2022-09-16 00:00:00,15.50,15.75,15.13,15.15,84086.02,15.15
2022-09-19 00:00:00,15.10,15.27,14.61,14.62,86152.00,14.62
2022-09-20 00:00:00,14.69,14.87,14.66,14.74,54131.39,14.74
2022-09-21 00:00:00,14.66,14.85,14.40,14.79,59807.96,14.79
2022-09-22 00:00:00,14.70,14.95,14.61,14.61,59323.18,14.61
2022-09-23 00:00:00,14.69,14.74,14.00,14.17,85606.29,14.17
2022-09-26 00:00:00,14.10,14.29,13.95,13.96,53804.87,13.96
2022-09-27 00:00:00,13.88,14.31,13.88,14.31,70905.00,14.31
2022-09-28 00:00:00,14.30,14.30,13.72,13.74,67385.43,13.74
2022-09-29 00:00:00,13.86,13.97,13.49,13.59,60908.73,13.59
2022-09-30 00:00:00,13.59,13.73,13.35,13.37,50285.00,13.37
2022-10-10 00:00:00,13.39,13.50,12.66,12.71,86745.00,12.71
2022-10-11 00:00:00,12.71,12.84,12.59,12.72,57535.79,12.72
2022-10-12 00:00:00,12.68,13.23,12.61,13.20,93418.58,13.20
2022-10-13 00:00:00,13.20,13.75,13.10,13.54,121038.06,13.54
2022-10-14 00:00:00,13.64,13.84,13.55,13.79,107059.96,13.79
2022-10-17 00:00:00,13.69,14.08,13.63,14.03,87531.96,14.03
2022-10-18 00:00:00,14.02,14.11,13.83,14.00,80689.08,14.00
2022-10-19 00:00:00,14.00,14.27,13.91,13.94,92405.00,13.94
2022-10-20 00:00:00,13.83,14.48,13.72,14.22,145789.00,14.22
2022-10-21 00:00:00,14.18,14.27,13.86,13.98,99468.04,13.98
2022-10-24 00:00:00,14.15,14.39,13.83,13.95,102149.04,13.95
2022-10-25 00:00:00,13.42,13.67,12.88,13.45,153597.96,13.45
2022-10-26 00:00:00,13.62,14.03,13.46,13.90,140421.72,13.90
2022-10-27 00:00:00,13.99,14.29,13.83,14.06,125131.53,14.06
2022-10-28 00:00:00,14.22,15.18,14.19,14.42,342270.20,14.42
2022-10-31 00:00:00,14.15,15.15,14.13,14.88,238307.59,14.88
2022-11-01 00:00:00,14.63,15.01,14.60,14.96,186231.08,14.96
2022-11-02 00:00:00,14.90,15.18,14.73,14.82,179662.61,14.82
2022-11-03 00:00:00,14.65,15.08,14.60,15.06,186714.21,15.06
2022-11-04 00:00:00,15.35,15.49,15.05,15.08,218185.06,15.08
2022-11-07 00:00:00,14.90,15.14,14.80,14.83,150497.41,14.83
2022-11-08 00:00:00,14.92,15.06,14.73,14.94,101339.98,14.94
2022-11-09 00:00:00,14.92,14.99,14.68,14.69,93015.77,14.69
2022-11-10 00:00:00,14.61,14.79,14.45,14.50,100423.73,14.50
2022-11-11 00:00:00,14.81,15.00,14.58,14.59,140406.24,14.59
2022-11-14 00:00:00,14.59,14.86,14.40,14.50,100153.18,14.50
2022-11-15 00:00:00,14.45,15.20,14.44,15.16,231794.49,15.16
2022-11-16 00:00:00,15.26,15.27,14.92,15.02,147503.04,15.02
2022-11-17 00:00:00,15.19,16.79,14.96,16.52,470809.18,16.52
2022-11-18 00:00:00,16.20,16.54,15.83,15.87,312348.95,15.87
2022-11-21 00:00:00,15.70,16.14,15.63,15.98,179348.53,15.98
2022-11-22 00:00:00,16.15,17.33,16.13,16.66,446041.38,16.66
2022-11-23 00:00:00,16.31,16.75,15.90,16.04,257324.97,16.04
2022-11-24 00:00:00,15.90,16.04,15.60,15.61,173025.69,15.61
2022-11-25 00:00:00,15.51,16.19,15.40,15.72,170685.34,15.72
2022-11-28 00:00:00,15.20,15.60,15.07,15.12,153793.37,15.12
2022-11-29 00:00:00,15.20,15.58,15.12,15.49,136598.44,15.49
2022-11-30 00:00:00,15.96,16.56,15.79,15.91,260271.76,15.91
2022-12-01 00:00:00,16.00,16.30,15.81,15.90,180751.20,15.90
2022-12-02 00:00:00,15.70,16.08,15.70,15.73,123618.71,15.73
2022-12-05 00:00:00,15.79,16.18,15.55,16.17,164432.76,16.17
2022-12-06 00:00:00,16.20,17.00,16.20,16.69,330626.90,16.69
2022-12-07 00:00:00,16.45,16.69,16.11,16.29,196976.00,16.29
2022-12-08 00:00:00,16.20,16.30,15.83,16.15,150484.82,16.15
2022-12-09 00:00:00,16.25,16.57,16.15,16.17,184823.45,16.17
2022-12-12 00:00:00,15.92,16.47,15.59,16.10,164617.54,16.10
2022-12-13 00:00:00,15.60,15.67,14.82,14.83,303113.89,14.83
2022-12-14 00:00:00,15.16,15.48,14.89,14.96,185914.45,14.96
2022-12-15 00:00:00,14.78,15.48,14.60,15.23,189582.93,15.23
2022-12-16 00:00:00,15.13,15.25,14.63,14.69,147815.83,14.69
2022-12-19 00:00:00,14.62,14.69,14.04,14.10,129112.10,14.10
2022-12-20 00:00:00,14.03,14.37,14.00,14.17,84087.84,14.17
2022-12-21 00:00:00,14.20,14.26,13.78,13.90,85746.00,13.90
2022-12-22 00:00:00,13.95,14.08,13.61,13.66,68943.98,13.66
2022-12-23 00:00:00,13.70,13.85,13.42,13.62,73036.08,13.62
2022-12-26 00:00:00,13.63,14.07,13.60,13.90,92010.61,13.90
2022-12-27 00:00:00,13.92,14.28,13.81,14.28,102272.53,14.28
2022-12-28 00:00:00,14.31,14.35,13.90,13.95,100390.07,13.95
2022-12-29 00:00:00,14.01,14.19,13.86,13.88,73616.26,13.88
2022-12-30 00:00:00,13.92,14.06,13.89,13.95,51791.03,13.95
